Distance,Speed,nGear,X,Y,Driver
0.02696182395200267,276.4857124571429,7,-7664.598412265317,-6565.2756054480105,LEC
15.501403736421958,279.32857051428573,7,-7674.0,-6411.0,LEC
19.17111111111111,280.0,7,-7676.424791583543,-6374.1508124282045,LEC
27.938938709094007,280.93333333333334,7,-7681.0,-6286.0,LEC
47.471111111111114,283.0,7,-7674.554790488317,-6091.423433388945,LEC
48.42045791756717,283.12857142857143,7,-7674.0,-6082.0,LEC
59.60463847192388,284.6392850285714,7,-7667.0,-5971.0,LEC
69.71555555555557,286.0,7,-7660.138521551654,-5870.196101598827,LEC
72.34747119560997,286.0,7,-7658.0,-5844.0,LEC
89.84631852385384,286.0,7,-7639.0,-5670.0,LEC
91.96000000000001,286.0,7,-7636.25872047946,-5648.697691845877,LEC
106.6519756796276,273.1333376,7,-7614.0,-5497.0,LEC
109.96000000000001,270.0,7,-7607.629510200065,-5460.370513790178,LEC
118.50163547170294,251.7,7,-7588.0,-5359.0,LEC
135.50444444444446,209.0,6,-7539.619140940792,-5148.507930472406,LEC
136.1451851122186,207.85,6,-7538.0,-5142.0,LEC
147.90444444444444,186.0,6,-7512.376031801871,-5045.258478535325,LEC
152.15843457758618,176.14285714285714,6,-7502.0,-5009.0,LEC
158.90869111980567,159.0,6,-7482.0,-4942.0,LEC
160.0377777777778,156.0,4,-7478.492878407234,-4930.903827854749,LEC
166.69750534962947,141.38,4,-7457.0,-4868.0,LEC
167.76,139.0,3,-7453.3682314361595,-4858.183979366338,LEC
173.46311519107493,135.2,3,-7433.0,-4807.0,LEC
175.20444444444445,134.0,3,-7426.463848220428,-4791.985203083055,LEC
180.76000000000002,125.0,3,-7402.285973536677,-4745.7610282412525,LEC
181.84332349001994,124.2,3,-7396.0,-4737.0,LEC
187.42666666666668,120.0,3,-7353.511044371359,-4693.307564537806,LEC
193.01854422455378,117.85,3,-7305.0,-4659.0,LEC
195.2266666666667,117.0,3,-7287.707836911157,-4650.178439335167,LEC
201.50640501056847,117.68571428571428,3,-7242.0,-4635.0,LEC
204.40444444444447,118.0,3,-7220.3048617819595,-4628.7373480004835,LEC
213.57062786651613,120.92499931428571,3,-7121.0,-4609.0,LEC
213.8155555555556,121.0,3,-7116.881207321175,-4608.451086512054,LEC
219.279357248249,127.84,3,-7019.0,-4597.0,LEC
221.03777777777782,130.0,3,-6996.128349001303,-4594.503534213452,LEC
227.0377777777778,135.0,3,-6959.3421766459,-4590.9960566471955,LEC
234.2027102187337,146.53332906666665,3,-6932.0,-4589.0,LEC
237.10444444444445,151.0,3,-6915.1340750624695,-4587.5877666204615,LEC
246.0488888888889,161.0,4,-6830.43965174331,-4580.094714996326,LEC
247.57585198136664,162.48499712,4,-6807.0,-4578.0,LEC
255.11007804539955,169.64,4,-6674.0,-4566.0,LEC
255.49333333333337,170.0,4,-6669.00720905918,-4565.533465146924,LEC
268.764532335746,176.04444444444445,4,-6596.0,-4556.0,LEC
273.29333333333335,178.0,4,-6555.012830900951,-4549.258324224449,LEC
289.42690185033365,192.6499968,4,-6354.0,-4515.0,LEC
297.7377777777778,200.0,5,-6279.870812582962,-4499.49327686348,LEC
306.80444444444447,204.0,5,-6217.328804802519,-4483.845840440781,LEC
312.2188150335172,207.09999786666665,5,-6177.0,-4474.0,LEC
320.9377777777778,212.0,5,-6099.382878506101,-4455.468164083215,LEC
322.89876416710604,212.6187488,5,-6073.0,-4449.0,LEC
330.4933333333333,215.0,5,-5935.238732244945,-4414.593948800989,LEC
333.65818180720737,216.4625,5,-5885.0,-4402.0,LEC
350.40444444444444,224.0,5,-5785.953907666014,-4377.447384793069,LEC
356.29081461903803,225.93749866666667,5,-5752.0,-4369.0,LEC
365.67111111111114,229.0,5,-5663.300346906254,-4346.723238521287,LEC
369.0833821223421,229.94642742857144,5,-5629.0,-4338.0,LEC
380.7886225765603,233.16071314285713,5,-5517.0,-4309.0,LEC
383.8711111111112,234.0,6,-5485.037701267434,-4300.687827099343,LEC
399.31003658483536,238.16071314285713,6,-5315.0,-4258.0,LEC
402.46000000000004,239.0,6,-5283.206379399838,-4250.931091713823,LEC
411.44231917723283,240.9395824,6,-5197.0,-4234.0,LEC
429.25607782192515,244.73124906666666,6,-5022.0,-4210.0,LEC
435.26000000000005,246.0,6,-4961.18345596098,-4204.656544045237,LEC
443.016393189231,247.59430641293812,6,-4884.0,-4199.0,LEC
454.7738888888889,250.0,6,-4775.649745252964,-4190.240377782202,LEC
461.1989666236853,251.15723223859834,6,-4706.0,-4178.0,LEC
465.90388888888896,252.0,6,-4646.193309943074,-4163.610511106081,LEC
476.69422769870505,254.11111111111111,6,-4508.0,-4123.0,LEC
491.6038888888889,257.0,6,-4409.1848700969995,-4083.4301958013853,LEC
502.56853476990517,257.9562496,6,-4322.0,-4038.0,LEC
503.0705555555556,258.0,6,-4316.371502487275,-4035.1233674806394,LEC
517.4594444444444,259.0,6,-4114.722753665998,-3933.5090599089112,LEC
521.3061570360105,259.6624992,6,-4073.0,-3913.0,LEC
541.8575746797964,263.1624992,6,-3966.0,-3868.0,LEC
546.7927777777778,264.0,6,-3926.1335782755723,-3853.0380886428347,LEC
556.5187447294433,264.66,6,-3828.0,-3818.0,LEC
575.7527229016445,265.96,6,-3643.0,-3769.0,LEC
576.3483333333334,266.0,7,-3637.8070748798523,-3767.840405743476,LEC
588.3038888888889,269.0,7,-3539.70853173077,-3748.229707032481,LEC
596.70020756553,269.35,7,-3436.0,-3733.0,LEC
610.2067484523924,269.9125,7,-3200.0,-3704.0,LEC
612.3038888888889,270.0,7,-3174.374691456459,-3701.161092301524,LEC
624.3038888888889,270.0,7,-3114.7607078364267,-3696.7174917084994,LEC
634.3162618569754,271.65,7,-3066.0,-3687.0,LEC
636.3927777777777,272.0,7,-3047.7123099580417,-3682.710243721772,LEC
655.9927777777776,252.0,7,-2768.763931129074,-3610.937571102789,LEC
659.6378617012849,249.6812528,7,-2731.0,-3600.0,LEC
666.8816666666665,245.0,7,-2684.28159927139,-3584.170532820257,LEC
678.9467894636911,230.5250048,7,-2642.0,-3557.0,LEC
686.526111111111,221.0,5,-2582.882453222831,-3519.3348040317615,LEC
694.3745509405713,214.3500032,5,-2512.0,-3470.0,LEC
698.2483333333332,211.0,5,-2481.0470044907242,-3444.496746105783,LEC
710.1003821392239,203.0125024,5,-2400.0,-3359.0,LEC
715.9372222222221,199.0,5,-2365.319778255362,-3312.015111017055,LEC
719.8572216896322,197.2,5,-2345.0,-3281.0,LEC
726.7149999999998,194.0,5,-2315.7052491323834,-3227.5194021111984,LEC
729.4598904494293,191.5392886857143,5,-2304.0,-3195.0,LEC
737.4599901678099,184.11071725714285,5,-2269.0,-3057.0,LEC
740.7927777777776,181.0,5,-2259.5721515344057,-3012.234239855882,LEC
748.7483333333331,179.0,5,-2252.903616750322,-2956.8038776994913,LEC
760.7394543287568,173.4,5,-2263.0,-2902.0,LEC
765.8483333333331,171.0,5,-2267.578252382296,-2856.041380071913,LEC
771.2518698022639,171.8071424,5,-2276.0,-2798.0,LEC
779.3038888888887,173.0,5,-2301.066152012381,-2704.717023283325,LEC
781.8616180484183,173.3312496,5,-2310.0,-2678.0,LEC
787.037222222222,174.0,5,-2327.728852365754,-2632.1290583824366,LEC
794.4998856189459,175.4343744,5,-2353.0,-2578.0,LEC
802.7705555555553,177.0,5,-2381.6099542524307,-2521.3185959094303,LEC
812.543720962479,181.1357129142857,5,-2448.0,-2422.0,LEC
817.0038888888887,183.0,5,-2502.233302452758,-2350.9294843043044,LEC
820.7664867427042,183.6083328,5,-2543.0,-2299.0,LEC
829.3372222222221,185.0,5,-2573.6785974834434,-2263.7739391544246,LEC
834.9695000141128,181.04500224,5,-2590.0,-2244.0,LEC
839.226111111111,178.0,5,-2618.5483199692376,-2205.64482851614,LEC
846.8705555555555,172.0,5,-2691.4700792714316,-2103.447113271929,LEC
849.263724088608,169.67164104967677,5,-2709.0,-2077.0,LEC
855.9713888888888,163.0,4,-2736.7071760171293,-2027.1775091202924,LEC
865.0269444444444,163.0,4,-2741.9606233411077,-1988.5734378560817,LEC
866.3697280411783,161.54231703226242,4,-2743.0,-1980.0,LEC
876.1838150405445,150.2570528387104,4,-2747.0,-1884.0,LEC
878.1413888888889,148.0,4,-2742.551898358214,-1856.8135771368684,LEC
885.2750212654619,149.22857142857143,4,-2715.0,-1752.0,LEC
889.8080555555556,150.0,4,-2699.134255858729,-1704.5181647366114,LEC
901.7080555555556,153.0,4,-2660.9591337649654,-1633.493217498074,LEC
904.8955975126313,154.8249984,4,-2647.0,-1611.0,LEC
909.2847131999554,157.3,4,-2625.0,-1576.0,LEC
914.1525,160.0,4,-2599.257497230859,-1537.1221969114013,LEC
919.2887515175858,164.2,4,-2570.0,-1496.0,LEC
921.5302777777778,166.0,4,-2556.3235758650762,-1477.8126430928792,LEC
934.8111248588781,175.71428571428572,4,-2472.0,-1375.0,LEC
935.2191666666665,176.0,4,-2469.631688898056,-1372.296817638813,LEC
945.3844293540702,184.57777493333333,4,-2403.0,-1299.0,LEC
954.4191666666665,192.0,4,-2299.6578910880753,-1185.235684023978,LEC
955.0687519632091,192.3,4,-2294.0,-1179.0,LEC
963.1302777777776,196.0,4,-2261.011660158823,-1142.5984625798374,LEC
970.5589619330087,201.28,4,-2237.0,-1110.0,LEC
974.463611111111,204.0,5,-2209.355819461227,-1072.1295168760705,LEC
985.7256735890061,210.4,5,-2108.0,-932.0,LEC
988.5969444444443,212.0,5,-2090.193907134361,-906.7079790662161,LEC
1000.7636111111109,219.0,5,-2055.091784485423,-852.28726787923,LEC
1010.6302777777776,222.0,5,-2012.986281638886,-790.1087823242535,LEC
1012.7085069525315,222.8249984,5,-1998.0,-769.0,LEC
1020.2823082159342,225.8,5,-1933.0,-679.0,LEC
1023.2413888888887,227.0,5,-1911.7633013696454,-650.224111270864,LEC
1030.9540306776014,215.8625,5,-1868.0,-593.0,LEC
1041.0191666666665,200.0,5,-1804.3780644510828,-512.6062154117707,LEC
1046.6033101392793,183.2,5,-1768.0,-468.0,LEC
1048.8413888888888,176.0,5,-1753.3433928856252,-450.38310880288424,LEC
1058.7577935314707,149.54,5,-1685.0,-371.0,LEC
1060.8469541058325,143.13500672,5,-1670.0,-354.0,LEC
1063.7302777777777,134.0,3,-1645.5665219168538,-327.71560245399735,LEC
1072.0695584055284,116.25500416,3,-1565.0,-248.0,LEC
1075.7302777777777,108.0,2,-1546.8700270454592,-232.25384337748372,LEC
1079.4742901829459,102.1812528,2,-1530.0,-222.0,LEC
1080.2191666666665,101.0,2,-1525.1415842380613,-219.37797974816976,LEC
1084.4858333333332,96.0,2,-1489.0473992893833,-202.93517784369195,LEC
1084.8158085550692,95.48928822857143,2,-1486.0,-202.0,LEC
1091.0969444444443,85.0,2,-1425.6965124788428,-198.71580312550591,LEC
1091.3918387309345,84.6750016,2,-1423.0,-199.0,LEC
1094.6969444444442,81.0,2,-1394.4730076221879,-204.00863498988718,LEC
1098.1039061405404,80.23500032,2,-1359.0,-220.0,LEC
1099.1413888888885,80.0,2,-1344.8722348148738,-228.6683423261069,LEC
1102.0497019232487,79.05000045714286,2,-1304.0,-257.0,LEC
1105.2080555555551,78.0,2,-1280.1074821577515,-276.92003662748584,LEC
1110.2747222222217,76.0,2,-1267.1929849191838,-300.01987987712175,LEC
1110.554099745616,76.2166656,2,-1266.0,-302.0,LEC
1112.7310020942703,77.88333226666667,2,-1255.0,-321.0,LEC
1115.608055555555,80.0,2,-1238.4027230468087,-362.2337799758504,LEC
1118.780673482051,83.75800797335413,2,-1222.0,-412.0,LEC
1122.476944444444,88.0,2,-1209.0604984518136,-457.77085716858363,LEC
1127.5324999999993,91.0,2,-1198.6363152615163,-504.8350164329059,LEC
1130.0574427405202,96.21864046597494,2,-1194.0,-524.0,LEC
1135.8249999999994,107.0,2,-1183.9878773298153,-559.9694529948215,LEC
1141.7754648605064,116.5923076923077,2,-1173.0,-597.0,LEC
1151.0477266055473,129.97692307692307,2,-1147.0,-678.0,LEC
1155.4694444444438,136.0,2,-1120.8948211321185,-744.1051005366274,LEC
1160.207546068362,142.3,2,-1092.0,-814.0,LEC
1169.1583333333326,154.0,3,-1059.5470401257637,-888.1816065743957,LEC
1179.0916666666658,149.0,3,-1032.986515419477,-933.6454529274965,LEC
1181.229980867568,146.3500032,3,-1023.0,-950.0,LEC
1182.8275523125678,144.3500032,3,-1015.0,-963.0,LEC
1185.3583333333324,141.0,3,-1009.0349824924501,-972.04133954496,LEC
1189.721898756961,128.79,3,-1011.0,-966.0,LEC
1196.913888888888,104.0,3,-968.1896471308899,-1027.943766531553,LEC
1197.768419399686,101.3187552,3,-962.0,-1036.0,LEC
1200.9583333333326,91.0,1,-939.9565124320293,-1061.0576076282903,LEC
1203.4861190276818,85.4,1,-922.0,-1078.0,LEC
1206.9472222222214,77.0,1,-894.6578194769512,-1099.106375147784,LEC
1207.598686146247,76.2,1,-888.0,-1103.0,LEC
1210.9472222222214,72.0,1,-843.3850474862845,-1123.4498573607486,LEC
1212.3059911184546,69.84,1,-826.0,-1130.0,LEC
1214.6138888888881,66.0,1,-803.8414395069567,-1136.3207546785598,LEC
1218.002777777777,61.0,1,-787.2247424743686,-1133.656673404976,LEC
1220.0940246530383,57.6750016,1,-774.0,-1127.0,LEC
1221.1138888888881,56.0,1,-765.6990507180412,-1122.4137389800674,LEC
1223.0926031151732,54.3375008,1,-750.0,-1111.0,LEC
1223.677058450615,53.8375008,1,-747.0,-1107.0,LEC
1224.6472222222214,53.0,1,-742.5209817746545,-1099.3916294098965,LEC
1227.4805555555547,51.0,1,-732.8249847335521,-1071.6386451326891,LEC
1227.9403512590072,50.725000533333336,1,-732.0,-1067.0,LEC
1230.116017120389,49.4,1,-731.0,-1045.0,LEC
1230.7472222222214,49.0,1,-731.3417119068174,-1038.4054849133788,LEC
1232.1846406717252,46.8812512,1,-733.0,-1023.0,LEC
1232.7916666666658,46.0,1,-733.9512017005217,-1016.6906608547246,LEC
1236.124999999999,50.0,1,-741.4380628740572,-984.7763202798257,LEC
1236.3152006246069,50.19499904,1,-742.0,-983.0,LEC
1237.7939989449308,51.68,1,-747.0,-969.0,LEC
1242.3472222222213,56.0,1,-772.7018421322632,-917.6089587958128,LEC
1244.2014353550378,58.25999872,1,-783.0,-900.0,LEC
1245.6805555555545,60.0,1,-789.9767365357724,-889.0694846568465,LEC
1250.0805555555546,66.0,1,-808.370246366981,-865.5306725711112,LEC
1251.1085704219731,67.54583146666667,1,-814.0,-859.0,LEC
1254.7949481260375,72.79583146666667,1,-838.0,-832.0,LEC
1254.9472222222212,73.0,1,-839.0385895556385,-830.8492150624563,LEC
1258.5916666666656,82.0,1,-864.325845107932,-803.2047426461843,LEC
1260.309164752853,84.281248,1,-876.0,-791.0,LEC
1262.4583333333321,87.0,1,-889.6205192260214,-777.390093614382,LEC
1264.4154001386141,91.562496,1,-902.0,-765.0,LEC
1269.258333333332,102.0,1,-936.8687035060484,-728.3691941835899,LEC
1272.6097991191493,104.25999872,1,-960.0,-702.0,LEC
1275.147222222221,106.0,2,-975.2473688687626,-682.8587822380397,LEC
1279.5916666666653,100.0,2,-998.0579637073422,-649.5864892497726,LEC
1280.4527433960218,99.29085860004142,2,-1002.0,-643.0,LEC
1287.6265996801403,93.08587135040378,2,-1026.0,-577.0,LEC
1288.8172222222208,92.0,2,-1027.3031983141652,-559.806008188815,LEC
1291.9159288793574,86.2687472,2,-1027.0,-512.0,LEC
1292.5949999999987,85.0,2,-1026.5114527574824,-503.9219906588847,LEC
1296.3049999999987,84.0,2,-1021.3892280856182,-478.0655942738266,LEC
1299.8238182429097,83.65454545454546,2,-1011.0,-459.0,LEC
1305.3441466145284,83.10909090909091,2,-982.0,-413.0,LEC
1306.449444444443,83.0,2,-974.6888234185437,-404.45591429593844,LEC
1309.0309636247641,83.0,2,-956.0,-386.0,LEC
1310.138333333332,83.0,2,-947.4228338254165,-378.2783113993538,LEC
1314.8049999999987,84.0,2,-907.1651827081157,-346.72348992397184,LEC
1317.5635443048166,88.2,2,-877.0,-328.0,LEC
1318.8049999999987,90.0,2,-861.9632470874783,-319.59867030052754,LEC
1329.3049999999987,105.0,2,-734.3885028717227,-258.52945680995134,LEC
1329.7086023061663,105.5958304,2,-731.0,-257.0,LEC
1337.038333333332,116.0,2,-690.7698605140948,-239.66158603827617,LEC
1341.70712338191,121.3625,2,-663.0,-229.0,LEC
1348.26011457124,128.7156224,2,-601.0,-207.0,LEC
1348.5049999999987,129.0,2,-597.9287557553777,-206.04063798228378,LEC
1355.641283179051,121.0125024,2,-496.0,-178.0,LEC
1356.5049999999987,120.0,2,-486.8126605881465,-175.78870889683984,LEC
1362.6161111111098,110.0,2,-450.83701532830594,-170.13920372119676,LEC
1364.7085312992656,106.71500288,2,-437.0,-169.0,LEC
1368.227222222221,101.0,2,-403.4190129374089,-166.58832210026478,LEC
1369.655094939637,100.22,2,-387.0,-168.0,LEC
1373.6716666666653,98.0,2,-333.3224034506388,-184.48419569813933,LEC
1377.690037813496,96.1,2,-285.0,-208.0,LEC
1382.0272222222209,94.0,2,-260.802066779949,-226.48469661524342,LEC
1387.4166298189782,91.3375008,2,-248.0,-255.0,LEC
1388.0938888888875,91.0,2,-245.2625653039027,-260.61146933711933,LEC
1391.390016348018,90.52857142857142,2,-230.0,-292.0,LEC
1395.0938888888875,90.0,2,-216.86646881640078,-324.36892686582604,LEC
1398.441978738561,91.5,2,-207.0,-361.0,LEC
1404.7743805985176,94.22727272727273,2,-190.0,-456.0,LEC
1406.7049999999986,95.0,2,-187.23914587157296,-475.36776599374326,LEC
1416.4827777777764,110.0,2,-185.03265438507287,-527.167087373092,LEC
1416.8860403183726,110.25999872,2,-185.0,-530.0,LEC
1422.8161111111099,114.0,2,-184.6925793109359,-585.4046164772326,LEC
1423.9454136203806,116.4749952,2,-185.0,-600.0,LEC
1431.61611111111,132.0,3,-189.71499606022596,-714.6965760036679,LEC
1432.0806967700566,132.72,3,-190.0,-720.0,LEC
1439.6161111111098,144.0,3,-193.80419235420916,-768.1977363401618,LEC
1444.3770899658837,148.4,3,-197.0,-795.0,LEC
1451.6716666666655,155.0,3,-204.60062218526235,-861.545857930526,LEC
1458.2462909138294,155.0,3,-213.0,-935.0,LEC
1458.5605555555546,155.0,4,-213.38760298053919,-938.3474105072778,LEC
1466.8470434651135,169.41666133333334,4,-223.0,-1021.0,LEC
1470.2272222222211,175.0,4,-226.672639026822,-1053.3053667836678,LEC
1477.1191076244972,183.64499584,4,-234.0,-1119.0,LEC
1480.6716666666657,188.0,4,-237.82851844817623,-1153.600368889597,LEC
1491.125210011892,193.85041654965835,4,-249.0,-1257.0,LEC
1500.1145748981542,198.7257636743736,4,-258.0,-1345.0,LEC
1500.6269444444433,199.0,5,-258.5200058298629,-1350.0117562776481,LEC
1514.5602777777767,209.0,5,-273.226941450504,-1486.9272306055416,LEC
1515.27126201484,209.33855792580655,5,-274.0,-1494.0,LEC
1526.0398234911029,214.38871545806336,5,-286.0,-1600.0,LEC
1533.8774999999991,218.0,5,-295.98427942749026,-1671.200009126587,LEC
1537.0860268252657,219.56,5,-303.0,-1707.0,LEC
1546.3219444444433,224.0,5,-336.7952982540178,-1844.9354147907716,LEC
1553.4601593770647,226.8,5,-362.0,-1939.0,LEC
1569.6219444444432,233.0,6,-389.4705248773125,-2028.3185831747728,LEC
1573.0410577352898,234.08333333333334,6,-397.0,-2050.0,LEC
1585.48861111111,238.0,6,-437.75905279696906,-2167.338652187733,LEC
1590.2978262503125,239.2,6,-454.0,-2213.0,LEC
1601.6219444444434,242.0,6,-491.14806728968364,-2311.8243404086943,LEC
1603.8657987065608,242.68749866666667,6,-502.0,-2339.0,LEC
1617.5342337719705,246.83333333333334,6,-591.0,-2555.0,LEC
1618.0886111111101,247.0,6,-594.1270544142814,-2562.460705026787,LEC
1637.6886111111098,252.0,6,-655.8518873092847,-2702.5927647615254,LEC
1648.977499999999,254.0,6,-682.9168665423305,-2757.4823317514506,LEC
1651.2443590974933,254.4,6,-690.0,-2772.0,LEC
1660.3552777777766,256.0,6,-723.8996592008792,-2841.8698558294145,LEC
1669.8562812960208,258.2,6,-782.0,-2939.0,LEC
1677.68861111111,260.0,6,-857.7637184518705,-3041.5373172020363,LEC
1690.2340399507373,261.84285714285716,6,-992.0,-3205.0,LEC
1698.1441666666658,263.0,7,-1050.517773907643,-3270.0748376942424,LEC
1721.6997222222215,265.0,7,-1157.2334843442225,-3347.4094251221177,LEC
1725.6224580442633,265.6624992,7,-1184.0,-3364.0,LEC
1733.5663888888878,267.0,7,-1249.8702717575306,-3405.103294282525,LEC
1740.5053880329945,267.8718744,7,-1312.0,-3442.0,LEC
1752.4399419845715,269.3625,7,-1420.0,-3498.0,LEC
1757.5663888888878,270.0,7,-1477.3419800108295,-3525.5355576451507,LEC
1772.1848082000845,272.06785645714285,7,-1654.0,-3608.0,LEC
1778.7997222222211,273.0,7,-1713.829424917561,-3636.4644077108146,LEC
1797.1330555555546,275.0,7,-1829.766059000042,-3694.2353492761695,LEC
1802.7537242301892,276.09499904,7,-1873.0,-3716.0,LEC
1812.5774999999987,278.0,7,-1961.51679372373,-3760.5557980562585,LEC
1815.1363837920487,278.2062496,7,-1984.0,-3772.0,LEC
1832.2493757561106,279.5812496,7,-2134.0,-3849.0,LEC
1837.4663888888876,280.0,7,-2202.0580088298607,-3882.62200572444,LEC
1849.3795982766799,280.54642834285715,7,-2372.0,-3965.0,LEC
1859.3219444444433,281.0,7,-2462.887778854061,-4007.9721198712655,LEC
1878.3219444444435,285.0,7,-2558.1340511902563,-4048.3894940142177,LEC
1882.5311911571903,285.22083306666667,7,-2589.0,-4061.0,LEC
1895.2445231073154,285.88749973333336,7,-2706.0,-4108.0,LEC
1897.3886111111103,286.0,7,-2726.5268680338954,-4115.878430508181,LEC
1919.6330555555548,286.0,7,-2937.120453813346,-4189.132324320189,LEC
1922.26769250123,286.4124992,7,-2962.0,-4197.0,LEC
1932.4330555555546,288.0,7,-3058.410660737589,-4225.920789361666,LEC
1935.0768934955345,287.32653182063046,7,-3084.0,-4233.0,LEC
1952.6148546119996,282.85714211078704,7,-3255.0,-4274.0,LEC
1966.6105555555548,279.0,7,-3384.448221953559,-4298.128467476489,LEC
1971.4805200522248,268.6909090909091,7,-3453.0,-4308.0,LEC
1981.3341146378255,245.92499083636363,7,-3642.0,-4332.0,LEC
1993.0105555555547,216.0,7,-3732.212860095921,-4341.410519883493,LEC
1999.8032498583702,199.57366298208643,7,-3765.0,-4344.0,LEC
2008.6061111111103,176.0,7,-3855.3136694445375,-4353.400823117569,LEC
2009.117763365349,174.56666666666666,7,-3861.0,-4354.0,LEC
2016.7682156899514,150.67777777777778,7,-3943.0,-4363.0,LEC
2021.9061111111102,133.0,7,-3996.658680033867,-4371.0096199299105,LEC
2023.0357065610178,131.21250346666667,7,-4008.0,-4373.0,LEC
2029.90611111111,120.0,5,-4072.744711712095,-4387.097891005505,LEC
2030.2848740846332,119.4,5,-4076.0,-4388.0,LEC
2037.9303113790354,106.4,5,-4136.0,-4418.0,LEC
2038.1505555555545,106.0,2,-4137.853084037699,-4419.777911771118,LEC
2044.1717614156498,98.26666666666667,2,-4191.0,-4489.0,LEC
2050.1505555555545,90.0,2,-4221.9563432593095,-4543.225064015813,LEC
2053.9283333333324,85.0,2,-4235.307814874638,-4568.163763560346,LEC
2055.5735056500844,83.56,2,-4243.0,-4579.0,LEC
2058.4283333333324,81.0,2,-4259.25239158028,-4597.653408657593,LEC
2060.478222575666,79.8375008,2,-4273.0,-4610.0,LEC
2063.628333333332,78.0,2,-4297.808759632922,-4626.4573680493395,LEC
2065.1193690617415,75.81000192,2,-4311.0,-4633.0,LEC
2067.628333333332,72.0,2,-4334.792710971479,-4641.564526966023,LEC
2072.52550072816,70.4187504,2,-4384.0,-4650.0,LEC
2073.8505555555544,70.0,2,-4397.311524473393,-4650.941337720405,LEC
2074.0902929570793,70.2,2,-4400.0,-4651.0,LEC
2078.7838888888878,74.0,2,-4471.720903251968,-4645.172372182436,LEC
2080.751441160544,76.3,2,-4496.0,-4642.0,LEC
2083.1727777777764,79.0,2,-4513.893654551143,-4639.002324641081,LEC
2088.4792529084298,86.3218728,2,-4537.0,-4633.0,LEC
2091.1727777777764,90.0,2,-4559.079134792451,-4628.088416493025,LEC
2095.1727777777764,90.0,2,-4603.214073818981,-4617.119407037454,LEC
2096.076287083767,92.22749568,2,-4613.0,-4614.0,LEC
2096.641369895627,93.57749568,2,-4619.0,-4612.0,LEC
2105.069558276582,111.12749568,2,-4696.0,-4601.0,LEC
2108.1727777777764,117.0,2,-4734.600392680795,-4601.435483691427,LEC
2117.803129769198,131.54749632,2,-4856.0,-4609.0,LEC
2123.728333333332,140.0,3,-4886.761675041641,-4613.806924946266,LEC
2126.744867366217,145.0187456,3,-4905.0,-4617.0,LEC
2130.4394444444433,151.0,3,-4937.553645455299,-4621.944576827428,LEC
2136.3663835667294,159.312496,3,-5000.0,-4631.0,LEC
2137.594999999999,161.0,3,-5012.532567791173,-4632.87921732504,LEC
2147.4577213574507,166.9625,3,-5110.0,-4648.0,LEC
2152.70611111111,170.0,4,-5161.602521810933,-4655.922721905205,LEC
2158.3961016017834,175.3361080888889,4,-5217.0,-4664.0,LEC
2168.8912690692764,184.78055253333332,4,-5317.0,-4677.0,LEC
2171.40611111111,187.0,4,-5340.474655762449,-4679.95946369545,LEC
2178.6045903921317,193.6499968,4,-5413.0,-4689.0,LEC
2180.072777777777,195.0,4,-5430.78623545115,-4691.190919782371,LEC
2193.272777777777,198.0,5,-5610.7620519997845,-4713.121893796952,LEC
2193.952139329905,198.55516026879096,5,-5618.0,-4714.0,LEC
2209.7424999999994,211.0,5,-5719.505792799546,-4726.126010784445,LEC
2217.729718819226,215.3666688,5,-5792.0,-4734.0,LEC
2232.0424999999996,223.0,5,-6001.131992614972,-4756.071144055152,LEC
2235.2707258763735,224.2750016,5,-6039.0,-4760.0,LEC
2247.309166666666,229.0,5,-6117.556023051203,-4767.780357729717,LEC
2254.373861427525,229.6937504,5,-6158.0,-4771.0,LEC
2257.5313888888886,230.0,5,-6181.0182162717965,-4772.698394377992,LEC
2272.9409352367443,233.15717581307686,5,-6343.0,-4784.0,LEC
2283.3628039767955,235.3439636491716,5,-6507.0,-4794.0,LEC
2286.3102777777776,236.0,5,-6541.987881322057,-4794.132590715825,LEC
2304.1769444444444,201.0,5,-6609.465407254151,-4783.6022386736195,LEC
2310.121315304128,194.40833706666666,5,-6700.0,-4834.0,LEC
2314.1987291613245,189.8,5,-6794.0,-4889.0,LEC
2316.643611111111,187.0,4,-6837.721559612291,-4915.242395590995,LEC
2330.565833333333,179.0,4,-6877.949893302882,-4958.8538982473065,LEC
2334.1666026649254,179.6,4,-6891.0,-4982.0,LEC
2347.33833929447,181.76666666666668,4,-7001.0,-5131.0,LEC
2348.765833333333,182.0,4,-7010.266534001891,-5144.180115136447,LEC
2356.9880555555555,185.0,4,-7041.578123036954,-5196.106764447294,LEC
2365.143605745841,189.781248,4,-7063.0,-5242.0,LEC
2374.321388888889,195.0,5,-7096.761036316467,-5315.451940714708,LEC
2378.390974416326,197.4333312,5,-7114.0,-5363.0,LEC
2387.8547222222223,203.0,5,-7157.042107233682,-5513.879851539491,LEC
2393.1811578554716,205.62857142857143,5,-7175.0,-5584.0,LEC
2404.265833333333,211.0,5,-7187.465681762878,-5642.954160137358,LEC
2413.41220983337,214.8249984,5,-7192.0,-5683.0,LEC
2416.265833333333,216.0,5,-7195.162924727619,-5705.303130929007,LEC
2425.638127843667,221.7,5,-7208.0,-5805.0,LEC
2426.1324999999997,222.0,5,-7208.562700587216,-5811.079977173167,LEC
2436.0436111111107,223.0,5,-7216.4949840309455,-5948.747497403498,LEC
2448.398568663881,227.8249984,5,-7219.0,-6106.0,LEC
2459.2436111111106,232.0,6,-7216.234408117934,-6186.806747806227,LEC
2472.1880555555554,233.0,6,-7198.584426279565,-6260.511038223597,LEC
2474.2723575274786,233.4,6,-7193.0,-6277.0,LEC
2475.5777139671964,233.65,6,-7189.0,-6288.0,LEC
2493.254722222222,237.0,6,-7048.49980340181,-6475.553351968233,LEC
2495.38594620495,237.5,6,-7032.0,-6499.0,LEC
2514.765833333333,242.0,6,-6939.3656110953025,-6698.64057028153,LEC
2523.8471587343133,244.4937488,6,-6915.0,-6774.0,LEC
2536.810277777777,248.0,6,-6889.719490043415,-6855.3682226728,LEC
2547.6395151936667,249.09285668571428,6,-6872.0,-6921.0,LEC
2556.254722222221,250.0,6,-6856.536337969909,-6986.578342447798,LEC
2600.248062527309,179.29858357775174,6,-6756.0,-7572.0,LEC
2601.537222222221,177.0,5,-6754.479626926985,-7585.932775870746,LEC
2611.8422538569616,165.4499968,5,-6747.0,-7693.0,LEC
2617.437222222221,159.0,4,-6745.717152420112,-7771.81237676576,LEC
2620.428325297073,155.0062464,4,-6746.0,-7812.0,LEC
2624.1038888888875,150.0,4,-6747.443135006451,-7852.336387563174,LEC
2633.7038888888874,144.0,4,-6759.799184977016,-7915.2855185903845,LEC
2637.223769024461,141.13836391914913,4,-6771.0,-7935.0,LEC
2639.843055555554,139.0,4,-6782.050401133679,-7949.626128995275,LEC
2644.1839576943544,139.0,4,-6811.0,-7983.0,LEC
2650.6541666666653,139.0,4,-6886.4800651099895,-8076.855577405907,LEC
2651.1458401188,138.77250112,4,-6891.0,-8084.0,LEC
2665.320833333332,132.0,4,-6895.790812914061,-8230.724797331273,LEC
2665.75539789526,131.97,4,-6895.0,-8234.0,LEC
2679.8763888888875,131.0,4,-6880.9550257228775,-8325.373657331333,LEC
2682.5934758931435,132.520832,4,-6875.0,-8350.0,LEC
2684.092589781948,133.35416533333333,4,-6871.0,-8365.0,LEC
2688.943055555554,136.0,4,-6860.774776335114,-8407.815359970691,LEC
2692.601798900084,139.71999744,4,-6850.0,-8446.0,LEC
2696.943055555554,144.0,4,-6829.181640403389,-8507.146756209551,LEC
2703.7430555555543,153.0,4,-6792.382397024003,-8605.80942217179,LEC
2704.3118717213565,153.541664,4,-6790.0,-8612.0,LEC
2714.609722222221,163.0,4,-6763.746721244059,-8674.260472770786,LEC
2721.820895225605,169.33333333333334,4,-6743.0,-8713.0,LEC
2726.1430555555544,173.0,4,-6724.496794392994,-8746.856739897488,LEC
2735.0087534804784,180.20833066666665,4,-6681.0,-8823.0,LEC
2744.9430555555546,188.0,4,-6637.020950526144,-8888.544191880665,LEC
2746.7110008927934,188.8249984,4,-6628.0,-8901.0,LEC
2757.531792766211,193.8249984,4,-6562.0,-8987.0,LEC
2760.109722222221,195.0,4,-6544.931188315115,-9007.121787005231,LEC
2769.0430555555545,201.0,4,-6483.762029827633,-9072.352946543355,LEC
2769.731686924659,201.3,4,-6479.0,-9077.0,LEC
2780.2866244488155,205.8249984,4,-6404.0,-9142.0,LEC
2782.8430555555547,207.0,5,-6383.335282815259,-9156.747338695524,LEC
2790.301477517267,189.61364363636363,5,-6311.0,-9201.0,LEC
2801.7513057369697,157.79546181818182,5,-6167.0,-9280.0,LEC
2802.0319444444435,157.0,5,-6164.386403735595,-9281.401139279162,LEC
2812.6650034697127,140.7906288,5,-6100.0,-9316.0,LEC
2814.2986111111104,138.0,4,-6088.583504016554,-9322.422747643448,LEC
2819.6822733399604,114.64500864,4,-6041.0,-9352.0,LEC
2820.465277777777,111.0,3,-6033.43969307889,-9357.605270257913,LEC
2827.764638335769,98.71500288,3,-5966.0,-9419.0,LEC
2830.7986111111104,93.0,2,-5952.168443583852,-9436.269732197292,LEC
2834.577829234276,80.0250048,2,-5944.0,-9456.0,LEC
2835.1319444444434,78.0,2,-5942.4952024602135,-9460.162257422144,LEC
2838.820908470096,71.3656272,2,-5932.0,-9496.0,LEC
2841.087499999999,67.0,2,-5929.987786497784,-9519.856786340752,LEC
2841.665117862135,66.1750016,2,-5930.0,-9526.0,LEC
2844.5319444444435,62.0,2,-5932.392166273995,-9556.527787823065,LEC
2845.0761077274233,61.801242157015515,2,-5933.0,-9562.0,LEC
2847.2599999999993,61.0,2,-5935.517021982722,-9582.480744038498,LEC
2848.796323785405,61.0,2,-5940.0,-9599.0,LEC
2853.359999999999,61.0,2,-5969.054819756142,-9661.098087610877,LEC
2853.549425368694,61.11000064,2,-5970.0,-9663.0,LEC
2856.859999999999,63.0,2,-5979.065836525338,-9681.898076002237,LEC
2860.769467425365,66.3568192,2,-6001.0,-9697.0,LEC
2865.415555555555,70.0,2,-6063.63382032707,-9731.82713390521,LEC
2865.6529849212625,70.42897177867913,2,-6066.0,-9733.0,LEC
2872.607099883674,82.1281340384385,2,-6101.0,-9743.0,LEC
2873.7922222222214,84.0,2,-6108.570994115235,-9744.85785455037,LEC
2879.2448985311207,91.95,2,-6164.0,-9757.0,LEC
2879.9922222222217,93.0,2,-6175.337716686562,-9758.547067177798,LEC
2888.0033333333326,103.0,2,-6314.524650687834,-9770.697126213543,LEC
2888.386234067009,104.14,2,-6319.0,-9771.0,LEC
2894.7811111111105,122.0,2,-6362.612020093881,-9773.07282908439,LEC
2900.152842016995,123.27499946666667,2,-6396.0,-9773.0,LEC
2903.0477777777774,124.0,2,-6425.828658656043,-9772.910967920798,LEC
2907.628249897502,113.61786148571429,2,-6484.0,-9772.0,LEC
2911.214444444444,105.0,2,-6518.611458591614,-9769.54870261438,LEC
2915.703333333333,101.0,2,-6553.837791155659,-9764.489010178946,LEC
2916.0541632906934,100.5531272,2,-6557.0,-9764.0,LEC
2921.096190978954,93.7125,2,-6609.0,-9755.0,LEC
2923.703333333333,90.0,2,-6635.033433752021,-9748.79513587485,LEC
2928.2502318212883,86.0,2,-6676.0,-9734.0,LEC
2929.3699999999994,85.0,2,-6685.41963494176,-9729.136217553172,LEC
2934.244848815058,83.675,2,-6723.0,-9702.0,LEC
2936.747777777777,83.0,2,-6739.419449910087,-9684.692912031378,LEC
2938.9126757545937,84.15,2,-6752.0,-9668.0,LEC
2942.4811111111103,86.0,2,-6769.727269270691,-9636.724841631316,LEC
2944.2945624330464,88.281248,2,-6778.0,-9616.0,LEC
2946.5255555555545,91.0,2,-6787.820044052811,-9584.923445975086,LEC
2952.400462069206,97.84642651428571,2,-6808.0,-9502.0,LEC
2954.3033333333324,100.0,2,-6811.429117650967,-9484.782203993162,LEC
2960.1922222222215,106.0,2,-6813.953617735726,-9458.725995704648,LEC
2966.1630769653793,122.43499392,2,-6829.0,-9402.0,LEC
2967.136666666666,125.0,2,-6833.327963624303,-9387.646709205874,LEC
2972.7294452035,131.5142857142857,2,-6863.0,-9295.0,LEC
2977.7922222222214,137.0,3,-6882.159865919585,-9244.962778775089,LEC
2988.458888888888,160.0,3,-6912.701090784287,-9197.340274830509,LEC
2989.9938678480767,161.28333084444444,3,-6919.0,-9188.0,LEC
3005.506758750765,173.7277752888889,3,-7004.0,-9062.0,LEC
3005.858888888888,174.0,4,-7006.021201957286,-9059.098794341735,LEC
3014.0366666666655,184.0,4,-7052.260503880414,-8993.432755846326,LEC
3014.7082059195563,184.3249984,4,-7056.0,-8988.0,LEC
3022.392222222222,188.0,4,-7098.073006236011,-8924.489678313903,LEC
3026.2648937303125,191.6,4,-7119.0,-8890.0,LEC
3031.1033333333326,196.0,5,-7145.133723013662,-8843.660107779804,LEC
3039.782270851129,201.46428342857143,5,-7191.0,-8752.0,LEC
3047.125555555555,206.0,5,-7228.022541892682,-8665.033995505484,LEC
3061.2508333333326,211.0,5,-7287.964562882813,-8503.700851927802,LEC
3061.912158696222,211.6187536,5,-7290.0,-8498.0,LEC
3071.02861111111,220.0,5,-7311.183178990122,-8436.56654621297,LEC
3084.279979767512,225.2750016,5,-7336.0,-8356.0,LEC
3088.6841666666655,227.0,6,-7347.838487144447,-8316.712999582596,LEC
3095.836437836068,230.23750186666666,6,-7369.0,-8246.0,LEC
3104.284166666665,234.0,6,-7392.748500961659,-8165.870250524202,LEC
3107.6748313539056,235.40250176,6,-7402.0,-8134.0,LEC
3130.953053446297,244.78,6,-7463.0,-7914.0,LEC
3131.5063888888876,245.0,6,-7464.4075819745285,-7908.881231558307,LEC
3137.817756454846,246.45102586590966,6,-7481.0,-7848.0,LEC
3157.4313747902193,250.91571769793637,6,-7546.0,-7591.0,LEC
3162.236388888887,252.0,6,-7556.562973968959,-7547.259037642687,LEC
3173.614166666666,256.0,6,-7570.898145696349,-7482.0026814579205,LEC
3180.222892212855,257.53333333333336,6,-7579.0,-7437.0,LEC
3190.947499999999,260.0,6,-7594.990571870729,-7337.911438157156,LEC
3204.988920140271,262.4,6,-7616.0,-7193.0,LEC
3218.3049509751468,264.65,6,-7631.0,-7058.0,LEC
3220.3919444444437,265.0,7,-7633.692658060263,-7025.654341670866,LEC
3231.87056075144,268.8249984,7,-7649.0,-6818.0,LEC
3238.45861111111,271.0,7,-7654.619612902516,-6738.860531348696,LEC
3262.4675152174855,276.46,7,-7662.0,-6620.0,LEC
3264.9638196019405,277.02,7,-7663.063390422335,-6601.966109876188,LEC
-0.02667639182680715,274.0,7,-7666.330459328189,-6571.863332715362,PIA
6.6931469252233615,274.0,7,-7670.0,-6491.0,PIA
7.2305555555555605,274.0,7,-7670.305806832309,-6483.765438912787,PIA
22.730555555555558,279.0,7,-7678.948628697371,-6246.814572063697,PIA
26.860237206936084,279.39749952,7,-7680.0,-6199.0,PIA
48.782613568413495,281.49749952,7,-7674.0,-6072.0,PIA
54.06388888888888,282.0,7,-7670.774760084958,-6023.485366723222,PIA
64.51294676526351,283.32,7,-7663.0,-5907.0,PIA
85.20470901394914,285.92,7,-7644.0,-5710.0,PIA
85.84166666666667,286.0,7,-7643.392642285139,-5704.49998372612,PIA
98.375,282.0,7,-7630.9291023179485,-5599.193327841844,PIA
106.31078662105818,266.25,7,-7615.0,-5502.0,PIA
117.7369926573622,240.9375,7,-7576.0,-5303.0,PIA
119.44166666666666,237.0,7,-7571.762077864738,-5282.050756779097,PIA
128.775,210.0,7,-7562.223238535502,-5237.214988040509,PIA
135.69488044926095,191.025,7,-7554.0,-5208.0,PIA
137.0861111111111,187.0,7,-7550.832492233238,-5196.347220637765,PIA
149.9972222222222,166.0,7,-7501.753740076955,-5013.033662892421,PIA
152.37789758841768,163.6812528,7,-7495.0,-4988.0,PIA
157.06388888888887,159.0,6,-7486.450034539459,-4956.8791209243855,PIA
164.5271207132811,145.1281296,6,-7477.0,-4928.0,PIA
169.15277777777774,136.0,3,-7463.183656860513,-4887.776351841725,PIA
174.01332843759613,132.6750016,3,-7445.0,-4838.0,PIA
176.43055555555551,131.0,3,-7435.723852191623,-4814.890181952979,PIA
183.87778505358852,127.0062512,3,-7404.0,-4750.0,PIA
187.54166666666663,125.0,3,-7385.0362012864125,-4722.168572884429,PIA
189.9924791331355,123.92,3,-7372.0,-4706.0,PIA
194.3194444444444,122.0,3,-7347.646234999137,-4682.697377309863,PIA
196.0992525977143,121.81071451428572,3,-7329.0,-4672.0,PIA
201.4537684405471,121.23928594285714,3,-7239.0,-4634.0,PIA
203.7305555555555,121.0,3,-7207.352109880246,-4622.455395429289,PIA
209.28611111111107,125.0,3,-7160.147801205943,-4609.891881156358,PIA
218.408247066324,129.9,3,-7107.0,-4606.0,PIA
222.48611111111106,132.0,3,-7074.058688374974,-4602.126147708521,PIA
226.87161199569096,136.4392832,3,-7027.0,-4597.0,PIA
233.6083333333333,143.0,3,-6926.934791886294,-4588.399187958789,PIA
235.82103657596693,146.312496,3,-6898.0,-4586.0,PIA
240.4083333333333,153.0,3,-6852.1206832433045,-4582.112772617472,PIA
247.28369642254216,159.2156224,3,-6803.0,-4578.0,PIA
255.16388888888883,166.0,4,-6748.957347584555,-4574.066710878046,PIA
264.6817220098064,174.9607113142857,4,-6634.0,-4561.0,PIA
269.08611111111105,179.0,4,-6543.494629717051,-4548.481600650906,PIA
272.82763648575326,181.4333312,4,-6477.0,-4539.0,PIA
281.55277777777775,187.0,4,-6436.00918042698,-4532.575734302118,PIA
287.5982236813889,190.95499776,4,-6410.0,-4526.0,PIA
292.3305555555555,194.0,4,-6355.69197141652,-4513.860974054029,PIA
301.21944444444443,200.0,5,-6208.376351533777,-4481.630678876589,PIA
304.17108594016105,201.81094585025141,5,-6170.0,-4473.0,PIA
312.77694444444444,207.0,5,-6096.888295961585,-4455.517073911988,PIA
324.5547222222222,212.0,5,-6040.133311795822,-4440.0788973002755,PIA
326.4081559866586,212.68025205161086,5,-6028.0,-4437.0,PIA
341.0040171680561,217.94670867526847,5,-5893.0,-4404.0,PIA
343.9605555555555,219.0,5,-5853.660184855247,-4394.300774018835,PIA
354.6422734072017,222.68571428571428,5,-5700.0,-4356.0,PIA
361.4605555555555,225.0,6,-5630.430680929222,-4338.255494093855,PIA
379.58277777777766,233.0,6,-5518.519843679171,-4308.656776443611,PIA
384.3634671347398,234.04285622857142,6,-5476.0,-4298.0,PIA
390.87371827452154,235.45714285714286,6,-5407.0,-4281.0,PIA
398.016111111111,237.0,6,-5332.0907049651605,-4262.475007473169,PIA
405.46997029860927,239.1,6,-5256.0,-4245.0,PIA
408.6827777777777,240.0,6,-5223.390478490064,-4238.410696318838,PIA
427.1132283984166,243.88571428571427,6,-5044.0,-4212.0,PIA
427.6605555555555,244.0,6,-5039.117950572681,-4211.538896996009,PIA
440.9513914840267,246.68055466666667,6,-4906.0,-4201.0,PIA
452.56055555555554,249.0,6,-4710.73461220374,-4178.317847467247,PIA
453.39783514748046,249.225,6,-4700.0,-4177.0,PIA
463.7605555555555,252.0,6,-4635.28573680534,-4168.453056703914,PIA
473.06603463431946,253.32,6,-4588.0,-4150.0,PIA
477.8716666666666,254.0,6,-4535.879217605242,-4128.921407031766,PIA
491.4619882918762,254.8,6,-4344.0,-4049.0,PIA
494.8716666666666,255.0,6,-4308.244220124759,-4033.0077855616946,PIA
509.1494444444443,257.0,7,-4224.090713943177,-3988.342839221431,PIA
520.6605555555554,259.0,7,-4155.434528696194,-3951.7510064138137,PIA
523.0435261387752,259.32999936,7,-4135.0,-3942.0,PIA
531.6642920531445,260.52,7,-4049.0,-3903.0,PIA
535.1605555555556,261.0,7,-4016.6624755975104,-3889.0022144292566,PIA
544.8387748038671,262.65,7,-3935.0,-3856.0,PIA
558.716111111111,265.0,7,-3808.2666173643506,-3811.414542716374,PIA
566.9871068924043,265.7,7,-3726.0,-3788.0,PIA
570.5383333333332,266.0,7,-3689.219569768355,-3779.037995041916,PIA
589.2773167527196,267.26,7,-3501.0,-3743.0,PIA
593.8266694721236,267.56499968,7,-3464.0,-3737.0,PIA
600.316111111111,268.0,7,-3391.6027788903098,-3727.065150128358,PIA
620.6773571933538,268.0,7,-3100.0,-3692.0,PIA
630.0938888888888,268.0,7,-3033.2950891041455,-3682.607091644206,PIA
639.8921834057128,265.5062512,7,-2978.0,-3672.0,PIA
641.8716666666667,265.0,7,-2963.1484792868155,-3668.9283829393894,PIA
653.4272222222222,260.0,7,-2857.6310270147605,-3644.447008526048,PIA
654.3331065599583,258.9785764571429,7,-2849.0,-3642.0,PIA
671.9383333333333,238.0,6,-2685.2142239330037,-3579.3413310870915,PIA
672.782860515781,237.593752,6,-2678.0,-3576.0,PIA
682.2938888888889,233.0,6,-2601.673171135654,-3537.3559775991266,PIA
691.8908690544365,226.88000256,6,-2515.0,-3473.0,PIA
694.7938888888889,225.0,5,-2483.1739793746146,-3443.508211590054,PIA
702.927689455824,221.20000182857143,5,-2394.0,-3352.0,PIA
711.6716666666667,217.0,5,-2340.930528926038,-3288.9950165392356,PIA
725.205,203.0,4,-2313.2241495633934,-3219.9018524233247,PIA
725.922390083212,202.5666688,4,-2311.0,-3214.0,PIA
731.4012666734908,199.23333546666666,4,-2292.0,-3161.0,PIA
738.205,195.0,4,-2273.594354463926,-3080.0173917384595,PIA
745.0299645085473,189.83273903663806,4,-2263.0,-2994.0,PIA
752.5672222222222,184.0,4,-2261.0967686659797,-2911.49171695256,PIA
762.6227777777779,181.0,4,-2271.822505644188,-2823.014667697197,PIA
767.1088569299683,179.36917485438283,4,-2278.0,-2789.0,PIA
776.2627777777778,176.0,4,-2292.387980068554,-2730.501955855089,PIA
784.6836354061929,176.33076923076922,4,-2311.0,-2676.0,PIA
796.5044943234554,176.7923076923077,4,-2359.0,-2568.0,PIA
801.8294444444444,177.0,4,-2403.4632682804795,-2492.1157524048936,PIA
807.3533352105503,177.35,4,-2452.0,-2415.0,PIA
817.6516666666666,178.0,4,-2506.811697393181,-2337.5589763189373,PIA
829.6516666666666,180.0,4,-2549.5926024590817,-2292.5880186303234,PIA
832.2951090232498,179.3375008,4,-2565.0,-2274.0,PIA
834.2853927840429,178.8375008,4,-2578.0,-2258.0,PIA
837.5627777777778,178.0,4,-2600.3326365413645,-2231.0398606808394,PIA
843.7757373015545,173.38,4,-2643.0,-2179.0,PIA
855.785,164.0,4,-2708.029762235701,-2077.4967981679843,PIA
857.2629587696671,163.3812512,4,-2714.0,-2065.0,PIA
862.9405555555555,161.0,4,-2732.822708492241,-2016.5376156886025,PIA
867.8825565342203,159.4,4,-2744.0,-1974.0,PIA
875.1516666666666,157.0,4,-2749.7324529755774,-1907.491205252606,PIA
876.5132249700491,156.2,4,-2748.0,-1891.0,PIA
883.5961111111111,152.0,4,-2722.166455092499,-1779.2605575705115,PIA
886.6553202665268,152.72,4,-2709.0,-1735.0,PIA
892.1516666666666,154.0,4,-2688.4901562808723,-1676.9530217716374,PIA
900.9294444444445,158.0,4,-2660.019666284431,-1627.3852245961496,PIA
906.9567990937647,162.65499776,4,-2631.0,-1584.0,PIA
910.0961111111111,165.0,4,-2612.4735610173902,-1556.3767882592954,PIA
916.5832738657987,172.2041632,4,-2575.0,-1502.0,PIA
918.5850208798415,174.37082986666667,4,-2566.0,-1490.0,PIA
921.9627777777778,178.0,4,-2547.952862812288,-1466.9543548427223,PIA
932.2405555555555,185.0,4,-2476.359258793537,-1380.3285089947065,PIA
933.9690516349158,185.96249813333333,4,-2465.0,-1367.0,PIA
942.4361800197942,190.6,4,-2412.0,-1307.0,PIA
945.0405555555556,192.0,4,-2393.700223421279,-1287.34005858207,PIA
951.2617932044514,196.9437472,4,-2348.0,-1239.0,PIA
953.885,199.0,5,-2330.1282176455056,-1219.73046571866,PIA
967.6183333333332,206.0,5,-2244.9408015770464,-1121.2399507515204,PIA
968.3810471352317,206.38999808,5,-2240.0,-1115.0,PIA
974.2567794770159,209.36,5,-2201.0,-1064.0,PIA
991.8405555555554,218.0,5,-2087.156584924372,-900.5513369905982,PIA
998.8193773398903,221.38999808,5,-2046.0,-840.0,PIA
1004.285,224.0,5,-2016.3981617808072,-796.8373798863046,PIA
1019.6849999999998,231.0,5,-1939.958788387899,-688.371590000338,PIA
1022.9267725420835,226.14167253333332,5,-1922.0,-664.0,PIA
1033.2424628470717,209.64167253333332,5,-1858.0,-580.0,PIA
1033.6183333333333,209.0,5,-1855.5375642056172,-576.8398828744236,PIA
1041.7516666666668,183.0,5,-1801.1619578286861,-508.37366744109136,PIA
1045.290083661997,177.0687552,5,-1779.0,-481.0,PIA
1049.3072222222222,170.0,5,-1755.4363419627794,-452.23628769939774,PIA
1052.4247894793568,161.7875072,5,-1736.0,-429.0,PIA
1058.8405555555555,143.0,4,-1686.8926454179832,-372.32697326164447,PIA
1062.8201858792263,133.39500544,4,-1656.0,-338.0,PIA
1065.8405555555555,126.0,4,-1635.9584669991323,-316.5666547375099,PIA
1071.4405555555554,126.0,3,-1605.0767756454952,-285.1430229726528,PIA
1072.4937280204474,124.22714650010353,3,-1599.0,-279.0,PIA
1080.6833631813997,108.71467837600946,3,-1536.0,-226.0,PIA
1082.07,106.0,2,-1518.7488191046061,-217.3313052107263,PIA
1085.7881677456332,102.7249984,2,-1470.0,-198.0,PIA
1086.6033333333332,102.0,2,-1461.6352771021864,-195.36795930085623,PIA
1090.9758333333332,99.0,2,-1433.7502068357016,-192.26462173957836,PIA
1094.9448163777827,96.23636363636363,2,-1410.0,-200.0,PIA
1100.9092045537134,91.87272727272727,2,-1351.0,-223.0,PIA
1102.0980555555554,91.0,2,-1340.6372390199801,-228.76533594659273,PIA
1104.8711890645795,89.6,2,-1319.0,-244.0,PIA
1106.053611111111,89.0,2,-1309.92791596861,-251.60855214567297,PIA
1110.8869444444442,87.0,2,-1273.3466579922313,-290.58068400540037,PIA
1113.465086886583,84.2,2,-1256.0,-318.0,PIA
1114.575833333333,83.0,2,-1249.4785402685368,-331.0270651874647,PIA
1123.375833333333,88.0,2,-1216.734933602622,-435.220647650255,PIA
1123.7038705254135,88.270832,2,-1216.0,-438.0,PIA
1129.575833333333,93.0,2,-1207.4786111541255,-471.85343914212416,PIA
1133.2232365634839,97.125,2,-1202.0,-494.0,PIA
1138.5200934277188,102.781248,2,-1189.0,-543.0,PIA
1138.7313888888887,103.0,2,-1188.2438173946075,-545.6152774794368,PIA
1145.3492290258837,110.9874976,2,-1160.0,-638.0,PIA
1146.1980555555554,112.0,2,-1157.2823916658413,-646.6617106300669,PIA
1152.6424999999997,116.0,2,-1145.0109638465824,-683.7100681311567,PIA
1155.2381114253967,122.20499456,2,-1139.0,-700.0,PIA
1160.0313888888886,133.0,3,-1123.3532990076146,-740.8342002789016,PIA
1162.0418036510728,135.6,3,-1114.0,-763.0,PIA
1167.975833333333,143.0,3,-1076.030812155364,-845.0484919579965,PIA
1174.5906581722725,148.7,3,-1036.0,-926.0,PIA
1181.7536111111108,155.0,3,-1010.4386497664938,-972.2037656674743,PIA
1189.3566056212796,130.15000746666666,3,-986.0,-1005.0,PIA
1190.2202777777775,127.0,3,-981.5765125681629,-1010.9318380534676,PIA
1194.145588243104,114.74285714285715,3,-957.0,-1043.0,PIA
1198.075833333333,101.0,3,-929.5706879586166,-1073.1265124946194,PIA
1201.2758843582128,94.7,3,-900.0,-1096.0,PIA
1206.4668738466064,83.24545454545455,3,-831.0,-1130.0,PIA
1207.853611111111,80.0,1,-817.0834171080928,-1134.7581037255195,PIA
1213.9869444444444,69.0,1,-782.6042647835329,-1130.5626668798016,PIA
1214.2265583512876,68.74000128,1,-781.0,-1130.0,PIA
1217.5980555555554,65.0,1,-754.3708981665906,-1117.0919298641043,PIA
1218.1751256832952,64.45000106666667,1,-750.0,-1112.0,PIA
1221.664722222222,61.0,1,-729.6450145969321,-1063.295648887703,PIA
1221.8601102373188,60.76,1,-729.0,-1061.0,PIA
1224.8313888888888,57.0,1,-727.3682606641928,-1041.467566808172,PIA
1226.539533299818,55.8,1,-730.0,-1032.0,PIA
1229.0313888888888,54.0,1,-735.0544501404676,-1008.4264682238197,PIA
1231.2426080786522,52.0875008,1,-741.0,-984.0,PIA
1231.3425,52.0,1,-741.3065383994347,-982.9577062707554,PIA
1233.7713833706293,50.558333866666665,1,-750.0,-959.0,PIA
1234.6758333333332,50.0,1,-754.1239580839338,-950.3201878418175,PIA
1236.402301042244,48.00500096,1,-763.0,-934.0,PIA
1237.2869444444443,47.0,1,-767.3118486367781,-926.2980149521948,PIA
1239.9957924405933,49.6592802498447,1,-780.0,-905.0,PIA
1242.367028007169,51.87534712471528,1,-793.0,-886.0,PIA
1242.5013888888889,52.0,1,-793.7876914263071,-884.9299728392618,PIA
1246.1680555555556,55.0,1,-816.7571131490092,-856.4677833174219,PIA
1246.3605668257067,55.26332283118288,1,-818.0,-855.0,PIA
1249.3617328630316,59.191223134049274,1,-837.0,-833.0,PIA
1251.6619444444445,62.0,1,-850.067178597023,-818.4152372142387,PIA
1252.6339763369801,64.08,1,-858.0,-810.0,PIA
1255.5508333333335,70.0,1,-893.6567425049033,-773.3506805144592,PIA
1257.961281992809,74.35555555555555,1,-914.0,-753.0,PIA
1263.9508333333335,84.0,1,-904.5027463889048,-764.6458363885712,PIA
1265.3241457095803,87.25,1,-906.0,-763.0,PIA
1270.5508333333337,99.0,1,-938.1511749572685,-727.4211686496845,PIA
1272.6007906897983,100.2,1,-953.0,-711.0,PIA
1277.4175000000002,103.0,2,-983.0515945924437,-674.9987855127569,PIA
1278.3560469721804,102.72500053333333,2,-989.0,-665.0,PIA
1283.9312390404307,101.06666666666666,2,-1024.0,-585.0,PIA
1284.1508333333336,101.0,2,-1025.0087164627541,-582.2065693713325,PIA
1291.6175000000003,96.0,2,-1033.7221873176,-527.5278642510536,PIA
1295.7508333333337,93.0,2,-1026.6646579023986,-505.59351411035277,PIA
1296.568152834633,92.6,2,-1025.0,-500.0,PIA
1299.7952777777782,91.0,2,-1017.4975283258772,-473.60379661788073,PIA
1303.0133096774396,88.8,2,-1002.0,-441.0,PIA
1305.5952777777782,87.0,2,-978.5196434705805,-411.3154459476227,PIA
1309.6722504857137,86.38571428571429,2,-934.0,-367.0,PIA
1312.284166666667,86.0,2,-912.9913282232699,-348.5747140865801,PIA
1320.373055555556,91.0,2,-868.8306342717076,-323.0113217953853,PIA
1321.70601019689,91.3312496,2,-859.0,-318.0,PIA
1324.461944444445,92.0,2,-835.8871982165712,-306.1533588548649,PIA
1327.0800522125846,96.9406216,2,-814.0,-295.0,PIA
1331.9809179143695,105.3875,2,-773.0,-275.0,PIA
1334.1508333333338,109.0,2,-749.1493269527491,-264.4132610668428,PIA
1340.5126254162915,117.27142582857142,2,-671.0,-232.0,PIA
1343.5619444444449,121.0,2,-642.8480016868816,-221.05559041063827,PIA
1352.4286111111114,133.0,2,-583.2685457852564,-201.12662279612917,PIA
1354.9628170002304,128.62000384,2,-562.0,-195.0,PIA
1359.1508333333336,121.0,2,-519.8135440238128,-183.65263387700415,PIA
1360.2114503522068,119.968752,2,-509.0,-181.0,PIA
1367.0175681196702,113.093752,2,-438.0,-170.0,PIA
1369.0175000000004,111.0,2,-409.91768315081566,-170.01832055364574,PIA
1373.4716099353338,107.1750016,2,-344.0,-175.0,PIA
1377.1063888888893,104.0,2,-310.9149679940629,-181.61951325834397,PIA
1383.9063888888893,102.0,2,-284.7601740101083,-205.49141729206397,PIA
1385.3726900845854,101.11666773333333,2,-277.0,-215.0,PIA
1389.7156047280312,98.45000106666667,2,-249.0,-252.0,PIA
1390.4397222222226,98.0,2,-244.86393170836794,-258.6347106339979,PIA
1397.8286111111115,95.0,2,-216.5420972913936,-328.68678371761075,PIA
1398.688701316448,94.7937504,2,-214.0,-337.0,PIA
1402.0063888888892,94.0,2,-205.03849113869194,-369.24915394069353,PIA
1402.8827006782092,94.52380858395408,2,-203.0,-378.0,PIA
1408.8732082941908,98.00000058049895,2,-193.0,-434.0,PIA
1414.3788888888892,101.0,2,-189.24310735238785,-454.31761710148015,PIA
1416.573000080018,103.45454545454545,2,-188.0,-477.0,PIA
1421.6071878365256,108.87500218181819,2,-185.0,-565.0,PIA
1428.556666666667,116.0,2,-184.79760572769405,-612.5687242772203,PIA
1433.0829180403935,121.33855953082191,2,-186.0,-636.0,PIA
1439.9875000000002,129.0,3,-188.71863311316832,-700.5010833899179,PIA
1440.453967053076,129.73333333333332,3,-189.0,-705.0,PIA
1448.681652119539,141.95555555555555,3,-196.0,-782.0,PIA
1455.0875,151.0,3,-203.36839303142068,-846.5960883613459,PIA
1456.5334045536717,152.37499733333334,3,-205.0,-861.0,PIA
1465.8208333333334,161.0,4,-214.44443640603313,-948.7960310340702,PIA
1466.377831008642,161.6,4,-215.0,-954.0,PIA
1479.0240960750186,174.6,4,-229.0,-1082.0,PIA
1479.4319444444445,175.0,4,-229.5622164604179,-1086.9865400794072,PIA
1491.7602839714764,184.66666666666666,4,-248.0,-1249.0,PIA
1505.4319444444443,195.0,4,-261.0807054354564,-1371.4407985399348,PIA
1514.2319444444445,198.0,4,-267.60213444222916,-1435.5986558366828,PIA
1518.275215560328,200.52,4,-271.0,-1468.0,PIA
1525.6208333333332,205.0,5,-277.7700019020368,-1531.0344113602944,PIA
1531.0818472887129,208.4874976,5,-284.0,-1582.0,PIA
1539.8875,214.0,5,-297.0624995408919,-1671.939275199661,PIA
1544.314769713135,216.18999808,5,-305.0,-1717.0,PIA
1552.1097222222224,220.0,5,-321.09050216562355,-1792.1172652879623,PIA
1568.017289048698,225.5343736,5,-361.0,-1937.0,PIA
1572.2875000000001,227.0,6,-373.4042033879959,-1977.8166697784427,PIA
1573.0542149439816,227.25,6,-376.0,-1986.0,PIA
1587.7541666666664,232.0,6,-449.5701866135254,-2198.3461005939635,PIA
1593.7835940006346,234.3,6,-475.0,-2269.0,PIA
1600.9208333333331,237.0,6,-493.8401275017478,-2320.1129112799917,PIA
1615.1220542949816,239.6624992,6,-519.0,-2381.0,PIA
1622.3430555555553,241.0,6,-543.3406083062713,-2438.7191431454116,PIA
1633.2763888888885,246.0,6,-588.5027999669749,-2548.212489576271,PIA
1635.556231576714,246.57749888,6,-597.0,-2570.0,PIA
1636.9423410289814,246.92749888,6,-602.0,-2583.0,PIA
1655.221179932403,251.47749888,6,-680.0,-2753.0,PIA
1661.3875,253.0,6,-722.0893148697052,-2828.442453048558,PIA
1679.3969118259809,255.52999936,6,-855.0,-3047.0,PIA
1689.9430555555555,257.0,7,-887.7460646088243,-3091.631920290035,PIA
1695.2082029903834,258.3687488,7,-908.0,-3114.0,PIA
1701.4986111111107,260.0,7,-945.1951640062036,-3154.4837652972624,PIA
1711.1332998003998,260.8312496,7,-1017.0,-3229.0,PIA
1713.098611111111,261.0,7,-1031.276402475183,-3242.6964097226714,PIA
1728.6724534455159,263.65,7,-1145.0,-3337.0,PIA
1736.6541666666667,265.0,7,-1213.2925983617613,-3383.5426782816794,PIA
1745.0163460919182,265.6277774222222,7,-1288.0,-3429.0,PIA
1759.8552696217569,266.73888853333335,7,-1415.0,-3495.0,PIA
1763.3541666666667,267.0,7,-1444.9350977943714,-3509.5708833913322,PIA
1773.2848371667455,268.6624992,7,-1538.0,-3554.0,PIA
1775.309722222222,269.0,7,-1560.692193254211,-3564.8203863204485,PIA
1793.4430555555555,272.0,7,-1788.0104019516023,-3673.642439327786,PIA
1794.353303008629,272.0854092721217,7,-1797.0,-3678.0,PIA
1814.8302777777776,274.0,7,-1917.290874562244,-3738.4792861652654,PIA
1824.8731920224423,275.0916672,7,-2001.0,-3781.0,PIA
1842.5302777777777,277.0,7,-2243.7543955931533,-3902.4725504839917,PIA
1846.4754375224616,277.42500053333333,7,-2285.0,-3923.0,PIA
1861.1302777777778,279.0,7,-2353.761483166159,-3956.7117453949495,PIA
1869.7566051365598,279.6937504,7,-2389.0,-3973.0,PIA
1873.5747222222226,280.0,7,-2412.6251465968994,-3983.888298671345,PIA
1891.6856011100565,281.5785879065384,7,-2596.0,-4064.0,PIA
1904.2977840220578,282.67198182458577,7,-2779.0,-4136.0,PIA
1908.0850000000003,283.0,7,-2816.530160433143,-4151.363375709613,PIA
1933.329444444444,284.0,7,-2895.146236599135,-4184.88078766252,PIA
1942.190182612086,283.52916693333333,7,-3064.0,-4227.0,PIA
1948.395939584995,283.2,7,-3239.0,-4270.0,PIA
1952.196111111111,283.0,7,-3320.6844211780776,-4289.839768369567,PIA
1974.0516666666665,281.0,7,-3403.4123536918773,-4303.15897783932,PIA
1979.0074314267706,269.6,7,-3432.0,-4305.0,PIA
1994.786681528031,228.43333333333334,7,-3658.0,-4333.0,PIA
1996.4516666666664,224.0,7,-3677.2880617870264,-4335.380067295266,PIA
2005.8294444444443,211.0,7,-3745.167540558185,-4342.857174411026,PIA
2013.7256823259586,193.3093824,7,-3792.0,-4347.0,PIA
2021.296111111111,174.0,6,-3861.4057286584093,-4353.572043877118,PIA
2024.3796555898978,164.875008,6,-3899.0,-4358.0,PIA
2030.8961111111107,144.0,4,-4001.257584482852,-4372.567832504521,PIA
2034.144846188617,136.44285714285715,4,-4047.0,-4380.0,PIA
2040.3072222222218,121.0,2,-4087.4231750610966,-4389.171455756542,PIA
2045.2729683943132,117.1750016,2,-4105.0,-4399.0,PIA
2046.7516666666663,116.0,2,-4113.268633732305,-4403.7034240210405,PIA
2051.3192052719974,108.4,2,-4146.0,-4427.0,PIA
2051.5516666666663,108.0,2,-4147.741699910086,-4428.761095401828,PIA
2056.0405555555553,101.0,2,-4181.976900398878,-4476.037510208774,PIA
2061.015614069969,95.10277973333334,2,-4215.0,-4535.0,PIA
2065.0405555555553,90.0,2,-4229.7974744726325,-4560.291675442846,PIA
2069.651666666666,83.0,2,-4248.21825113604,-4584.66278781705,PIA
2070.3736440844123,82.6,2,-4254.0,-4592.0,PIA
2070.822916036104,82.35,2,-4258.0,-4597.0,PIA
2076.6738888888885,79.0,2,-4320.405810687573,-4637.3476449947275,PIA
2077.346844358812,78.4,2,-4328.0,-4640.0,PIA
2083.1627777777776,73.0,2,-4392.46002876611,-4650.324734116931,PIA
2085.7255407225534,71.3375008,2,-4416.0,-4651.0,PIA
2089.296111111111,69.0,2,-4439.868170316188,-4650.407642317625,PIA
2092.296297888189,71.18571337142858,2,-4459.0,-4648.0,PIA
2094.9738888888887,73.0,2,-4478.992888598517,-4644.352084231595,PIA
2120.8340078104566,103.9924017193417,2,-4697.0,-4601.0,PIA
2121.836388888889,105.0,2,-4704.84846669275,-4600.417646673412,PIA
2130.1129002464504,120.40000426666667,2,-4780.0,-4601.0,PIA
2134.736388888889,129.0,2,-4850.381639343404,-4609.016725959919,PIA
2137.234466781185,129.0,2,-4888.0,-4614.0,PIA
2140.4697222222226,129.0,2,-4926.806344856708,-4619.495707220676,PIA
2150.4697222222226,150.0,3,-4996.839119927958,-4631.242328378487,PIA
2154.3280760503153,152.28930886468072,3,-5026.0,-4636.0,PIA
2157.2713888888893,154.0,3,-5050.369948250948,-4639.817666564219,PIA
2162.3472749456773,160.0,3,-5106.0,-4648.0,PIA
2170.4158333333335,169.0,3,-5247.473123219409,-4667.56135799829,PIA
2171.057744978797,169.58499712,3,-5258.0,-4669.0,PIA
2191.1936111111117,187.0,3,-5465.392699849945,-4696.439164709524,PIA
2191.842759185867,187.42,3,-5470.0,-4697.0,PIA
2213.526944444445,201.0,5,-5604.418703828507,-4712.216007771194,PIA
2217.753365687334,204.041664,5,-5642.0,-4717.0,PIA
2220.088717108555,205.70833066666665,5,-5665.0,-4720.0,PIA
2227.5936111111114,211.0,5,-5732.689363334053,-4728.325792847802,PIA
2233.175663245395,213.78999808,5,-5793.0,-4735.0,PIA
2239.6491666666666,217.0,5,-5887.582660965588,-4744.870591577015,PIA
2249.3825,219.0,5,-6038.546486927667,-4760.06332478872,PIA
2250.184850777203,219.4333312,5,-6048.0,-4761.0,PIA
2264.5158333333334,227.0,5,-6142.545864770899,-4769.885612910639,PIA
2274.3444266419824,229.53333333333333,5,-6200.0,-4774.0,PIA
2279.9158333333335,231.0,5,-6250.00443484716,-4777.3756483108755,PIA
2290.33200176336,221.38889244444445,5,-6368.0,-4785.0,PIA
2301.0158333333334,211.0,5,-6486.119223076971,-4792.464808564343,PIA
2302.8652548471705,209.4678601142857,5,-6505.0,-4794.0,PIA
2313.8654863185175,200.18214582857144,5,-6607.0,-4807.0,PIA
2316.4158333333335,198.0,5,-6629.539912265326,-4811.877655704013,PIA
2324.993611111111,193.0,4,-6703.633280821015,-4835.639872238828,PIA
2325.6258664609154,192.65,4,-6709.0,-4838.0,PIA
2334.979668161938,187.3708352,4,-6786.0,-4883.0,PIA
2337.393611111111,186.0,4,-6804.32445958613,-4896.874977657289,PIA
2345.267794680601,186.34772712727272,4,-6863.0,-4952.0,PIA
2359.8772067241484,186.98409076363637,4,-6982.0,-5101.0,PIA
2360.249166666667,187.0,4,-6984.166467870695,-5104.03836280785,PIA
2375.0050383707717,193.8249984,4,-7038.0,-5194.0,PIA
2377.5825,195.0,4,-7048.004275544054,-5212.73702702566,PIA
2387.169875707055,199.3249984,4,-7091.0,-5303.0,PIA
2388.6936111111113,200.0,5,-7098.05401825207,-5321.293619327072,PIA
2404.5900535601013,207.50749824,5,-7163.0,-5530.0,PIA
2412.1380555555556,211.0,5,-7176.064057745337,-5583.937127788918,PIA
2422.4991075230073,215.3249984,5,-7185.0,-5642.0,PIA
2424.1380555555556,216.0,5,-7187.039430465841,-5655.099058360923,PIA
2436.0725911066647,220.8249984,5,-7204.0,-5770.0,PIA
2444.0491666666667,224.0,5,-7211.456556652169,-5843.271429600396,PIA
2446.1295142435874,224.65999872,5,-7213.0,-5863.0,PIA
2456.715833333333,228.0,6,-7219.111457854342,-5969.918328196142,PIA
2458.7590167142876,228.59627352895345,6,-7220.0,-5990.0,PIA
2467.0466666666666,231.0,6,-7222.527713160529,-6067.019339452479,PIA
2472.9431470936747,232.01111182222223,6,-7217.0,-6130.0,PIA
2490.5466666666666,235.0,6,-7152.127458964012,-6364.109914286994,PIA
2491.2683061983553,235.11000064,6,-7149.0,-6371.0,PIA
2503.7133333333336,237.0,6,-7095.45030250628,-6432.7912608200695,PIA
2517.883543688746,240.3568192,6,-7023.0,-6511.0,PIA
2533.5355555555557,244.0,6,-6926.170465454465,-6739.6424971943015,PIA
2534.291965591679,244.15320420667112,6,-6923.0,-6748.0,PIA
2555.04405031403,248.33147644229948,6,-6891.0,-6855.0,PIA
2558.366388888889,249.0,6,-6884.694731048321,-6877.688025513375,PIA
2573.026227488025,249.0,6,-6844.0,-7028.0,PIA
2574.9663888888895,249.0,6,-6838.259663278948,-7053.092294050471,PIA
2594.1775000000007,247.0,6,-6786.429156664143,-7320.9048266732025,PIA
2594.966637068285,245.74,6,-6785.0,-7329.0,PIA
2606.733055555556,226.0,6,-6773.417972731252,-7402.785012143303,PIA
2615.170233293456,205.60000853333332,6,-6768.0,-7455.0,PIA
2619.6663888888893,194.0,5,-6762.8190213250045,-7503.722473502713,PIA
2627.2556967531436,184.16428982857144,5,-6753.0,-7600.0,PIA
2633.355277777778,176.0,4,-6748.458533864389,-7657.27369510126,PIA
2640.866388888889,169.0,4,-6746.1270812458615,-7717.3973938991185,PIA
2641.4608077633134,168.5125024,4,-6746.0,-7723.0,PIA
2650.226055949662,161.05,4,-6746.0,-7817.0,PIA
2654.821944444445,157.0,3,-6749.227443419607,-7862.278876109802,PIA
2662.809031127974,150.6,3,-6768.0,-7929.0,PIA
2664.7552777777782,149.0,3,-6777.2402932030545,-7943.477422637902,PIA
2673.0905211743284,143.7,3,-6834.0,-8003.0,PIA
2677.2886111111115,141.0,3,-6865.06096669822,-8037.772463662252,PIA
2680.879496220198,140.61666666666667,3,-6886.0,-8070.0,PIA
2686.621944444445,140.0,3,-6899.505707282483,-8126.673635907816,PIA
2689.398791877315,138.1750016,3,-6900.0,-8160.0,PIA
2692.6663888888893,136.0,3,-6896.912471052481,-8206.097479451215,PIA
2700.5345963906525,133.71785782857143,3,-6881.0,-8320.0,PIA
2703.0108333333337,133.0,3,-6877.674003696048,-8342.44532455563,PIA
2710.455277777778,134.0,3,-6872.777442319196,-8371.152747933307,PIA
2716.954751630407,135.72999936,3,-6854.0,-8430.0,PIA
2718.0108333333337,136.0,3,-6849.0126996754925,-8445.30037360053,PIA
2724.2526645372814,144.14285714285714,3,-6816.0,-8545.0,PIA
2729.7552777777782,151.0,3,-6796.601056521796,-8599.446674585442,PIA
2740.488611111112,161.0,3,-6771.281379541427,-8653.373402578714,PIA
2742.051391363227,162.7416632888889,3,-6766.0,-8664.0,PIA
2758.1326779721435,179.6305521777778,3,-6694.0,-8802.0,PIA
2758.488611111112,180.0,4,-6692.319221393217,-8804.834117943796,PIA
2766.621944444445,183.0,4,-6653.399515774407,-8865.018302060962,PIA
2767.285577564874,183.2437488,4,-6650.0,-8870.0,PIA
2774.888611111112,186.0,4,-6607.848692419948,-8929.752747061486,PIA
2778.759796474236,190.5,4,-6583.0,-8962.0,PIA
2783.5997222222227,196.0,4,-6547.871184561372,-9004.477377038525,PIA
2792.1713952662435,198.73214171428572,4,-6476.0,-9080.0,PIA
2799.233055555556,201.0,4,-6408.304140257036,-9135.249317473688,PIA
2812.0863888888894,192.0,4,-6284.30383926206,-9215.376275079658,PIA
2812.6580868868127,191.312496,4,-6280.0,-9218.0,PIA
2820.1752777777783,182.0,4,-6234.531895727208,-9244.400111992763,PIA
2829.3303005345883,159.39285028571427,4,-6183.0,-9271.0,PIA
2831.9975000000004,152.0,3,-6160.108324004991,-9283.046882635323,PIA
2835.9963755915583,138.58749226666666,3,-6121.0,-9304.0,PIA
2840.1975000000007,123.0,3,-6081.289477237051,-9326.336885531791,PIA
2841.728141872659,119.30249536,3,-6067.0,-9335.0,PIA
2850.453010874272,94.58,3,-5989.0,-9394.0,PIA
2850.641944444445,94.0,2,-5987.544014053197,-9395.384293318271,PIA
2852.7578834089354,91.09794826818066,2,-5972.0,-9412.0,PIA
2858.938532662813,82.16856460412725,2,-5934.0,-9485.0,PIA
2860.3975000000005,80.0,2,-5929.7284252345735,-9497.820478703183,PIA
2863.7752777777782,76.0,2,-5927.855754159541,-9517.697168879715,PIA
2865.6717426722753,74.85,2,-5929.0,-9531.0,PIA
2868.641944444445,73.0,2,-5932.800457435527,-9559.349918405363,PIA
2872.329656939154,70.12,2,-5940.0,-9599.0,PIA
2875.5968532235447,67.42,2,-5951.0,-9631.0,PIA
2876.0863888888894,67.0,2,-5954.804948155366,-9637.663719299988,PIA
2878.6782623576187,63.1750016,2,-5982.0,-9678.0,PIA
2880.153055555556,61.0,2,-5992.7938903184095,-9692.571278723886,PIA
2885.716684349879,64.12,2,-6015.0,-9708.0,PIA
2887.375277777778,65.0,2,-6027.561113345735,-9714.767780297614,PIA
2890.339442616629,68.04,2,-6055.0,-9728.0,PIA
2893.629275534736,71.25999872,2,-6086.0,-9738.0,PIA
2895.486388888889,73.0,2,-6102.718961059893,-9742.9382800008,PIA
2900.302134507838,80.9874976,2,-6150.0,-9754.0,PIA
2900.9530555555557,82.0,2,-6157.7816210836945,-9755.20396223784,PIA
2906.0641666666666,92.0,2,-6222.280455159366,-9762.614201657347,PIA
2906.4081982142593,92.4874976,2,-6226.0,-9763.0,PIA
2910.4197222222224,98.0,2,-6261.222432126384,-9766.535907718935,PIA
2915.264166666667,109.0,2,-6296.716622290954,-9769.39072101258,PIA
2916.343051169153,110.546872,2,-6306.0,-9770.0,PIA
2922.661906912079,118.984372,2,-6366.0,-9773.0,PIA
2926.286388888889,124.0,2,-6402.333625871919,-9773.394464131155,PIA
2929.179033236979,119.14444444444445,2,-6433.0,-9773.0,PIA
2933.802593964028,110.6472256,2,-6485.0,-9771.0,PIA
2936.786388888889,105.0,2,-6516.961508724835,-9768.182584885086,PIA
2940.453495671461,100.0125024,2,-6553.0,-9764.0,PIA
2941.1863888888893,99.0,2,-6559.743259685081,-9763.239418721527,PIA
2945.4086111111114,95.0,2,-6595.850496819141,-9759.287028984234,PIA
2949.151076997666,90.6968768,2,-6636.0,-9749.0,PIA
2953.053055555556,86.0,2,-6691.21014383224,-9725.9947487189,PIA
2953.356779898653,85.8375008,2,-6695.0,-9724.0,PIA
2956.786388888889,84.0,2,-6728.349730983064,-9700.756851371152,PIA
2963.1282444624576,84.0,2,-6759.0,-9656.0,PIA
2964.253055555556,84.0,2,-6763.098936258453,-9648.427656081316,PIA
2970.253055555556,90.0,2,-6780.135102328182,-9609.28428818716,PIA
2973.8080132447994,94.156248,2,-6789.0,-9581.0,PIA
2978.314098704158,99.125,2,-6800.0,-9538.0,PIA
2979.1419444444446,100.0,2,-6801.948954534623,-9529.281598969532,PIA
2985.395277777778,112.0,2,-6815.957057512982,-9458.827954762266,PIA
2987.775940909128,115.0,2,-6821.0,-9435.0,PIA
2993.5286111111113,122.0,2,-6832.8982504774385,-9386.450062433365,PIA
2996.667732327392,124.2750016,2,-6840.0,-9361.0,PIA
3002.0619444444446,128.0,2,-6853.418289851465,-9317.044824907167,PIA
3006.5532497568197,136.63333831111112,2,-6874.0,-9271.0,PIA
3016.3452429154777,153.74444942222223,2,-6947.0,-9143.0,PIA
3017.6619444444445,156.0,3,-6955.180053475377,-9129.651437257351,PIA
3025.0397222222227,166.0,3,-6987.273072610914,-9081.57870586222,PIA
3035.4610384996636,175.275,3,-7024.0,-9033.0,PIA
3041.0397222222223,180.0,4,-7052.011112059837,-8993.224311277027,PIA
3052.4160796190995,188.9899762221592,4,-7115.0,-8897.0,PIA
3062.482265441923,196.70175170698718,4,-7162.0,-8812.0,PIA
3062.873888888889,197.0,4,-7163.734633898446,-8808.590802338404,PIA
3076.4738888888887,204.0,5,-7220.339078991512,-8685.3943362619,PIA
3077.170185680561,204.47142857142856,5,-7223.0,-8679.0,PIA
3086.6329007349455,210.75714285714287,5,-7257.0,-8592.0,PIA
3093.196111111111,215.0,5,-7278.846904175188,-8531.475351321333,PIA
3100.2080316314677,218.76666453333334,5,-7301.0,-8466.0,PIA
3110.284835467045,224.06666666666666,5,-7331.0,-8371.0,PIA
3115.8961111111107,227.0,5,-7346.59659147612,-8321.151065082007,PIA
3119.2193398606687,227.92857142857142,5,-7357.0,-8287.0,PIA
3133.9405555555554,232.0,6,-7419.183421638244,-8071.937557092704,PIA
3138.69420261404,234.4,6,-7438.0,-8005.0,PIA
3149.940555555556,240.0,6,-7473.520693752394,-7875.249139673935,PIA
3160.7405555555556,243.0,6,-7497.910595325705,-7783.030072958407,PIA
3165.734256178271,244.56428434285715,6,-7507.0,-7749.0,PIA
3180.1072222222224,249.0,6,-7526.211934427218,-7678.39183147977,PIA
3190.854676866338,251.54999893333334,6,-7544.0,-7600.0,PIA
3205.6072222222224,255.0,6,-7582.762982670722,-7407.281454136331,PIA
3215.256851356363,258.3249984,6,-7605.0,-7285.0,PIA
3228.9849999999997,263.0,7,-7621.707640868611,-7166.62217445889,PIA
3240.8072222222218,266.0,7,-7627.751216015457,-7089.333664246083,PIA
3247.732624409012,267.1624992,7,-7633.0,-7029.0,PIA
3258.7405555555556,269.0,7,-7643.285084530352,-6911.978931879132,PIA
3259.6405104609767,269.0857142857143,7,-7644.0,-6902.0,PIA
3267.222538714592,269.8071424,7,-7649.0,-6818.0,PIA
3279.8183333333336,271.0,7,-7657.394769872722,-6684.948406020689,PIA
3282.2455962780414,271.6,7,-7659.0,-6660.0,PIA
3291.996111111111,274.0,7,-7665.242881109445,-6561.310360873309,PIA
3295.743743142921,274.6124992,7,-7667.557242166019,-6523.997942855529,PIA
0.0632859238879463,276.0889641199064,7,-7674.509284512915,-6428.466224448092,SAI
6.371084439123208,277.8185059800156,7,-7678.0,-6342.0,SAI
18.037777777777777,281.0,7,-7679.354393584941,-6206.33740686995,SAI
33.81555555555555,284.0,7,-7673.230138155628,-6065.782953030594,SAI
41.01834094738753,284.9784950873703,7,-7670.0,-6011.0,SAI
56.05805555555554,287.0,7,-7663.098206710589,-5914.258868391648,SAI
70.23694028458868,287.66153846153844,7,-7655.0,-5820.0,SAI
89.89673899305643,288.5846153846154,7,-7634.0,-5629.0,SAI
97.8025,289.0,7,-7612.629024783888,-5496.743583881107,SAI
105.30340012450067,266.6,7,-7589.0,-5363.0,SAI
117.80249999999998,225.0,7,-7562.745638691444,-5229.346349499047,SAI
130.9358333333333,197.0,7,-7544.991506582201,-5168.406282459211,SAI
133.5841879465843,189.0500096,7,-7539.0,-5146.0,SAI
135.51711946544705,183.0500096,7,-7534.0,-5127.0,SAI
138.6247222222222,173.0,7,-7525.520191243744,-5095.15334515591,SAI
144.26805705869353,163.1,7,-7509.0,-5035.0,SAI
154.5136111111111,143.0,7,-7477.044240999204,-4928.27842849913,SAI
155.76797077711285,141.5562528,7,-7473.0,-4916.0,SAI
160.5580555555555,136.0,7,-7456.961556230734,-4869.947274017695,SAI
164.62008123883768,132.4,7,-7443.0,-4832.0,SAI
170.4358333333333,127.0,4,-7421.252612023081,-4779.750876407118,SAI
171.51164056239733,125.72,4,-7415.0,-4769.0,SAI
177.04694444444442,119.0,3,-7367.595708575678,-4706.41276218453,SAI
179.41591988104162,118.64,3,-7347.0,-4684.0,SAI
183.6025,118.0,3,-7316.621028108695,-4657.663954419654,SAI
189.99138888888888,115.0,3,-7280.126233859353,-4645.197884612979,SAI
194.29026679574434,116.32999936,3,-7247.0,-4637.0,SAI
196.49138888888888,117.0,3,-7226.519243652497,-4631.578908840184,SAI
200.94421675808826,119.770832,3,-7182.0,-4620.0,SAI
202.30833572515144,120.60416533333333,3,-7169.0,-4617.0,SAI
204.6247222222222,122.0,3,-7146.7063618606,-4612.509353653202,SAI
211.79138888888886,129.0,3,-7076.046767332948,-4602.409687309739,SAI
213.01826164868615,130.37499733333334,3,-7064.0,-4601.0,SAI
219.13112158751346,137.0,3,-7005.0,-4595.0,SAI
221.05805555555554,139.0,3,-6987.239223754417,-4593.43576523458,SAI
225.7463557721037,146.7687456,3,-6945.0,-4590.0,SAI
227.72472222222223,150.0,3,-6926.757753493752,-4588.537458300926,SAI
238.05805555555554,155.0,3,-6828.432374944856,-4580.47993716041,SAI
238.64928239681092,155.71499648,3,-6823.0,-4580.0,SAI
243.28750648812508,161.16,3,-6780.0,-4576.0,SAI
257.7247222222222,177.0,4,-6601.152206797567,-4555.98376992943,SAI
263.5000992907487,181.51999744,4,-6538.0,-4548.0,SAI
268.0025,185.0,4,-6499.077385709989,-4542.6035373391405,SAI
280.8025,192.0,4,-6415.664809121534,-4527.8616671342625,SAI
283.7276115836299,194.20833066666665,4,-6392.0,-4523.0,SAI
293.87247726218936,201.70833066666665,4,-6295.0,-4502.0,SAI
294.26916666666665,202.0,5,-6291.0935733925,-4501.1293613639045,SAI
303.3802777777778,205.0,5,-6202.3550869113815,-4480.812278077547,SAI
307.59839400300876,206.8249984,5,-6162.0,-4471.0,SAI
312.6691666666667,209.0,5,-6113.894886861381,-4458.727086044926,SAI
316.94661836862304,210.2166656,5,-6072.0,-4448.0,SAI
326.8691666666667,213.0,5,-5966.753760948561,-4422.204325525706,SAI
333.7685713057852,217.51999744,5,-5896.0,-4405.0,SAI
339.14694444444444,221.0,5,-5845.009442740988,-4392.400372623016,SAI
349.1469444444444,225.0,5,-5757.243713762281,-4370.349713515759,SAI
351.18117428761036,225.7977840749534,5,-5740.0,-4366.0,SAI
369.41293621377565,232.77839473079575,5,-5567.0,-4322.0,SAI
372.6119444444444,234.0,6,-5520.964407017297,-4310.16498727409,SAI
381.1503162352621,234.8187504,6,-5392.0,-4277.0,SAI
383.0563888888889,235.0,6,-5370.089491093972,-4271.406265265846,SAI
393.65638888888884,240.0,6,-5298.91019576355,-4253.658498370056,SAI
403.94749517980335,242.07272727272726,6,-5239.0,-4242.0,SAI
420.41583378156076,245.34545454545454,6,-5080.0,-4217.0,SAI
423.72305555555545,246.0,6,-5047.208938235889,-4213.152426473759,SAI
431.45723236267327,248.1,6,-4971.0,-4206.0,SAI
434.7897222222221,249.0,6,-4937.067110570986,-4203.31938122541,SAI
448.78972222222205,252.0,6,-4786.453630886752,-4192.249974856001,SAI
456.62164978929565,252.0,6,-4695.0,-4176.0,SAI
459.98972222222204,252.0,6,-4654.183286719728,-4165.836883270415,SAI
485.5897222222221,256.0,6,-4358.55313218641,-4055.325012175123,SAI
486.5184211997162,256.1083328,6,-4351.0,-4052.0,SAI
502.78972222222217,258.0,7,-4262.1382605187555,-4007.500868127777,SAI
512.381000512998,260.0625,7,-4207.0,-3978.0,SAI
525.653225548583,262.890624,7,-4088.0,-3920.0,SAI
526.1674999999998,263.0,7,-4081.902575550957,-3917.3222806750127,SAI
541.8444843391926,264.77499946666666,7,-3872.0,-3833.0,SAI
543.8341666666664,265.0,7,-3852.2263832872104,-3825.639554647058,SAI
558.6119444444442,266.0,7,-3766.183333993106,-3798.885098872122,SAI
564.0561063852887,267.09499904,7,-3731.0,-3790.0,SAI
573.5563888888886,269.0,7,-3646.3654862312183,-3769.232253055235,SAI
577.4311750356803,268.74,7,-3601.0,-3760.0,SAI
588.4452777777775,268.0,7,-3433.7925431163667,-3733.708004969807,SAI
599.8421967241094,268.95,7,-3269.0,-3712.0,SAI
612.4452777777774,270.0,7,-3174.4404675412693,-3700.6854584138987,SAI
628.2163569710617,266.4500010666667,7,-3090.0,-3690.0,SAI
630.1786111111107,266.0,7,-3072.744862638974,-3687.437000057309,SAI
639.6220613209454,259.4,7,-2976.0,-3672.0,SAI
649.7786111111109,252.0,7,-2881.416953650084,-3653.395654017152,SAI
658.3176375347471,242.7,7,-2790.0,-3623.0,SAI
672.803983151912,225.79090909090908,7,-2585.0,-3523.0,SAI
676.7897222222219,221.0,7,-2545.3931435272343,-3500.2257472035317,SAI
695.0119444444442,205.0,5,-2460.7788659939924,-3425.846554142773,SAI
695.7380499409729,204.61000192,5,-2457.0,-3422.0,SAI
706.0674999999998,199.0,5,-2391.0056294019837,-3349.9683604169927,SAI
707.8641027028351,198.1750016,5,-2378.0,-3331.0,SAI
718.9341666666664,193.0,4,-2299.1211278408473,-3180.9155780449773,SAI
719.5642430997941,192.58,4,-2296.0,-3174.0,SAI
729.2674999999997,186.0,4,-2275.7306584563494,-3112.4128460497295,SAI
734.9058161051524,183.2,4,-2273.0,-3083.0,SAI
743.189722222222,179.0,4,-2265.8809489890505,-3014.8474411800544,SAI
750.5876657300665,174.218752,4,-2262.0,-2941.0,SAI
750.9230555555554,174.0,4,-2262.0021653866047,-2937.6309637735767,SAI
759.1274392138142,171.11666773333334,4,-2267.0,-2855.0,SAI
762.2563888888888,170.0,4,-2271.4286929897316,-2823.7388185852215,SAI
768.3882075399256,167.34000128,4,-2284.0,-2763.0,SAI
771.4786111111109,166.0,4,-2291.9906779043654,-2732.9826676773487,SAI
780.439006231253,167.59556814990682,4,-2321.0,-2649.0,SAI
787.9984884428857,168.92520827482917,4,-2352.0,-2581.0,SAI
788.4255555555554,169.0,4,-2353.9063129993347,-2577.2084428320713,SAI
799.9588888888887,173.0,4,-2410.8416920389673,-2476.9830812166647,SAI
800.550774316524,173.33855792580655,4,-2414.0,-2472.0,SAI
809.5841224176179,178.38871545806336,4,-2464.0,-2399.0,SAI
816.086111111111,182.0,4,-2501.9239269059026,-2350.462102311888,SAI
818.706069792199,181.22,4,-2521.0,-2327.0,SAI
826.0305555555555,179.0,4,-2592.3602503094185,-2240.2039353698883,SAI
831.3302699751744,174.64444444444445,4,-2640.0,-2182.0,SAI
842.5305555555556,165.0,4,-2679.908430588645,-2127.243637421736,SAI
844.8534028658531,163.7,4,-2687.0,-2114.0,SAI
853.1305555555556,159.0,4,-2722.2591085179224,-2042.1141667329766,SAI
856.1985681709663,156.6,4,-2734.0,-2014.0,SAI
863.1972222222222,151.0,4,-2749.0568817105855,-1952.333102363281,SAI
864.5661608717111,150.72500053333334,4,-2749.0,-1935.0,SAI
872.800141450209,149.06666666666666,4,-2730.0,-1796.0,SAI
873.1305555555556,149.0,4,-2729.0970141837406,-1791.2396124928769,SAI
884.7194444444445,149.0,4,-2701.5433589122445,-1705.8291353423929,SAI
891.4750000000001,152.0,4,-2680.353710443372,-1672.3290402377024,SAI
892.8419717730471,152.8,4,-2675.0,-1663.0,SAI
898.4083333333335,156.0,4,-2649.8658890611878,-1616.9204349933098,SAI
904.4581931538833,162.05,4,-2612.0,-1555.0,SAI
909.5416666666667,167.0,4,-2567.5495490482044,-1493.6831847265153,SAI
917.7201427443617,171.3,4,-2491.0,-1397.0,SAI
923.0750000000002,174.0,4,-2456.3175739687995,-1355.2193551506514,SAI
940.1416666666669,192.0,4,-2388.6547305479817,-1283.000195145989,SAI
942.9869932589613,192.6624992,4,-2373.0,-1266.0,SAI
948.7638888888891,194.0,5,-2335.532268786937,-1224.6722859866393,SAI
953.9310269324932,197.1968728,5,-2301.0,-1186.0,SAI
963.0431634843957,202.6625,5,-2243.0,-1118.0,SAI
966.9861111111114,205.0,5,-2213.5630636297215,-1079.739371658171,SAI
978.2947517996502,209.8249984,5,-2126.0,-958.0,SAI
983.4750000000001,212.0,5,-2097.585655974465,-917.047113674782,SAI
998.1416666666669,220.0,5,-2045.692107202429,-838.3733840772898,SAI
1002.7705793608444,222.91999744,5,-2025.0,-808.0,SAI
1010.8083333333335,228.0,5,-1980.7502521480396,-744.5366900125881,SAI
1012.8269265325152,225.5250048,5,-1969.0,-728.0,SAI
1025.4514919710716,209.0250048,5,-1888.0,-619.0,SAI
1028.9416666666668,204.0,5,-1854.7793705800805,-576.5908285497007,SAI
1036.2418994267914,182.68929462857142,5,-1776.0,-478.0,SAI
1041.7750000000003,165.0,5,-1736.2913298325248,-429.1772323346741,SAI
1051.4416666666668,145.0,5,-1703.3246567412864,-391.66706814137973,SAI
1053.5277042794157,143.23333546666666,5,-1693.0,-380.0,SAI
1059.6283855739691,137.90000213333335,5,-1654.0,-336.0,SAI
1060.5750000000003,137.0,5,-1647.422305303103,-328.76213933269077,SAI
1069.052777777778,109.0,4,-1585.0452014461514,-265.28736114887477,SAI
1069.9783929858513,106.937504,4,-1578.0,-259.0,SAI
1073.452777777778,99.0,3,-1551.0707347010423,-237.04322207696916,SAI
1074.32645659031,98.17687222521502,3,-1544.0,-232.0,SAI
1079.81063214424,92.71428480207308,3,-1497.0,-206.0,SAI
1084.232777777778,88.0,2,-1459.5951950356891,-195.26212274754366,SAI
1085.8624937466957,86.36363636363636,2,-1438.0,-197.0,SAI
1089.3542442933622,82.74999854545455,2,-1376.0,-212.0,SAI
1093.7661111111113,78.0,2,-1344.6759903947225,-224.94142297559443,SAI
1096.444640223814,76.35736629820865,2,-1333.0,-235.0,SAI
1100.3233333333335,74.0,2,-1302.9128077323894,-259.2410999424997,SAI
1100.580223059373,74.26666666666667,2,-1301.0,-261.0,SAI
1105.0314317001123,78.71111111111111,2,-1273.0,-293.0,SAI
1108.5233333333335,82.0,2,-1255.540732838671,-321.1205892572841,SAI
1109.324222945779,83.09999786666667,2,-1252.0,-328.0,SAI
1114.5233333333335,90.0,2,-1232.9187665040715,-375.2334176757817,SAI
1114.8330076814793,90.34285714285714,2,-1232.0,-378.0,SAI
1121.907251757511,97.77142857142857,2,-1214.0,-445.0,SAI
1122.1455555555558,98.0,2,-1213.278842904176,-447.85069426602064,SAI
1129.7050833007067,110.56666666666666,2,-1188.0,-546.0,SAI
1138.678888888889,124.0,2,-1165.745315470268,-621.6584779342243,SAI
1144.7233333333334,136.0,3,-1151.5968806430915,-662.6717911633212,SAI
1147.610944032749,140.68,3,-1144.0,-684.0,SAI
1153.0011111111112,149.0,3,-1128.5863373554484,-726.3287181664966,SAI
1157.0787859446245,152.87499733333334,3,-1115.0,-761.0,SAI
1163.601111111111,159.0,3,-1088.6680030983882,-822.2205011841825,SAI
1166.7504140067217,155.3500032,3,-1076.0,-850.0,SAI
1171.878888888889,149.0,3,-1057.247299330581,-888.5930082008808,SAI
1179.8379617198605,118.9562576,3,-1023.0,-948.0,SAI
1181.7455555555557,111.0,3,-1011.3184763675318,-966.5016511494679,SAI
1182.0856580069772,110.4,3,-1009.0,-970.0,SAI
1188.3455555555558,99.0,3,-952.4605143594125,-1044.672368946272,SAI
1190.6303714392675,93.02,3,-934.0,-1067.0,SAI
1193.1233333333337,86.0,3,-920.571745513615,-1081.9151050014168,SAI
1197.506142595121,76.6812528,3,-904.0,-1093.0,SAI
1199.5233333333338,72.0,1,-888.1049733657314,-1102.8862855813827,SAI
1202.3677777777782,64.0,1,-859.1832303627594,-1118.9906897769838,SAI
1202.9235711367019,63.25750144,1,-854.0,-1121.0,SAI
1203.254996912618,62.80750144,1,-851.0,-1122.0,SAI
1207.2311546694796,56.95750144,1,-811.0,-1132.0,SAI
1208.4788888888893,55.0,1,-795.2030055075502,-1129.9479561828946,SAI
1211.942571649936,51.20500096,1,-753.0,-1113.0,SAI
1213.9233333333339,49.0,1,-745.4921083474571,-1105.4019640655727,SAI
1214.9135747570165,49.0,1,-743.0,-1100.0,SAI
1216.1011111111115,49.0,1,-739.0140226321404,-1090.7731921720663,SAI
1217.9218028766315,49.0,1,-733.0,-1073.0,SAI
1218.2788888888892,49.0,1,-732.2349577831525,-1069.2903451250672,SAI
1220.8760174670958,45.6875,1,-731.0,-1040.0,SAI
1222.1900000000003,44.0,1,-732.4722623676388,-1026.113601440203,SAI
1223.6214162956774,44.941666133333335,1,-735.0,-1012.0,SAI
1226.2630388525768,46.6083328,1,-741.0,-987.0,SAI
1226.8900000000003,47.0,1,-742.6761494769555,-981.3213080363892,SAI
1228.6866065692325,48.6624992,1,-749.0,-964.0,SAI
1229.067777777778,49.0,1,-750.8887168472893,-959.7097399989444,SAI
1232.8011111111114,56.0,1,-773.0664430642928,-915.7793248209776,SAI
1233.0047633104718,56.42704636060842,1,-774.0,-914.0,SAI
1237.952777777778,66.0,1,-788.4499674637549,-888.6393985438456,SAI
1240.550877488806,69.63889066666667,1,-804.0,-870.0,SAI
1245.552777777778,76.0,1,-852.892286036549,-815.9628272663023,SAI
1246.7954988216516,79.61250453333334,1,-862.0,-806.0,SAI
1251.752777777778,93.0,1,-881.941612514223,-784.2099321260997,SAI
1254.8254310936913,97.8562528,1,-894.0,-772.0,SAI
1256.1972222222223,100.0,1,-901.1243476639521,-765.0228663524919,SAI
1262.6958786253474,100.0,1,-950.0,-713.0,SAI
1267.1056805663527,100.0,1,-995.0,-655.0,SAI
1268.3916666666667,100.0,2,-1005.3802710552084,-642.8345147014543,SAI
1276.6583333333333,93.0,2,-1028.1616018623922,-616.3402653550735,SAI
1279.5978636132259,93.0,2,-1028.0,-565.0,SAI
1281.6430259112115,93.0,2,-1027.0,-512.0,SAI
1282.8583333333333,93.0,2,-1026.3593316861895,-487.1983018348592,SAI
1289.625,87.0,2,-1017.2212568460839,-460.86314394196756,SAI
1291.3455974527026,86.8,2,-1008.0,-452.0,SAI
1297.5587678081674,86.07777777777778,2,-954.0,-384.0,SAI
1298.225,86.0,2,-949.016562792885,-378.3870899033505,SAI
1302.0472222222222,86.0,2,-927.55626553718,-359.9009101619972,SAI
1305.8685472936704,89.3468736,2,-908.0,-348.0,SAI
1310.3138888888889,93.0,2,-878.2523250219134,-328.71234101037913,SAI
1312.3676338844107,96.9541632,2,-855.0,-316.0,SAI
1317.3805555555555,106.0,2,-770.5023387538017,-275.1443550171839,SAI
1320.3892685875649,111.58571428571429,2,-729.0,-256.0,SAI
1326.947222222222,123.0,2,-690.0181326253063,-239.48612020191027,SAI
1332.4550040527847,128.35499776,2,-664.0,-230.0,SAI
1334.1694444444443,130.0,2,-651.0351148893337,-225.01009321298292,SAI
1339.7096316002173,130.95,2,-596.0,-205.0,SAI
1339.9916666666666,131.0,2,-592.7581160055981,-203.98598859597158,SAI
1345.3694444444443,121.0,2,-521.559741653247,-185.39177062207716,SAI
1351.3927954108467,115.10277973333334,2,-443.0,-170.0,SAI
1356.3694444444443,110.0,2,-403.96225015275786,-165.54195664785985,SAI
1362.1472222222221,104.0,2,-370.4991623170396,-169.61839129416285,SAI
1363.0301517117784,103.0,2,-363.0,-171.0,SAI
1363.5750921224592,102.375,2,-358.0,-172.0,SAI
1370.5027777777775,94.0,2,-279.808748744154,-214.95156491536628,SAI
1371.310238398556,93.6,2,-272.0,-222.0,SAI
1378.5027777777775,90.0,2,-229.4320232952344,-293.1827779042363,SAI
1381.8345784564654,90.4156248,2,-219.0,-322.0,SAI
1386.5916666666665,91.0,2,-208.95438828776702,-352.2645182993735,SAI
1390.6018583653195,93.73214171428572,2,-203.0,-377.0,SAI
1394.058333333333,96.0,2,-198.59794952004896,-402.6216260466099,SAI
1423.5706240763036,119.24430128950628,2,-187.0,-676.0,SAI
1424.7583333333332,120.0,2,-187.4944295775489,-685.6094149684099,SAI
1434.7863605344219,144.3833400888889,2,-195.0,-775.0,SAI
1440.5583333333332,158.0,3,-204.04602332655463,-854.5423086727391,SAI
1443.7316911073633,160.218752,3,-209.0,-897.0,SAI
1447.8027777777775,163.0,3,-214.10481499617208,-941.249438877034,SAI
1459.6694444444443,178.0,4,-223.2516789986554,-1023.2747434958505,SAI
1464.1360420033532,178.0,4,-227.0,-1057.0,SAI
1467.531111111111,178.0,4,-230.11379643085405,-1084.8951547412055,SAI
1473.38679312738,184.4,4,-237.0,-1148.0,SAI
1482.62,194.0,4,-253.763405600768,-1307.2829715151763,SAI
1483.3458629152756,194.42249792,4,-255.0,-1319.0,SAI
1505.62,207.0,5,-279.4170766112921,-1541.0844181633008,SAI
1506.3281731690488,207.3,5,-280.0,-1546.0,SAI
1529.731111111111,217.0,5,-301.15694589504386,-1693.9091127703662,SAI
1534.2355598141924,219.1291648,5,-309.0,-1735.0,SAI
1536.7169597249588,220.29583146666667,5,-314.0,-1760.0,SAI
1544.6644444444444,224.0,5,-330.44484221620394,-1831.3325699862432,SAI
1550.5540529749533,226.3249984,5,-348.0,-1893.0,SAI
1557.3866666666668,229.0,5,-378.18594105047714,-1989.009277888068,SAI
1567.6977777777777,232.0,6,-428.7796190207068,-2141.4850490280533,SAI
1568.544699456388,232.3249984,6,-432.0,-2151.0,SAI
1583.5644444444445,238.0,6,-465.7658822646811,-2245.0996287241596,SAI
1593.7962655176182,241.16666666666666,6,-488.0,-2301.0,SAI
1599.764444444444,243.0,6,-507.16080321361414,-2349.7413474854866,SAI
1611.5724369002028,244.9222215111111,6,-553.0,-2465.0,SAI
1624.4644444444446,247.0,6,-602.8544614599062,-2583.158277257814,SAI
1626.7552621837674,247.58928457142858,6,-612.0,-2604.0,SAI
1640.7457630816025,251.16071314285713,6,-670.0,-2731.0,SAI
1644.0644444444442,252.0,6,-683.7155592835401,-2759.710765548854,SAI
1655.4422222222222,256.0,6,-735.2061327141215,-2859.5572863958555,SAI
1656.2981560881765,256.1,6,-740.0,-2868.0,SAI
1669.2501827284,257.6083328,6,-824.0,-3004.0,SAI
1672.6422222222222,258.0,6,-844.3939646306611,-3033.841212789576,SAI
1683.7894913845662,260.0863627636364,6,-913.0,-3120.0,SAI
1704.3956333257797,263.9045445818182,6,-1101.0,-3303.0,SAI
1704.9088888888887,264.0,7,-1104.8492452045227,-3306.3470681389476,SAI
1724.898298109662,264.0,7,-1220.0,-3388.0,SAI
1728.3755555555554,264.0,7,-1244.710925693819,-3402.928564520389,SAI
1741.2989048628876,268.3249984,7,-1362.0,-3469.0,SAI
1743.3199999999995,269.0,7,-1384.7563904508593,-3480.632708968278,SAI
1763.734031756242,269.68249984,7,-1636.0,-3599.0,SAI
1773.32,270.0,7,-1701.6853625716353,-3630.0237881380895,SAI
1786.5270673774205,274.3249984,7,-1772.0,-3665.0,SAI
1788.5977777777773,275.0,7,-1787.4165505335316,-3672.768295536616,SAI
1803.4492125854104,276.2062496,7,-1922.0,-3741.0,SAI
1813.2199999999996,277.0,7,-2009.7576917368615,-3785.6719673777343,SAI
1815.7538455416413,277.0,7,-2032.0,-3797.0,SAI
1828.6088888888887,277.0,7,-2141.513032982027,-3852.674601914508,SAI
1831.1012985788582,277.9937892149224,7,-2162.0,-3863.0,SAI
1841.2205555555554,282.0,7,-2243.6186362660815,-3903.671116182861,SAI
1848.3508321722927,282.0,7,-2316.0,-3938.0,SAI
1869.4205555555554,282.0,7,-2608.031055246301,-4069.019725226704,SAI
1870.2863150646942,282.11000064,7,-2617.0,-4073.0,SAI
1885.1983333333328,284.0,7,-2703.936504673829,-4111.453898516489,SAI
1901.7978001402903,284.4795456,7,-2809.0,-4146.0,SAI
1920.0316666666665,285.0,7,-3086.037136921374,-4232.970865750351,SAI
1920.921789745197,285.09192252400265,7,-3096.0,-4236.0,SAI
1945.1624930260284,287.59888586537966,7,-3219.0,-4266.0,SAI
1948.751666666666,288.0,7,-3245.7032220090623,-4271.288064163998,SAI
1963.3995007475294,252.66666666666666,7,-3415.0,-4303.0,SAI
1965.2849999999996,248.0,7,-3440.0817866501125,-4306.818526960192,SAI
1983.5627777777775,235.0,7,-3681.8445474478135,-4335.247416264186,SAI
1984.2677051551548,232.48,7,-3689.0,-4336.0,SAI
1994.2849999999999,193.0,7,-3755.1219138817783,-4342.563639750256,SAI
2001.2758515913479,171.32500906666667,7,-3800.0,-4347.0,SAI
2004.8849999999995,159.0,7,-3840.4375284017033,-4351.299802955507,SAI
2010.6831035523585,144.7928630857143,7,-3919.0,-4360.0,SAI
2015.229444444444,133.0,7,-3964.4032272723275,-4365.4666188165165,SAI
2020.829444444444,126.0,7,-4008.1656711178,-4372.2872160578845,SAI
2021.261630576904,125.2687536,7,-4012.0,-4373.0,SAI
2027.3590425045484,114.075,7,-4073.0,-4387.0,SAI
2030.429444444444,108.0,4,-4100.827321567798,-4397.04994606,SAI
2035.6464531320228,99.2,4,-4140.0,-4421.0,SAI
2036.8961111111105,97.0,2,-4148.370929796022,-4428.734171610137,SAI
2042.1566030042245,91.7,2,-4180.0,-4471.0,SAI
2044.8072222222215,89.0,2,-4194.294424218695,-4497.092135080151,SAI
2047.096178847793,89.0,2,-4206.0,-4520.0,SAI
2050.7405555555547,89.0,2,-4224.924970908566,-4555.319112109348,SAI
2052.458436312224,86.2625024,2,-4237.0,-4572.0,SAI
2054.4294444444436,83.0,2,-4255.235339297345,-4591.217417527089,SAI
2058.9030424236303,76.91428754285714,2,-4304.0,-4630.0,SAI
2060.262777777777,75.0,2,-4313.991061107915,-4637.239432406659,SAI
2064.262777777777,72.0,2,-4328.451493579073,-4644.608525305084,SAI
2067.6209125025794,70.27000064,2,-4360.0,-4647.0,SAI
2068.1516666666657,70.0,2,-4368.048514737421,-4647.578548337372,SAI
2071.2100605316577,71.62857142857143,2,-4420.0,-4651.0,SAI
2073.8294444444437,73.0,2,-4447.498234842646,-4651.70848178682,SAI
2078.8961111111103,76.0,2,-4472.766917930247,-4647.157001068377,SAI
2079.6669471874766,77.5583303111111,2,-4478.0,-4646.0,SAI
2088.0091075774003,92.66944142222222,2,-4552.0,-4629.0,SAI
2088.1961111111104,93.0,2,-4553.796220364303,-4628.547149943195,SAI
2092.5516666666663,98.0,2,-4595.517816358074,-4617.826065202643,SAI
2092.9287688224754,98.9749952,2,-4599.0,-4617.0,SAI
2097.440555555555,110.0,2,-4639.738677456972,-4608.515077629608,SAI
2099.7149205409087,112.7,2,-4662.0,-4605.0,SAI
2102.5961111111105,116.0,2,-4692.085452464495,-4601.315194784119,SAI
2108.0745379374875,125.83571017142857,2,-4755.0,-4599.0,SAI
2113.0183333333325,134.0,3,-4821.827839423686,-4604.570476311523,SAI
2123.126944444444,151.0,3,-4953.450718006184,-4624.308684083738,SAI
2123.595079294909,151.2750016,3,-4958.0,-4625.0,SAI
2130.015833333333,155.0,3,-5005.534996753432,-4632.085368144542,SAI
2139.89839326291,166.30357485714285,3,-5065.0,-4641.0,SAI
2143.238055555555,170.0,3,-5094.753977530901,-4645.671176818413,SAI
2148.657435362693,173.70000213333333,3,-5149.0,-4654.0,SAI
2155.1047222222214,178.0,4,-5211.80038068865,-4662.658443524075,SAI
2157.7237665894095,180.04000256,4,-5237.0,-4666.0,SAI
2176.208353357458,193.68,4,-5413.0,-4689.0,SAI
2176.660277777777,194.0,4,-5417.162941825721,-4689.543528883311,SAI
2181.857569204212,197.31663055065067,4,-5467.0,-4696.0,SAI
2198.2999876818317,207.521640452426,4,-5681.0,-4722.0,SAI
2202.26861111111,210.0,5,-5717.627738485317,-4726.215684836613,SAI
2211.6019444444432,210.0,5,-5772.662416006046,-4732.028229974139,SAI
2217.177308567439,214.6,5,-5811.0,-4736.0,SAI
2226.4019444444434,222.0,5,-5895.770210581749,-4744.924591112627,SAI
2238.4674119445467,225.36,5,-6019.0,-4758.0,SAI
2250.01396944536,228.51,5,-6133.0,-4769.0,SAI
2251.8463888888878,229.0,5,-6161.0937171253845,-4771.187527746,SAI
2262.003713648697,233.46249813333333,5,-6343.0,-4784.0,SAI
2267.5797222222213,236.0,5,-6411.1152195326595,-4788.393740628963,SAI
2285.3223946171656,209.48,5,-6502.0,-4794.0,SAI
2290.0241666666657,202.0,5,-6544.357670099443,-4798.263577293652,SAI
2298.023985076199,195.92,5,-6629.0,-4811.0,SAI
2306.3120872261306,189.48000256,5,-6702.0,-4835.0,SAI
2310.690833333332,186.0,4,-6737.868684809471,-4852.171621900124,SAI
2321.1644818733994,178.0125024,4,-6824.0,-4914.0,SAI
2322.4908333333324,177.0,4,-6835.755458630217,-4925.088405576103,SAI
2332.3797222222215,178.0,4,-6922.36125670805,-5020.4180322812845,SAI
2333.025329521231,178.1624992,4,-6927.0,-5026.0,SAI
2340.3797222222215,180.0,4,-6967.9947281264085,-5079.408316341197,SAI
2348.646388888888,186.0,4,-7001.121963465291,-5131.913032511863,SAI
2350.3791755569455,186.8249984,4,-7009.0,-5145.0,SAI
2359.9893150169873,191.3249984,4,-7056.0,-5228.0,SAI
2365.8908333333325,194.0,4,-7080.701371458943,-5280.680874499598,SAI
2371.0963290898835,197.57777777777778,4,-7100.0,-5327.0,SAI
2380.455092869195,203.8388864,4,-7131.0,-5411.0,SAI
2386.6908333333326,208.0,5,-7148.751253360169,-5471.444404343875,SAI
2394.4339440439244,209.6624992,5,-7167.0,-5545.0,SAI
2396.0241666666657,210.0,5,-7170.1193363766515,-5558.529005916761,SAI
2405.6241666666656,216.0,5,-7184.605091341993,-5629.316401369028,SAI
2415.006182848766,218.8687488,5,-7198.0,-5726.0,SAI
2425.357499999999,222.0,5,-7215.002787702306,-5886.130334463573,SAI
2426.1635247102195,222.1624992,5,-7216.0,-5898.0,SAI
2435.313055555555,224.0,5,-7222.113413838406,-6013.179678031644,SAI
2452.8048887099435,229.9718736,5,-7215.0,-6162.0,SAI
2455.846388888888,231.0,6,-7212.655723210652,-6184.474667641663,SAI
2471.446388888888,234.0,6,-7193.415192477393,-6288.337559604025,SAI
2480.1928026747823,235.6624992,6,-7164.0,-6346.0,SAI
2490.738138966432,237.65,6,-7106.0,-6422.0,SAI
2492.6019444444437,238.0,6,-7093.642447242061,-6438.007234946596,SAI
2506.0577777777767,241.0,6,-6994.202515977056,-6575.070198233533,SAI
2510.9313799039915,242.2,6,-6967.0,-6622.0,SAI
2522.39111111111,245.0,6,-6931.8603187553435,-6716.761023762261,SAI
2528.6158810452175,245.75833386666667,6,-6918.0,-6766.0,SAI
2538.857777777777,247.0,6,-6891.58700181417,-6850.559996258003,SAI
2546.559975371253,248.54166755555556,6,-6867.0,-6939.0,SAI
2562.0051550958674,251.5972231111111,6,-6810.0,-7184.0,SAI
2564.0577777777767,252.0,6,-6804.5619730500775,-7209.029781936107,SAI
2575.213333333332,251.0,6,-6787.62090167829,-7295.301523879336,SAI
2587.6190370832614,219.2,6,-6779.0,-7366.0,SAI
2593.257777777776,203.0,6,-6772.170975342814,-7421.333712359545,SAI
2603.5707799556712,186.07769181711208,6,-6758.0,-7545.0,SAI
2611.8943039173487,171.5614085515535,6,-6751.0,-7633.0,SAI
2612.210277777776,171.0,6,-6750.777225901725,-7636.269515326787,SAI
2622.743611111109,158.0,4,-6745.10209513058,-7745.7321976594285,SAI
2623.2514141379866,157.52857142857144,4,-6745.0,-7751.0,SAI
2629.840451510302,151.24285714285713,4,-6746.0,-7819.0,SAI
2634.1769444444426,147.0,4,-6750.146189932541,-7862.379216024037,SAI
2638.6637300249163,145.43055644444445,4,-6759.0,-7904.0,SAI
2644.9119377091183,143.22222222222223,4,-6783.0,-7953.0,SAI
2648.3769444444424,142.0,4,-6805.170104602605,-7975.121852830036,SAI
2650.428949013466,141.81428571428572,4,-6820.0,-7991.0,SAI
2659.343611111109,141.0,4,-6886.992973593643,-8105.3913490603845,SAI
2662.0528396558066,138.9,4,-6900.0,-8143.0,SAI
2668.2769444444425,134.0,4,-6905.737750115353,-8218.95388905328,SAI
2674.3213888888868,136.0,4,-6891.031206755842,-8275.547885219417,SAI
2677.0511821980444,135.73928594285715,4,-6886.0,-8296.0,SAI
2684.8213888888868,135.0,4,-6878.386618638333,-8336.368095733998,SAI
2690.9048723418396,140.5249976888889,4,-6868.0,-8379.0,SAI
2699.621388888887,148.0,4,-6836.190978535773,-8483.901669684612,SAI
2705.5037223874097,153.8187472,4,-6814.0,-8551.0,SAI
2714.021388888887,162.0,4,-6789.06428326971,-8617.383887306652,SAI
2721.443611111109,167.0,4,-6768.548855745089,-8661.510810374839,SAI
2725.968612539526,172.03749653333333,4,-6752.0,-8695.0,SAI
2733.443611111109,180.0,4,-6718.976198751401,-8758.673481071686,SAI
2734.0679766570724,180.5142857142857,4,-6716.0,-8764.0,SAI
2739.406668609752,184.8428544,4,-6690.0,-8808.0,SAI
2748.3769444444424,192.0,4,-6647.8512680982285,-8874.221747625132,SAI
2750.083671898938,192.0,4,-6639.0,-8887.0,SAI
2756.9102777777757,192.0,4,-6599.494202534835,-8940.168595650739,SAI
2765.6658333333316,197.0,4,-6542.684939611378,-9008.910815924079,SAI
2768.6606478660515,199.08214034285714,4,-6523.0,-9031.0,SAI
2781.3803686694473,207.68571428571428,4,-6436.0,-9117.0,SAI
2781.8436111111096,208.0,5,-6432.522914374029,-9119.884363165289,SAI
2794.0563011408994,201.70682007272728,5,-6333.0,-9189.0,SAI
2803.491307158282,196.38863825454544,5,-6249.0,-9236.0,SAI
2805.6769444444426,195.0,5,-6229.697600121458,-9246.464424479294,SAI
2811.2402247168548,166.7375136,5,-6177.0,-9275.0,SAI
2815.2769444444425,144.0,5,-6126.112972595439,-9302.623726048429,SAI
2819.9780402490173,130.7000064,5,-6066.0,-9336.0,SAI
2822.165833333331,124.0,5,-6044.583832828118,-9348.647441526937,SAI
2830.904166666665,98.0,4,-5996.65344015376,-9387.34203519424,SAI
2831.1693216404856,97.47749696,4,-5995.0,-9389.0,SAI
2836.52891758377,86.07749696,4,-5956.0,-9433.0,SAI
2839.6819444444427,79.0,2,-5941.326758409525,-9461.82319741533,SAI
2840.357331739681,78.36,2,-5939.0,-9468.0,SAI
2843.667249890328,75.17999872,2,-5931.0,-9500.0,SAI
2843.848611111109,75.0,2,-5930.773652741552,-9502.063425910672,SAI
2849.3325003793466,69.17999872,2,-5934.0,-9575.0,SAI
2851.2930555555536,67.0,2,-5936.331478975412,-9591.0986167626,SAI
2854.330797671439,65.4419130836391,2,-5944.0,-9612.0,SAI
2858.9755555555535,63.0,2,-5975.551997793089,-9669.540992036533,SAI
2859.5181283515885,62.68,2,-5979.0,-9675.0,SAI
2862.364444444442,61.0,2,-5992.827897384577,-9693.001277267444,SAI
2866.1518682231963,63.282142171428575,2,-6011.0,-9705.0,SAI
2867.34222222222,64.0,2,-6019.949098183643,-9710.469969570315,SAI
2870.057092678237,64.0,2,-6045.0,-9724.0,SAI
2870.186666666664,64.0,2,-6046.233159834008,-9724.542670940362,SAI
2874.819131945103,71.73333333333333,2,-6089.0,-9739.0,SAI
2874.986666666664,72.0,2,-6090.403849675938,-9739.44465838846,SAI
2878.7064476389733,77.73333333333333,2,-6125.0,-9749.0,SAI
2880.3199999999974,80.0,2,-6148.572759499406,-9753.213323255382,SAI
2883.2431756858164,86.27777422222222,2,-6195.0,-9760.0,SAI
2890.3199999999974,100.0,2,-6278.11184452607,-9768.080887453152,SAI
2895.0311111111087,106.0,2,-6318.205379456024,-9770.365374576306,SAI
2896.647188406466,108.925,2,-6329.0,-9771.0,SAI
2900.1422222222195,115.0,2,-6347.915038353424,-9772.149041304318,SAI
2905.475555555553,120.0,2,-6376.198087481473,-9773.153664056954,SAI
2907.798324028607,116.71500288,2,-6400.0,-9773.0,SAI
2911.6422222222195,111.0,2,-6459.815328381051,-9771.739751171026,SAI
2914.308325109162,107.55,2,-6504.0,-9770.0,SAI
2918.4422222222197,102.0,2,-6557.822845573451,-9765.690120071049,SAI
2926.975555555553,96.0,2,-6621.719659454205,-9752.317840705859,SAI
2927.783271471264,95.1,2,-6627.0,-9751.0,SAI
2934.0516058019443,87.7875,2,-6668.0,-9738.0,SAI
2934.708888888886,87.0,2,-6672.892884210018,-9735.628552940278,SAI
2941.164444444442,83.0,2,-6725.047531791358,-9699.888366286075,SAI
2941.4378228602804,83.0,2,-6727.0,-9698.0,SAI
2946.528631927743,83.0,2,-6757.0,-9659.0,SAI
2946.6977777777756,83.0,2,-6757.808351634578,-9657.65034208888,SAI
2950.557918892099,87.52045265454545,2,-6774.0,-9625.0,SAI
2958.234019278693,95.79317992727273,2,-6801.0,-9535.0,SAI
2958.4311111111087,96.0,2,-6801.626987371987,-9532.469200022639,SAI
2964.2644444444422,105.0,2,-6818.429756704013,-9456.562611095542,SAI
2972.1953535080847,119.562496,2,-6834.0,-9381.0,SAI
2975.375555555553,125.0,2,-6838.32200731231,-9362.783898626334,SAI
2981.464444444442,137.0,2,-6846.54616689412,-9336.75987779207,SAI
2984.4043828091553,140.63862681891624,2,-6854.0,-9318.0,SAI
2991.1690805146563,148.56386523391706,2,-6879.0,-9261.0,SAI
2995.106944444442,153.0,3,-6896.063310989649,-9227.611988386769,SAI
3000.1470282430987,160.6312544,3,-6920.0,-9186.0,SAI
3002.395833333331,164.0,3,-6931.543811985483,-9167.44904035474,SAI
3011.7291666666647,168.0,3,-6984.190224927958,-9090.309213434723,SAI
3015.2033337827042,171.5500032,3,-7004.0,-9062.0,SAI
3025.88472222222,182.0,4,-7064.109138347469,-8975.332915077559,SAI
3027.499393827011,183.5500032,4,-7073.0,-8962.0,SAI
3030.6442155714385,186.5500032,4,-7090.0,-8936.0,SAI
3034.3291666666646,190.0,4,-7108.51773972968,-8907.034831930983,SAI
3046.1630455281083,198.44000256,4,-7165.0,-8806.0,SAI
3057.218055555553,206.0,5,-7229.16146079214,-8662.092691306176,SAI
3060.235511168245,207.593752,5,-7243.0,-8629.0,SAI
3076.418055555553,216.0,5,-7279.6018722486415,-8527.42444221203,SAI
3079.5458745908923,217.9125024,5,-7287.0,-8505.0,SAI
3086.2847222222194,222.0,5,-7307.443676286521,-8444.119173804367,SAI
3093.1985725047957,224.0943399871839,5,-7330.0,-8376.0,SAI
3096.22222222222,225.0,5,-7338.786281086948,-8348.453738612932,SAI
3111.1941829362722,231.62857142857143,5,-7381.0,-8206.0,SAI
3114.3444444444413,233.0,6,-7392.79162883879,-8164.637274090645,SAI
3127.622222222219,239.0,6,-7446.499729618319,-7973.910555976277,SAI
3128.4265883237767,239.25,6,-7449.0,-7965.0,SAI
3143.8888888888864,244.0,6,-7476.5895686185995,-7865.941222070247,SAI
3153.02487715264,246.93333333333334,6,-7492.0,-7807.0,SAI
3162.855508398037,250.04444444444445,6,-7516.0,-7713.0,SAI
3169.0888888888862,252.0,6,-7531.3212227343465,-7651.860046114866,SAI
3188.5787924898996,256.53333333333336,6,-7574.0,-7465.0,SAI
3194.8888888888864,258.0,6,-7585.233054575358,-7403.505706865287,SAI
3201.5395126358335,258.0,6,-7596.0,-7338.0,SAI
3212.0888888888862,258.0,7,-7611.4210167632145,-7233.677001614676,SAI
3217.392067156875,259.8249984,7,-7618.0,-7181.0,SAI
3226.11182570187,262.8,7,-7627.0,-7094.0,SAI
3226.6999999999975,263.0,7,-7627.551068558797,-7088.201994081016,SAI
3246.8443128316253,266.4,7,-7644.0,-6888.0,SAI
3250.43333333333,267.0,7,-7646.911319043211,-6847.895841876311,SAI
3265.488888888886,271.0,7,-7659.281201151751,-6666.083722576753,SAI
3266.3949779182485,271.075,7,-7660.0,-6655.0,SAI
3277.5777777777744,272.0,7,-7668.399268284944,-6518.735175419554,SAI
3280.0687968522425,271.9083335111111,7,-7670.0,-6489.0,SAI
3281.276063341262,271.8638890666667,7,-7670.729789974184,-6474.704989603699,SAI
-0.006975486183004517,275.0958336,7,-7663.546773396409,-6592.341078122219,NOR
3.806997521789647,275.3041664,7,-7666.0,-6553.0,NOR
16.643055555555556,276.0,7,-7675.710018273859,-6414.1314454955,NOR
25.413207263869737,278.25999872,7,-7680.0,-6322.0,NOR
32.198611111111106,280.0,7,-7680.556950789187,-6255.533630590415,NOR
44.73194444444444,282.0,7,-7676.9286025902975,-6141.303628647273,NOR
47.249223399366564,282.2659280249845,7,-7676.0,-6119.0,NOR
69.41636985665211,284.59279824359857,7,-7662.0,-5898.0,NOR
73.3111111111111,285.0,7,-7656.584542390061,-5839.692715370727,NOR
83.74588147779303,286.6375008,7,-7640.0,-5677.0,NOR
86.06666666666666,287.0,7,-7636.994038039087,-5649.588735492613,NOR
98.65416666666665,285.0,7,-7625.663222357853,-5562.703173975662,NOR
109.3440516812181,268.41818181818184,7,-7614.0,-5499.0,NOR
124.46484343056451,242.23636363636365,7,-7584.0,-5342.0,NOR
127.62083333333334,237.0,7,-7577.709669697773,-5311.709847207475,NOR
135.14550054091333,237.0,7,-7563.0,-5245.0,NOR
138.15416666666667,237.0,7,-7556.504257068243,-5217.093587808942,NOR
148.5986111111111,188.0,7,-7528.056961826557,-5104.412607309789,NOR
153.91316161391245,174.0,7,-7511.0,-5043.0,NOR
156.06527777777777,168.0,7,-7503.427329337936,-5016.968875677022,NOR
169.86527777777775,138.0,5,-7448.465909807221,-4846.105262943356,NOR
170.34558536502533,137.729168,5,-7447.0,-4842.0,NOR
178.73194444444442,133.0,3,-7428.454691498039,-4796.857668023389,NOR
183.41883794516653,129.7,3,-7416.0,-4772.0,NOR
189.60787076520634,125.1750016,3,-7386.0,-4723.0,NOR
189.84305555555554,125.0,3,-7384.107474470796,-4720.9192566441725,NOR
196.8859893390435,119.6750016,3,-7309.0,-4661.0,NOR
197.77638888888887,119.0,3,-7301.227504672041,-4656.095654431325,NOR
204.3875,119.0,3,-7261.927331633017,-4640.602602977444,NOR
206.7871560264182,119.0,3,-7245.0,-4636.0,NOR
210.9986111111111,119.0,3,-7205.687554229083,-4624.767081232313,NOR
212.76941356732178,120.56,3,-7185.0,-4620.0,NOR
217.94305555555553,125.0,3,-7109.672349746633,-4607.817547459324,NOR
223.40724715244252,128.325,3,-7029.0,-4598.0,NOR
229.67638888888885,132.0,3,-6962.59469881355,-4591.002888696209,NOR
238.0933300955316,141.76249706666667,3,-6889.0,-4585.0,NOR
239.20972222222218,143.0,3,-6878.213510831729,-4584.182199799288,NOR
244.84573154397194,150.07142857142858,3,-6823.0,-4580.0,NOR
251.49861111111107,158.0,3,-6765.862220411636,-4575.009463988129,NOR
257.7121194608596,163.4,3,-6700.0,-4568.0,NOR
269.57716340411804,173.21818181818182,3,-6527.0,-4547.0,NOR
273.00972222222214,176.0,4,-6490.444780796168,-4541.846936402093,NOR
289.6319444444444,187.0,4,-6389.810449044772,-4522.006933560629,NOR
290.3338862843529,187.71499648,4,-6385.0,-4521.0,NOR
300.6319444444444,198.0,5,-6296.044966390438,-4502.2349767475735,NOR
302.4610568139128,198.4124992,5,-6273.0,-4497.0,NOR
314.03194444444443,201.0,5,-6093.108040960507,-4453.979901045842,NOR
314.71568757170564,201.48,5,-6085.0,-4452.0,NOR
325.6430555555555,209.0,5,-6016.750209789933,-4434.819802052003,NOR
332.3363941052522,212.2,5,-5982.0,-4426.0,NOR
342.5208333333333,217.0,5,-5891.929422446812,-4403.893581808164,NOR
351.8236485701852,218.9124992,5,-5794.0,-4380.0,NOR
352.25416666666666,219.0,5,-5789.652668546087,-4378.936165547222,NOR
363.07087685958334,224.04583146666667,5,-5685.0,-4353.0,NOR
367.3208333333333,226.0,6,-5644.867352525702,-4342.614283979444,NOR
375.82762179102974,229.3249984,6,-5563.0,-4321.0,NOR
380.1541666666667,231.0,6,-5518.804974417593,-4309.466031637537,NOR
392.7188496962293,234.19113629981365,6,-5401.0,-4279.0,NOR
403.32146206156483,236.85041654965835,6,-5341.0,-4264.0,NOR
403.92,237.0,6,-5336.7463659469595,-4263.040266194626,NOR
419.9866666666667,241.0,6,-5178.99284370131,-4231.380329606403,NOR
420.7976658724094,241.1880877365592,6,-5171.0,-4230.0,NOR
432.99206656549524,243.9937308100352,6,-5058.0,-4214.0,NOR
441.78499999999997,246.0,6,-4971.053148011032,-4206.166185615649,NOR
445.36817432207124,246.78,6,-4928.0,-4202.0,NOR
455.6183333333334,249.0,6,-4771.795285478341,-4183.9248686173005,NOR
463.4560161303983,250.55555555555554,6,-4668.0,-4170.0,NOR
481.0183333333334,254.0,6,-4571.743099861602,-4146.999691163743,NOR
484.7233366790625,254.65,6,-4549.0,-4138.0,NOR
498.1516666666667,257.0,6,-4425.961663494187,-4086.851772252382,NOR
503.2871258124482,257.0,6,-4378.0,-4065.0,NOR
515.2850000000001,257.0,7,-4274.225562122996,-4012.13246954219,NOR
517.6543256289694,257.4124992,7,-4246.0,-3998.0,NOR
532.036841867314,259.9,7,-4023.0,-3891.0,NOR
532.6183333333335,260.0,7,-4015.269368028428,-3887.4208901373604,NOR
553.073888888889,263.0,7,-3866.9096598077235,-3827.2526391010633,NOR
564.7627777777778,263.0,7,-3806.7410355345046,-3811.315810241198,NOR
567.1175908306167,263.6,7,-3791.0,-3807.0,NOR
576.585,266.0,7,-3715.6781555957805,-3785.9752774711305,NOR
586.3354926746329,266.0,7,-3605.0,-3761.0,NOR
594.3183333333334,266.0,7,-3479.9521598006318,-3740.420813878081,NOR
607.0751859539051,266.6142857142857,7,-3272.0,-3712.0,NOR
615.085,267.0,7,-3184.673613423506,-3700.9647933003407,NOR
638.6405555555556,265.0,7,-3052.567735296441,-3685.1160027065253,NOR
642.4761663575318,262.6812528,7,-3023.0,-3680.0,NOR
650.1072222222223,258.0,6,-2951.1535329033186,-3666.466323549914,NOR
656.5433357094173,253.3500032,6,-2886.0,-3652.0,NOR
667.1639471119433,245.4,6,-2783.0,-3620.0,NOR
671.6183333333335,242.0,6,-2732.8682743998934,-3598.751976504493,NOR
683.9931685199789,232.3500032,6,-2587.0,-3524.0,NOR
689.3516666666667,228.0,5,-2539.958450768504,-3495.390011435347,NOR
703.3516666666667,210.0,5,-2462.1084844467573,-3428.6658580309368,NOR
707.4889299753843,207.08000256,5,-2439.0,-3404.0,NOR
714.5738888888889,202.0,5,-2395.7824184376227,-3354.423117558903,NOR
716.3870408482866,201.0718768,5,-2385.0,-3341.0,NOR
728.1995763640908,194.8843768,5,-2322.0,-3237.0,NOR
731.7294444444444,193.0,4,-2304.1963059869327,-3187.6368506893664,NOR
739.6926831665236,189.1750016,4,-2270.0,-3067.0,NOR
746.1961111111111,186.0,4,-2257.2110229328523,-3011.610428960851,NOR
758.196111111111,180.0,4,-2261.0187278757594,-2973.0864114064266,NOR
760.7824836347959,178.6750016,4,-2262.0,-2955.0,NOR
768.4921587493901,174.6750016,4,-2265.0,-2878.0,NOR
769.796111111111,174.0,4,-2266.1657356753235,-2864.5021660172806,NOR
783.3294444444444,174.0,4,-2292.4838573817055,-2732.027474543314,NOR
784.892763515432,173.1750016,4,-2297.0,-2717.0,NOR
790.885,170.0,4,-2317.002105471454,-2659.885899227086,NOR
792.4664637177206,170.67346817936954,4,-2323.0,-2645.0,NOR
803.272730391183,175.14285788921293,4,-2369.0,-2548.0,NOR
812.8124999999999,179.0,4,-2409.284059204482,-2476.8218510314678,NOR
816.4628297547118,179.3272727272727,4,-2437.0,-2437.0,NOR
824.5546942980747,180.05000029090908,4,-2523.0,-2323.0,NOR
834.934722222222,181.0,4,-2571.5153217768207,-2264.5308065172276,NOR
841.1806311310585,175.66144046917807,4,-2594.0,-2239.0,NOR
849.8213888888887,168.0,4,-2648.563430100191,-2170.5956113902103,NOR
850.3614488077419,167.63333333333333,4,-2652.0,-2166.0,NOR
859.1636493421911,161.5222222222222,4,-2701.0,-2092.0,NOR
865.5213888888886,157.0,4,-2726.604926977251,-2035.7944787052886,NOR
866.9279695446312,156.31250133333333,4,-2731.0,-2023.0,NOR
875.654722222222,152.0,4,-2747.588168146743,-1941.6327065359055,NOR
876.1550573405481,151.87142857142857,4,-2748.0,-1937.0,NOR
886.9108476661239,149.0857142857143,4,-2739.0,-1831.0,NOR
887.2436111111109,149.0,4,-2737.9472317023647,-1826.9258191936035,NOR
896.99258169065,150.93333333333334,4,-2691.0,-1694.0,NOR
907.6436111111109,153.0,4,-2639.783598332535,-1593.7297877939595,NOR
914.7102777777776,159.0,4,-2605.7970269365924,-1544.3392233070083,NOR
918.0511939070109,162.96,4,-2589.0,-1521.0,NOR
924.1547222222221,170.0,4,-2556.8196173463357,-1477.8004470725837,NOR
928.5743950135411,171.1624992,4,-2531.0,-1445.0,NOR
935.6880555555555,173.0,4,-2485.3189638398376,-1390.721222564639,NOR
939.3837924296488,177.74499584,4,-2461.0,-1363.0,NOR
946.0213888888887,186.0,4,-2416.6949542786015,-1313.904047403017,NOR
959.7124121545145,193.906248,4,-2325.0,-1214.0,NOR
963.443611111111,196.0,5,-2300.79819026853,-1186.6425774343663,NOR
964.1166195278138,196.5,5,-2296.0,-1181.0,NOR
977.1769444444442,206.0,5,-2173.701001113295,-1023.764257506016,NOR
982.5937198635327,209.22,5,-2135.0,-972.0,NOR
989.0102777777777,213.0,5,-2109.872554199999,-937.4021942135944,NOR
1001.6857732808003,214.9968744,5,-2089.0,-904.0,NOR
1008.2102777777775,216.0,5,-2065.3121028724104,-867.4783253525584,NOR
1018.2102777777775,225.0,5,-2001.8907095457628,-774.7607369876289,NOR
1020.264184546111,224.01000192,5,-1982.0,-747.0,NOR
1021.5051390649631,223.41000192,5,-1969.0,-729.0,NOR
1037.1511896199077,215.61000192,5,-1859.0,-581.0,NOR
1041.8769444444442,213.0,5,-1821.707849471445,-534.0184198254959,NOR
1053.8423096747638,181.375008,5,-1718.0,-408.0,NOR
1059.9880555555553,163.0,5,-1695.9636973868305,-382.9210440865223,NOR
1062.8968280971603,152.9625088,5,-1685.0,-371.0,NOR
1066.254722222222,141.0,5,-1665.6716937634255,-349.7455001265842,NOR
1071.1748484517148,133.5187536,5,-1630.0,-311.0,NOR
1072.1213888888885,132.0,3,-1623.2655662323361,-303.92754629838845,NOR
1078.8457983370215,118.0875,3,-1575.0,-257.0,NOR
1081.988055555555,111.0,2,-1550.59250645746,-236.68407358880648,NOR
1085.1664783468063,106.91944675555555,2,-1525.0,-219.0,NOR
1090.55253896366,99.69722453333333,2,-1480.0,-200.0,NOR
1091.788055555555,98.0,2,-1469.2763685703926,-197.71573286200376,NOR
1095.2295989990523,93.843752,2,-1436.0,-197.0,NOR
1095.9213888888885,93.0,2,-1427.9521400024041,-198.2956429400606,NOR
1101.988055555555,91.0,2,-1348.124579429373,-224.71307826515465,NOR
1102.2870830231777,90.87188609181747,2,-1345.0,-226.0,NOR
1108.856944444444,88.0,2,-1305.8067085903008,-249.27291151521882,NOR
1111.9310740001097,86.18055466666667,2,-1289.0,-272.0,NOR
1117.156944444444,83.0,2,-1247.686982249928,-338.71795946790525,NOR
1118.3109033871126,82.78749973333333,2,-1241.0,-351.0,NOR
1122.6236111111107,82.0,2,-1230.9990293167498,-377.58084129891097,NOR
1125.2750249335106,85.468752,2,-1228.0,-392.0,NOR
1126.4902777777772,87.0,2,-1226.044752001952,-400.1689578298184,NOR
1132.656570488892,93.84054759499989,2,-1210.0,-462.0,NOR
1137.264400698475,98.57858790653843,2,-1192.0,-533.0,NOR
1138.6847222222216,100.0,2,-1188.554282198774,-547.4305288652857,NOR
1148.818055555555,114.0,2,-1181.8220294622686,-576.1085821223826,NOR
1152.9200448100785,123.8874944,2,-1156.0,-650.0,NOR
1155.9428793049415,130.8,2,-1129.0,-727.0,NOR
1157.818055555555,135.0,2,-1116.3321333270483,-763.019172956942,NOR
1169.1736111111106,146.0,2,-1098.4481703227423,-804.5422199644856,NOR
1172.086642769084,145.6,2,-1088.0,-823.0,NOR
1182.4645611134988,144.15555555555557,2,-1022.0,-949.0,NOR
1183.5736111111105,144.0,2,-1017.9441472362886,-956.7981758686461,NOR
1189.706944444444,138.0,2,-1014.1158289772347,-963.9544132697555,NOR
1194.3746660473387,120.3093824,2,-1012.0,-965.0,NOR
1198.6847222222218,101.0,2,-989.1062248267274,-999.9620868895448,NOR
1200.5746586897244,97.958336,2,-974.0,-1020.0,NOR
1204.7513888888884,91.0,1,-930.9425962525053,-1067.296301579864,NOR
1206.8072327138698,86.07142857142857,1,-911.0,-1087.0,NOR
1210.6624999999995,76.0,1,-891.4949479673803,-1102.71493595223,NOR
1213.7936659508748,73.70500096,1,-878.0,-1109.0,NOR
1214.7180555555549,73.0,1,-871.4607004323362,-1112.4523830228025,NOR
1217.549255090027,67.3,1,-844.0,-1125.0,NOR
1217.6958333333328,67.0,1,-842.3881443243898,-1125.4647655015021,NOR
1220.5847222222217,65.0,1,-807.0812382790397,-1129.5704291401835,NOR
1223.7322179527894,60.711112533333335,1,-769.0,-1125.0,NOR
1226.2847222222217,57.0,1,-751.8073822555856,-1116.122487791739,NOR
1229.2847222222217,54.0,1,-742.5779442332579,-1100.0395242175962,NOR
1229.7484637275977,53.6,1,-741.0,-1097.0,NOR
1230.0355353514399,53.35,1,-740.0,-1095.0,NOR
1233.729166666666,50.0,1,-731.1885013312371,-1044.229607713686,NOR
1234.161396415745,49.8,1,-731.0,-1038.0,NOR
1237.9958333333327,48.0,1,-738.2380239748134,-994.3131707193871,NOR
1239.7348376446266,47.5843752,1,-743.0,-980.0,NOR
1242.1736111111104,47.0,1,-748.4838930524651,-964.9594570021518,NOR
1244.195916653392,48.63928502857143,1,-754.0,-953.0,NOR
1246.0624999999993,50.0,1,-760.4792337663339,-940.9686405250919,NOR
1266.2797622687442,80.9924017193417,1,-858.0,-810.0,NOR
1267.0408333333326,82.0,1,-862.8884062476774,-804.7806868095213,NOR
1273.2288491491113,92.26666951111112,1,-909.0,-757.0,NOR
1276.8408333333325,98.0,1,-944.9659518889973,-718.9007291891006,NOR
1278.8890615996822,100.6625024,1,-963.0,-699.0,NOR
1281.4630555555548,104.0,2,-980.4314987957182,-678.4007775633838,NOR
1288.1297222222213,100.0,2,-1004.2864515590348,-640.1388260528021,NOR
1290.6232170300812,98.85534556765964,2,-1012.0,-623.0,NOR
1292.4580555555547,98.0,2,-1018.0657550664548,-608.2894255030284,NOR
1295.3929536284504,96.0,2,-1026.0,-576.0,NOR
1299.691388888888,93.0,2,-1024.6734007278749,-501.2779471288464,NOR
1300.0254683786136,92.96750016,2,-1024.0,-496.0,NOR
1309.9136111111102,92.0,2,-979.4373928823754,-409.6431154650709,NOR
1310.2077349810538,91.79,2,-978.0,-408.0,NOR
1319.3580555555545,85.0,2,-933.9936749335939,-365.63044743848866,NOR
1321.092244881063,85.6083328,2,-921.0,-357.0,NOR
1322.0485948391079,85.94166613333333,2,-913.0,-352.0,NOR
1325.1580555555545,87.0,2,-889.5335929353397,-336.47067497751254,NOR
1327.5256637225539,89.78999808,2,-867.0,-323.0,NOR
1330.3247222222212,93.0,2,-829.224786046474,-303.2215639221813,NOR
1334.6358333333324,97.0,2,-766.9186528073955,-272.87442529911215,NOR
1334.997249012515,97.4874976,2,-763.0,-271.0,NOR
1341.702499999999,106.0,2,-723.2483258869304,-252.98977133293548,NOR
1346.802849253278,116.76666666666667,2,-695.0,-242.0,NOR
1349.902499999999,123.0,2,-669.2665526967968,-232.0458406307776,NOR
1356.1760055555073,125.88333226666667,2,-607.0,-209.0,NOR
1362.802499999999,129.0,2,-542.0373780754264,-188.8887221489297,NOR
1363.9061565750553,127.23214628571428,2,-531.0,-186.0,NOR
1370.229540817539,116.51786057142857,2,-467.0,-173.0,NOR
1371.6691666666657,114.0,2,-452.64023863171474,-171.06224474978114,NOR
1376.4691666666656,108.0,2,-405.45738646284985,-167.97281234248513,NOR
1376.81931787524,107.65,2,-402.0,-168.0,NOR
1381.9206285657742,102.3708352,2,-352.0,-173.0,NOR
1383.202499999999,101.0,2,-340.3259597638354,-175.73488834342226,NOR
1387.2710613978963,98.21818298181819,2,-305.0,-192.0,NOR
1394.3941449632791,93.1272738909091,2,-245.0,-261.0,NOR
1394.5691666666655,93.0,2,-243.99734906672907,-262.51001933698876,NOR
1401.3159673587159,89.5875008,2,-223.0,-309.0,NOR
1402.4802777777768,89.0,2,-219.7885358723185,-318.598123305274,NOR
1406.8000843858551,89.86499968,2,-207.0,-363.0,NOR
1407.4802777777768,90.0,2,-205.12069955702765,-371.5254218739117,NOR
1414.4788793687144,92.72999936,2,-190.0,-464.0,NOR
1417.9247222222211,94.0,2,-187.1403445037221,-485.90978523859206,NOR
1422.9240946512825,103.51499648,2,-186.0,-512.0,NOR
1423.7580555555546,105.0,2,-185.8525607393287,-518.8351607834601,NOR
1430.215887446215,116.4593712,2,-185.0,-582.0,NOR
1434.7802777777767,124.0,2,-184.8009935945032,-621.8023360444575,NOR
1435.991788873684,125.81499648,2,-185.0,-633.0,NOR
1442.2802777777767,135.0,3,-188.10589674940664,-697.6961636195019,NOR
1443.513931544579,136.39130490089138,3,-189.0,-710.0,NOR
1448.630833333332,142.0,3,-193.42690424065265,-756.885215235753,NOR
1452.4748359156654,146.80278115555555,3,-198.0,-799.0,NOR
1464.7308333333324,161.0,4,-217.39569580522556,-977.4541778312148,NOR
1465.2442012062281,161.5500032,4,-218.0,-983.0,NOR
1474.2308333333322,171.0,4,-223.9524845775938,-1037.2894342682405,NOR
1484.9209229603296,179.1522752,4,-232.0,-1110.0,NOR
1497.2086111111098,188.0,4,-253.21997900808145,-1302.07499131736,NOR
1497.812408903121,188.45961262001336,4,-254.0,-1309.0,NOR
1514.7029069398518,200.9944293268984,4,-264.0,-1396.0,NOR
1517.452222222221,203.0,5,-265.8632592963823,-1415.1762644090368,NOR
1529.732845459356,208.3,5,-280.0,-1544.0,NOR
1531.3855555555544,209.0,5,-283.045320060572,-1565.509177108666,NOR
1548.34111111111,218.0,5,-322.5709737929493,-1796.746683001257,NOR
1549.0798583992525,218.3,5,-324.0,-1804.0,NOR
1560.7299999999987,223.0,5,-340.97604328836377,-1875.5799170049622,NOR
1570.2368164209965,224.27499946666666,5,-361.0,-1937.0,NOR
1575.7299999999989,225.0,6,-379.49470458378045,-1993.929230815412,NOR
1585.641819243817,230.46428342857143,6,-417.0,-2108.0,NOR
1594.0077777777767,235.0,6,-442.13753203301735,-2180.612875394639,NOR
1604.6299999999987,239.0,6,-472.17815003828684,-2261.567865866803,NOR
1605.5012677081468,239.2437488,6,-475.0,-2269.0,NOR
1619.0113393134388,242.975,6,-524.0,-2395.0,NOR
1626.4077777777766,245.0,6,-551.8545176450203,-2463.5819835010784,NOR
1639.6091859283183,247.4,6,-603.0,-2584.0,NOR
1642.94111111111,248.0,6,-616.3965873144489,-2614.5458245713853,NOR
1657.853596745921,251.975,6,-678.0,-2749.0,NOR
1665.518888888888,254.0,6,-710.2415859812286,-2813.845416126258,NOR
1672.0657758839527,255.15,6,-743.0,-2874.0,NOR
1682.6522222222213,257.0,6,-814.1518152330672,-2991.267434391286,NOR
1687.9122844362587,258.3687488,6,-858.0,-3052.0,NOR
1694.2077777777765,260.0,7,-918.0137787702529,-3123.353310794458,NOR
1709.7003018237447,261.5214281142857,7,-1066.0,-3273.0,NOR
1714.5855555555545,262.0,7,-1096.1134999982191,-3302.863627507741,NOR
1729.1966666666658,263.0,7,-1140.1885246588733,-3344.117689305107,NOR
1741.923474213089,264.72999936,7,-1244.0,-3403.0,NOR
1743.9188888888877,265.0,7,-1270.628192639822,-3417.432336100059,NOR
1755.2004473382574,266.62857142857143,7,-1443.0,-3509.0,NOR
1764.7633333333322,268.0,7,-1535.1709794073888,-3555.4984754942275,NOR
1782.829999999999,271.0,7,-1618.7415166027279,-3591.453033975876,NOR
1785.3217265879705,271.18333297777775,7,-1635.0,-3599.0,NOR
1809.594972462013,272.9611107555556,7,-1853.0,-3706.0,NOR
1810.129999999999,273.0,7,-1857.9226309228056,-3708.4632124391246,NOR
1822.3966666666654,276.0,7,-1967.233321016511,-3763.5480821580977,NOR
1823.393173875481,276.0,7,-1976.0,-3768.0,NOR
1834.6633333333323,276.0,7,-2075.1932856515486,-3818.6798451255986,NOR
1840.2117587363616,276.9,7,-2127.0,-3845.0,NOR
1847.0188888888877,278.0,7,-2195.0598601175006,-3879.250295579634,NOR
1858.9045365241425,279.0928566857143,7,-2321.0,-3941.0,NOR
1868.7966666666655,280.0,7,-2426.0320515610365,-3989.7510036748513,NOR
1887.6080555555543,281.0,7,-2605.4550375191316,-4068.2232403648973,NOR
1888.4703898249018,281.1375008,7,-2612.0,-4071.0,NOR
1900.1858333333323,283.0,7,-2685.529115765891,-4101.337804396219,NOR
1916.835433122611,283.75357165714286,7,-2788.0,-4139.0,NOR
1922.2747222222213,284.0,7,-2836.5506706046544,-4155.908415804879,NOR
1931.0085754710976,284.0,7,-2923.0,-4185.0,NOR
1941.2080555555542,284.0,7,-3019.7732981114173,-4215.080456620194,NOR
1945.2803252244735,283.74499968,7,-3058.0,-4226.0,NOR
1971.9720129008974,282.04,7,-3317.0,-4286.0,NOR
1972.541388888888,282.0,7,-3322.821556394831,-4287.112698698061,NOR
1978.783629215161,269.56263543506,7,-3390.0,-4299.0,NOR
1995.7320806408825,231.29384830340254,7,-3631.0,-4330.0,NOR
1999.6130555555542,222.0,7,-3667.8538632806885,-4334.229072674071,NOR
2008.4130555555544,198.0,7,-3714.059170068292,-4339.045102097362,NOR
2013.0474661353312,188.03333333333333,7,-3743.0,-4342.0,NOR
2019.879722222221,172.0,7,-3806.8253723175785,-4348.710251629341,NOR
2027.8799139378089,156.64,7,-3896.0,-4358.0,NOR
2034.4869058833374,142.24,7,-3964.0,-4366.0,NOR
2035.4352777777765,140.0,5,-3978.0514352544274,-4368.385379043794,NOR
2040.251145635521,121.51250773333334,5,-4063.0,-4385.0,NOR
2042.8352777777766,111.0,3,-4093.2244509555508,-4391.479832453359,NOR
2051.682640750686,103.2,3,-4124.0,-4410.0,NOR
2054.057499999999,101.0,2,-4139.347264578729,-4423.610724063011,NOR
2058.033544064834,97.2,2,-4170.0,-4455.0,NOR
2062.0679202883807,93.1750016,2,-4193.0,-4493.0,NOR
2064.16861111111,91.0,2,-4203.644553381292,-4513.435745767426,NOR
2069.0926075756897,83.90000213333333,2,-4231.0,-4562.0,NOR
2069.701944444443,83.0,2,-4235.398015994733,-4568.042171533758,NOR
2074.1463888888875,80.0,2,-4271.844608047506,-4608.975565790566,NOR
2074.4325349244655,79.8375008,2,-4274.0,-4611.0,NOR
2077.613055555554,78.0,2,-4295.134929931955,-4627.211854836062,NOR
2080.813055555554,72.0,2,-4317.319359105805,-4636.193278338004,NOR
2081.4572469113937,71.7937504,2,-4323.0,-4638.0,NOR
2084.9284917500586,70.6687504,2,-4359.0,-4647.0,NOR
2087.035277777776,70.0,2,-4379.999050039405,-4649.835830792975,NOR
2088.895987886718,71.27777777777777,2,-4398.0,-4651.0,NOR
2092.2551558988825,73.513888,2,-4431.0,-4651.0,NOR
2094.535277777776,75.0,2,-4453.96098916379,-4649.063070212414,NOR
2097.413431090198,77.4937488,2,-4482.0,-4645.0,NOR
2098.001944444443,78.0,2,-4487.3580393670645,-4644.05208583863,NOR
2101.601944444443,81.0,2,-4516.946790853943,-4637.561990831682,NOR
2105.6636760026054,90.0843712,2,-4559.0,-4627.0,NOR
2110.4908333333315,100.0,2,-4628.7467462482455,-4610.106754050949,NOR
2110.8652135523243,100.406248,2,-4634.0,-4609.0,NOR
2115.1574999999984,105.0,2,-4686.298384374336,-4600.515940740103,NOR
2124.228712886062,118.6499968,2,-4768.0,-4600.0,NOR
2125.913055555554,121.0,2,-4783.776456152133,-4601.052990141974,NOR
2135.046388888887,137.0,3,-4873.009982218748,-4611.13232320208,NOR
2140.595096833786,143.6499968,3,-4926.0,-4619.0,NOR
2147.457517721957,151.6,3,-4993.0,-4630.0,NOR
2148.646388888887,153.0,3,-5006.0502755041125,-4632.093035273408,NOR
2157.188888888887,153.0,4,-5109.543860466943,-4647.923796222987,NOR
2160.480766166668,158.7,4,-5144.0,-4653.0,NOR
2168.6555555555537,172.0,4,-5213.221902556354,-4662.844499157962,NOR
2173.2500648023943,176.92917013333334,4,-5250.0,-4668.0,NOR
2180.9888888888872,185.0,4,-5315.351439127247,-4677.206784161362,NOR
2186.905240888378,188.39166862222223,4,-5383.0,-4686.0,NOR
2198.971879143561,195.11389084444446,4,-5567.0,-4708.0,NOR
2200.588888888887,196.0,5,-5586.183787621124,-4710.282705922416,NOR
2209.611111111109,203.0,5,-5655.667605483942,-4718.676152478826,NOR
2221.7951674857177,206.975,5,-5726.0,-4727.0,NOR
2228.188888888887,209.0,5,-5782.986747102132,-4733.439249335343,NOR
2241.1547847434263,216.9323319607287,5,-5917.0,-4748.0,NOR
2252.5720733189364,223.73683974145928,5,-6027.0,-4759.0,NOR
2253.015555555554,224.0,5,-6031.3393544104,-4759.420140874096,NOR
2268.3488888888874,230.0,5,-6185.286000693202,-4773.395189595992,NOR
2269.1266415427303,230.0857142857143,5,-6193.0,-4774.0,NOR
2279.5940516540763,231.22857142857143,5,-6295.0,-4781.0,NOR
2286.393333333332,232.0,5,-6363.148163270405,-4784.896984995814,NOR
2293.0684211209823,222.26944995555556,5,-6433.0,-4789.0,NOR
2301.8043770638724,208.57777777777778,5,-6526.0,-4796.0,NOR
2306.493333333332,201.0,5,-6572.278787580456,-4800.569129366107,NOR
2309.225370926869,198.21428571428572,5,-6601.0,-4806.0,NOR
2320.9599999999987,186.0,4,-6752.178552141123,-4865.7885246247815,NOR
2324.643803826688,185.1,4,-6795.0,-4891.0,NOR
2333.1599999999985,183.0,4,-6871.377857843227,-4955.414504823586,NOR
2341.07111111111,178.0,4,-6918.834661831782,-5016.068391420298,NOR
2344.6816864559873,178.52142811428573,4,-6936.0,-5038.0,NOR
2355.07111111111,180.0,4,-6970.376217290539,-5080.711123727042,NOR
2363.0466972865092,184.67499804444444,4,-7001.0,-5131.0,NOR
2374.17111111111,191.0,4,-7068.462849607413,-5261.963022754966,NOR
2381.4532491363075,194.3249984,4,-7108.0,-5346.0,NOR
2391.8599999999988,199.0,5,-7139.893804071708,-5427.573692103903,NOR
2400.9266666666654,204.0,5,-7153.540794964566,-5484.127309839387,NOR
2406.310750088146,206.71249813333333,5,-7164.0,-5532.0,NOR
2414.993333333332,211.0,5,-7182.114154633845,-5620.008028496619,NOR
2415.7104205641763,211.34285714285716,5,-7183.0,-5625.0,NOR
2421.7952437285576,214.2285696,5,-7187.0,-5655.0,NOR
2432.0266666666653,219.0,5,-7201.237870524458,-5754.635091640707,NOR
2434.007359641003,220.0,5,-7204.0,-5776.0,NOR
2441.9822222222206,224.0,5,-7212.7602815722785,-5857.732214124472,NOR
2452.0266666666653,226.0,5,-7218.931295461111,-5955.063112974656,NOR
2455.387676401088,226.94642742857144,5,-7220.0,-5988.0,NOR
2469.473082074337,230.85714285714286,5,-7218.0,-6127.0,NOR
2469.993333333332,231.0,6,-7217.617065503433,-6132.032417176257,NOR
2483.9910312837465,234.38863534545453,6,-7197.0,-6262.0,NOR
2495.9551763206005,237.2522717090909,6,-7157.0,-6359.0,NOR
2499.082222222221,238.0,6,-7140.341364003452,-6380.451689833792,NOR
2507.938036444897,239.1083328,6,-7080.0,-6446.0,NOR
2515.082222222221,240.0,6,-7022.045407842318,-6532.07262870683,NOR
2524.001407115764,241.32999936,6,-6956.0,-6649.0,NOR
2528.5266666666653,242.0,6,-6933.887368307027,-6694.479723942955,NOR
2550.550833333332,247.0,6,-6894.546233133721,-6841.844130621154,NOR
2551.3118474293133,247.08250048,6,-6893.0,-6848.0,NOR
2567.98602946613,248.88250048,6,-6850.0,-7007.0,NOR
2578.32861111111,250.0,6,-6825.6963622830035,-7106.949480161505,NOR
2580.543782570359,249.04,6,-6821.0,-7128.0,NOR
2591.3082182090516,244.26999808,6,-6800.0,-7234.0,NOR
2591.8841666666654,244.0,6,-6798.874388132026,-7240.534401136758,NOR
2608.32503489686,209.80749248,6,-6768.0,-7457.0,NOR
2613.773055555554,197.0,6,-6762.72350628906,-7499.586515474214,NOR
2621.79493029364,183.36673948184207,6,-6758.0,-7554.0,NOR
2633.528055555554,162.0,4,-6745.923684482288,-7731.507383358479,NOR
2634.9109803405468,160.72,4,-6745.0,-7749.0,NOR
2642.08361111111,154.0,3,-6743.474766815944,-7809.161646328844,NOR
2650.814118145867,148.6750016,3,-6750.0,-7857.0,NOR
2653.516944444443,147.0,3,-6754.129106482603,-7878.998524825982,NOR
2659.6402387685725,144.1312512,3,-6771.0,-7934.0,NOR
2659.9169444444433,144.0,3,-6772.213650189724,-7936.252268764412,NOR
2668.8812558169634,139.16666666666666,3,-6831.0,-8000.0,NOR
2669.18361111111,139.0,3,-6833.351785364861,-8002.165581601792,NOR
2675.590831974016,135.41666666666666,3,-6881.0,-8058.0,NOR
2678.1169444444436,134.0,3,-6891.4748674850425,-8093.482201322923,NOR
2682.3387798053336,134.0,3,-6899.0,-8161.0,NOR
2691.5169444444437,134.0,3,-6891.845196013139,-8273.966143985952,NOR
2697.2947222222215,130.0,3,-6880.734640438759,-8324.019560398849,NOR
2699.206530060482,131.3,3,-6878.0,-8337.0,NOR
2703.2502777777772,134.0,3,-6873.693937394609,-8358.807162086452,NOR
2709.4280555555547,139.0,3,-6866.236613931744,-8391.355615521148,NOR
2712.3826013487874,143.01499648,3,-6857.0,-8422.0,NOR
2717.761388888888,150.0,3,-6831.110655884938,-8502.047861601864,NOR
2721.861391838236,155.75,3,-6810.0,-8563.0,NOR
2728.761388888888,165.0,3,-6779.301431499739,-8641.382088596805,NOR
2744.5836111111103,178.0,4,-6721.013329133862,-8754.277904977507,NOR
2746.2221051214406,179.1,4,-6715.0,-8765.0,NOR
2759.8783365408626,188.0375,4,-6660.0,-8856.0,NOR
2761.3836111111104,189.0,4,-6652.355264539518,-8867.217625778549,NOR
2776.78361111111,198.0,4,-6557.426402927655,-8991.77125299729,NOR
2777.4563060031846,198.15,4,-6553.0,-8997.0,NOR
2789.807530796284,200.9124992,4,-6469.0,-9087.0,NOR
2790.18361111111,201.0,4,-6466.2945694918435,-9089.581209175025,NOR
2798.0760580237215,191.61136756363638,4,-6403.0,-9143.0,NOR
2811.1403979691013,174.4295493818182,4,-6239.0,-9241.0,NOR
2811.4502777777766,174.0,4,-6235.143662327304,-9243.150030969491,NOR
2819.8391666666657,151.0,4,-6139.585641721882,-9295.471147812854,NOR
2827.7401157549775,128.4281312,4,-6067.0,-9335.0,NOR
2830.5058333333322,120.0,3,-6051.512814539813,-9344.07684693002,NOR
2835.528055555554,113.0,2,-6034.157458291956,-9356.20221826822,NOR
2837.6062107552475,108.45171647635469,2,-6023.0,-9365.0,NOR
2841.641099394503,98.54516845760368,2,-5991.0,-9392.0,NOR
2843.820555555554,93.0,2,-5975.63867315161,-9407.878274619266,NOR
2846.5189127774274,88.8374976,2,-5960.0,-9428.0,NOR
2847.687222222221,87.0,2,-5954.011125235572,-9437.205866466924,NOR
2852.2427777777766,82.0,2,-5935.672118886121,-9476.626920106894,NOR
2853.7693342675884,80.2249984,2,-5932.0,-9491.0,NOR
2858.07611111111,75.0,2,-5929.655377909577,-9534.318861510066,NOR
2858.7120408535643,74.6124992,2,-5930.0,-9541.0,NOR
2859.942565303384,73.8624992,2,-5931.0,-9554.0,NOR
2861.3205555555546,73.0,2,-5932.44305568402,-9567.885662060306,NOR
2865.175965317333,68.25249856,2,-5942.0,-9608.0,NOR
2868.4316666666655,64.0,2,-5963.602737727646,-9652.435582405193,NOR
2869.3163910681933,63.8406248,2,-5969.0,-9662.0,NOR
2874.0316666666654,63.0,2,-5988.793149151226,-9686.692169839724,NOR
2874.936761130268,63.3187504,2,-5994.0,-9691.0,NOR
2876.87611111111,64.0,2,-6008.426780562954,-9702.346068314453,NOR
2878.843439512953,64.0,2,-6025.0,-9714.0,NOR
2879.7027777777766,64.0,2,-6031.884082309415,-9718.149358318791,NOR
2884.0262774662183,67.31428571428572,2,-6072.0,-9734.0,NOR
2884.9916666666654,68.0,2,-6085.31822143968,-9737.723238807992,NOR
2889.3249999999985,78.0,2,-6149.930873389384,-9753.33079929468,NOR
2889.597990078955,78.45,2,-6153.0,-9754.0,NOR
2895.1249999999986,87.0,2,-6188.346487026388,-9759.740881345091,NOR
2898.7918902602987,94.7,2,-6214.0,-9762.0,NOR
2903.0677234127675,102.86666666666666,2,-6257.0,-9766.0,NOR
2905.924999999999,108.0,2,-6285.0450459517115,-9768.340102696873,NOR
2915.4042467005656,120.08888888888889,2,-6372.0,-9773.0,NOR
2918.324999999999,124.0,2,-6401.8907545874345,-9773.299539094232,NOR
2921.2267984219025,117.80000426666666,2,-6433.0,-9773.0,NOR
2925.524999999999,108.0,2,-6477.754813816735,-9771.356596260137,NOR
2927.59101207469,105.08000256,2,-6498.0,-9770.0,NOR
2930.864689967748,100.32,2,-6529.0,-9767.0,NOR
2931.080555555555,100.0,2,-6531.132651927179,-9766.761075634386,NOR
2938.1370811186057,94.05,2,-6606.0,-9756.0,NOR
2939.3472222222213,93.0,2,-6617.457543045793,-9753.661186390107,NOR
2944.2916666666656,89.0,2,-6661.148452648039,-9740.236846777281,NOR
2944.5800452338945,88.7,2,-6664.0,-9739.0,NOR
2948.0694444444434,85.0,2,-6701.304544236845,-9719.301907426447,NOR
2948.8422902907346,85.0,2,-6709.0,-9714.0,NOR
2956.5694444444434,85.0,2,-6762.342962639458,-9649.582123065135,NOR
2957.375932908544,85.8249984,2,-6766.0,-9643.0,NOR
2960.524999999999,89.0,2,-6777.631312761945,-9618.501995514865,NOR
2968.8805555555546,94.0,2,-6796.228084848696,-9552.360436193645,NOR
2969.2591644086965,94.83055146666666,2,-6797.0,-9549.0,NOR
2974.903310584535,106.33055146666666,2,-6808.0,-9498.0,NOR
2980.5805555555544,117.0,2,-6818.794997999362,-9447.020830847197,NOR
2981.0327462599093,117.7041632,2,-6820.0,-9442.0,NOR
2989.247222222221,130.0,2,-6851.48939788595,-9328.113425559184,NOR
2991.297581486057,133.02856777142858,2,-6860.0,-9303.0,NOR
3000.6027777777763,146.0,3,-6897.384527368566,-9222.231208137971,NOR
3008.9420381662476,154.8458304,3,-6931.0,-9169.0,NOR
3011.0694444444434,157.0,3,-6939.518184127699,-9155.923225848404,NOR
3023.225548992024,170.26316024610043,3,-6993.0,-9077.0,NOR
3028.718333333332,176.0,4,-7025.961828226529,-9029.979676703353,NOR
3033.367442782749,180.09500288,4,-7054.0,-8990.0,NOR
3038.9961111111097,185.0,4,-7083.567664347456,-8947.350200155552,NOR
3047.3961111111103,189.0,4,-7125.83248977189,-8879.300916452245,NOR
3050.170686330227,191.76250346666666,4,-7143.0,-8847.0,NOR
3060.3435753753047,201.51250346666666,4,-7211.0,-8707.0,NOR
3060.8627777777765,202.0,5,-7213.666722454588,-8701.229809022467,NOR
3080.599759328787,212.79,5,-7262.0,-8576.0,NOR
3084.7516666666647,215.0,5,-7274.060995160095,-8541.573351923524,NOR
3092.8386567699795,218.63889066666667,5,-7301.0,-8464.0,NOR
3107.2516666666656,225.0,5,-7343.956427246023,-8329.217003095458,NOR
3111.8545363462026,226.8,5,-7357.0,-8286.0,NOR
3124.712432913163,231.7750016,5,-7393.0,-8163.0,NOR
3125.2961111111094,232.0,6,-7394.6305322911085,-8157.363335628508,NOR
3135.1232758553974,234.27638214226906,6,-7422.0,-8062.0,NOR
3138.286388888888,235.0,6,-7430.670648355561,-8031.285818202058,NOR
3151.2543282131132,241.75499776,6,-7465.0,-7907.0,NOR
3151.7308333333317,242.0,6,-7466.210958121651,-7902.536709230512,NOR
3156.654451113747,244.25,6,-7479.0,-7855.0,NOR
3162.7086111111103,247.0,6,-7498.263225856549,-7782.1202272191695,NOR
3173.775277777777,249.0,6,-7539.583441293183,-7620.753924190625,NOR
3177.4119171552443,250.3,6,-7551.0,-7573.0,NOR
3185.019722222221,253.0,6,-7570.52013899307,-7484.672161621683,NOR
3202.086388888887,256.0,7,-7597.9811571564305,-7326.321379027954,NOR
3205.913484552524,257.656248,7,-7603.0,-7292.0,NOR
3213.686388888888,261.0,7,-7612.395395685545,-7222.032917695115,NOR
3231.153055555554,262.0,7,-7629.792750413204,-7065.875465230146,NOR
3239.3691377188256,263.68,7,-7636.0,-7001.0,NOR
3245.875277777777,265.0,7,-7640.003100651775,-6954.518444092717,NOR
3257.830833333332,269.0,7,-7647.056139393545,-6855.8388177630895,NOR
3260.2315899425107,269.26666666666665,7,-7649.0,-6826.0,NOR
3275.897499999998,271.0,7,-7665.407330379453,-6561.760899761356,NOR
3279.835404027434,271.5571428571429,7,-7669.0,-6503.0,NOR
3282.3391650337694,271.9107136,7,-7671.005858468623,-6470.122136781141,NOR
0.03240884598039635,278.430105593094,7,-7672.561943771772,-6456.548133801027,RUS
4.966384163359131,279.3333321099166,7,-7676.0,-6388.0,RUS
19.53833333333333,282.0,7,-7679.217652038276,-6231.691640816177,RUS
37.89621003898765,282.7312496,7,-7674.0,-6089.0,RUS
44.69388888888888,283.0,7,-7671.347637846112,-6036.703403771339,RUS
61.699247500742196,286.31775667394527,7,-7662.0,-5898.0,RUS
70.37388888888889,288.0,7,-7654.705442681955,-5814.414159470484,RUS
82.61257363717513,285.0444444444444,7,-7642.0,-5691.0,RUS
98.47388888888888,281.0,7,-7620.639382032662,-5533.172372409292,RUS
103.40071325298786,267.62857142857143,7,-7610.0,-5472.0,RUS
116.285,229.0,7,-7571.7122095770565,-5282.987032147716,RUS
116.99008755723031,227.6,7,-7570.0,-5275.0,RUS
129.685,201.0,7,-7550.118078839519,-5190.375362906054,RUS
130.316795191873,199.85,7,-7549.0,-5186.0,RUS
141.55166666666665,178.0,7,-7520.523340087687,-5076.582764480081,RUS
144.72546226120468,169.6,7,-7511.0,-5042.0,RUS
151.55166666666665,150.0,5,-7490.2639602788595,-4971.790005544964,RUS
153.61175667024526,147.3500032,5,-7484.0,-4951.0,RUS
157.35012540394712,142.4,5,-7472.0,-4912.0,RUS
163.46277777777775,134.0,4,-7443.302433030223,-4835.737434701266,RUS
169.1072222222222,127.0,3,-7414.442479050703,-4769.381140271693,RUS
170.22137489320104,126.6,3,-7410.0,-4760.0,RUS
179.1045100024922,123.35,3,-7382.0,-4718.0,RUS
180.04055555555553,123.0,3,-7377.610909664389,-4713.383241452837,RUS
187.64619945469065,119.77777777777777,3,-7321.0,-4668.0,RUS
191.84055555555554,118.0,3,-7269.214873558531,-4645.597444680604,RUS
197.17388888888885,120.0,3,-7197.337252551676,-4623.413172146866,RUS
198.29618660320847,120.65999872,3,-7185.0,-4620.0,RUS
211.39611111111108,128.0,3,-7089.2020481647905,-4603.742362401217,RUS
213.35384246804384,131.25,3,-7072.0,-4602.0,RUS
216.42770605729282,136.25,3,-7042.0,-4599.0,RUS
217.5294444444444,138.0,3,-7031.367110282308,-4597.962496134512,RUS
227.1818371302362,148.15,3,-6933.0,-4589.0,RUS
231.04055555555553,152.0,3,-6878.809013675464,-4584.275934161973,RUS
237.00289535072187,157.5,3,-6795.0,-4577.0,RUS
247.7405555555555,167.0,3,-6711.733154139373,-4569.48490058126,RUS
255.5627777777777,176.0,3,-6658.442039506622,-4563.633688042491,RUS
256.21197119538573,176.5687472,3,-6653.0,-4563.0,RUS
263.69611111111107,183.0,4,-6580.405513750505,-4554.226194362959,RUS
268.4901028156244,185.68333333333334,4,-6534.0,-4548.0,RUS
275.9862975493057,189.79583146666667,4,-6461.0,-4536.0,RUS
276.36277777777775,190.0,4,-6455.9731400032015,-4535.047973074958,RUS
286.9169433632688,196.75499776,4,-6280.0,-4499.0,RUS
287.3072222222222,197.0,5,-6274.752045000743,-4497.881771193997,RUS
303.3294444444444,206.0,5,-6174.187336684266,-4473.9981456285595,RUS
309.9550383056287,208.5111096888889,5,-6135.0,-4464.0,RUS
321.8849877342125,212.95555413333332,5,-6020.0,-4436.0,RUS
324.7294444444444,214.0,5,-5986.021729829092,-4427.652664228579,RUS
341.9961111111111,222.0,5,-5765.950347361942,-4372.780478105478,RUS
344.06571993051153,222.66165274600056,5,-5747.0,-4368.0,RUS
361.9104079843306,228.27568693322314,5,-5638.0,-4340.0,RUS
367.48777777777775,230.0,6,-5590.387299818649,-4327.779575267487,RUS
378.907130569467,233.5510183112589,6,-5475.0,-4298.0,RUS
396.2246771852336,238.83673467018372,6,-5300.0,-4255.0,RUS
396.7652777777777,239.0,6,-5292.856885233441,-4253.557662512757,RUS
411.2112664189168,243.6375,6,-5075.0,-4216.0,RUS
418.6319444444444,246.0,6,-4983.851594431253,-4204.878762659124,RUS
432.4652777777777,249.0,6,-4858.452404977139,-4196.293947293122,RUS
434.69642672966114,249.45714285714286,6,-4841.0,-4195.0,RUS
452.1430555555556,253.0,7,-4725.76578533549,-4183.603800197869,RUS
464.3298911274687,254.29,7,-4637.0,-4164.0,RUS
480.5874999999999,256.0,7,-4485.926114941503,-4114.494597080086,RUS
482.87990397513653,256.48,7,-4465.0,-4106.0,RUS
494.39678602209113,258.88,7,-4359.0,-4056.0,RUS
494.9763888888889,259.0,7,-4352.694461604863,-4052.8392063769907,RUS
510.4804263272267,261.65,7,-4161.0,-3955.0,RUS
524.3097222222223,264.0,7,-4045.08622259325,-3898.5329703393923,RUS
536.0430555555555,264.0,7,-3974.5317900074897,-3869.630561011669,RUS
542.8628578180889,264.0,7,-3920.0,-3850.0,RUS
547.7763888888888,264.0,7,-3874.110127541099,-3834.377221003096,RUS
554.5226443152897,264.0,7,-3809.0,-3813.0,RUS
565.3763888888889,264.0,7,-3717.174414194963,-3784.9148028924824,RUS
570.6587712356784,264.0,7,-3654.0,-3771.0,RUS
585.9097222222223,264.0,7,-3401.2265568072335,-3729.406015579881,RUS
586.7878351247878,264.0,7,-3392.0,-3728.0,RUS
603.5097222222223,264.0,7,-3367.806595144082,-3725.657833437179,RUS
607.3777687351409,265.625,7,-3359.0,-3725.0,RUS
615.4652777777777,269.0,7,-3308.0661888430095,-3719.1203905845655,RUS
627.4208333333332,269.0,7,-3163.198456932163,-3700.514422570811,RUS
637.0534780939774,263.225,7,-3050.0,-3684.0,RUS
639.0652777777777,262.0,7,-3028.7573603614896,-3680.590530097763,RUS
653.0652777777779,252.0,7,-2901.9197560379516,-3656.1501851215453,RUS
659.2731706485571,246.02143268571427,7,-2846.0,-3641.0,RUS
669.4946373525455,235.8,7,-2748.0,-3607.0,RUS
671.2652777777778,234.0,6,-2731.3551604325316,-3600.0624307278326,RUS
681.2208333333333,224.0,6,-2641.9701065421946,-3556.2525190590413,RUS
683.2346294525395,222.7625024,6,-2625.0,-3547.0,RUS
695.5541666666667,215.0,5,-2525.1361720662576,-3481.84223601801,RUS
697.471471682667,213.1437536,5,-2507.0,-3466.0,RUS
704.7097222222222,206.0,5,-2427.5557081916713,-3385.747807647503,RUS
709.8242788914121,202.5125024,5,-2375.0,-3326.0,RUS
721.9541666666667,194.0,4,-2309.3280101289392,-3227.968394033472,RUS
730.5763888888889,194.0,4,-2296.5101704396384,-3180.057624712762,RUS
735.3178232368047,189.01666666666668,4,-2288.0,-3147.0,RUS
742.6430555555555,181.0,4,-2272.4373795817437,-3085.2563827720846,RUS
751.9692764222764,175.3708352,4,-2261.0,-2972.0,RUS
754.2430555555555,174.0,4,-2262.3507665193865,-2935.2246314557824,RUS
762.6903498905242,175.1795450181818,4,-2276.0,-2796.0,RUS
775.876388888889,177.0,4,-2293.321574493717,-2719.646728022375,RUS
780.4759495527893,177.66428525714286,4,-2305.0,-2691.0,RUS
788.3881524643082,178.8,4,-2335.0,-2616.0,RUS
789.7986111111112,179.0,4,-2340.6672560179068,-2603.089671160993,RUS
800.6792489733427,183.4560644134388,4,-2392.0,-2508.0,RUS
802.0141666666667,184.0,4,-2401.0286227431625,-2493.9436036361594,RUS
810.236388888889,185.0,4,-2471.0860671922705,-2393.2495104046607,RUS
816.0609199737748,184.29595041414586,4,-2517.0,-2331.0,RUS
826.5538888888891,183.0,4,-2570.616410730002,-2265.007895832286,RUS
836.4202395007486,170.12857142857143,4,-2613.0,-2217.0,RUS
839.4650000000001,166.0,4,-2630.2778297421046,-2195.794618011753,RUS
844.3886007561853,162.57777777777778,4,-2662.0,-2152.0,RUS
854.6703404637844,155.21389084444445,4,-2730.0,-2026.0,RUS
854.9650000000001,155.0,4,-2731.2586321230556,-2023.2545794661778,RUS
866.3288160532232,151.20833422222222,4,-2746.0,-1957.0,RUS
869.9650000000001,150.0,4,-2745.764582591878,-1927.3194857947399,RUS
880.6577406018754,152.8,4,-2736.0,-1817.0,RUS
885.3650000000001,154.0,4,-2724.4722551127807,-1774.5408789746843,RUS
887.664917501899,155.67142857142858,4,-2715.0,-1750.0,RUS
897.6687646893598,162.74285714285713,4,-2646.0,-1610.0,RUS
898.0427777777779,163.0,4,-2643.3823681814633,-1605.2927409224947,RUS
905.6872222222224,172.0,4,-2594.36837847923,-1526.2944482034973,RUS
917.7538888888892,181.0,4,-2534.669812924083,-1449.3417443839608,RUS
918.4225768497176,181.5687472,4,-2532.0,-1446.0,RUS
926.1094444444445,188.0,4,-2505.832402016046,-1413.8480813926908,RUS
933.3839624364249,192.65499776,4,-2471.0,-1374.0,RUS
948.5538888888891,202.0,4,-2335.0376872216407,-1224.1763162528523,RUS
953.7608374733948,203.725,4,-2298.0,-1183.0,RUS
957.6650000000002,205.0,5,-2279.509348257434,-1161.9989089360713,RUS
968.0108248400682,211.7277752888889,5,-2246.0,-1121.0,RUS
979.5650000000002,219.0,5,-2178.1764945829536,-1034.0161883423305,RUS
980.3702683837829,219.203124,5,-2173.0,-1027.0,RUS
999.4761111111113,224.0,5,-2047.399834236814,-841.7201581767182,RUS
1003.9894025771883,224.0,5,-2016.0,-796.0,RUS
1014.4094444444446,224.0,5,-1939.0253609474091,-688.5980609605305,RUS
1026.7553124321582,208.91250453333333,5,-1850.0,-570.0,RUS
1028.2094444444447,207.0,5,-1840.953297117281,-558.2138271798428,RUS
1044.035878764332,172.7750065777778,5,-1755.0,-452.0,RUS
1045.2094444444447,170.0,5,-1747.4933049056572,-443.10682285668884,RUS
1049.119617266616,159.88,5,-1721.0,-412.0,RUS
1053.4316666666668,148.0,5,-1690.9898375936627,-377.4272377731004,RUS
1076.2983333333334,98.0,2,-1493.5074723386851,-204.42677947670256,RUS
1077.1613671951702,97.50500096,2,-1486.0,-202.0,RUS
1079.82257257625,96.00500096,2,-1463.0,-197.0,RUS
1081.5761111111112,95.0,2,-1446.8280588530602,-196.1708458485592,RUS
1085.896087883183,90.6750016,2,-1404.0,-202.0,RUS
1087.5094444444446,89.0,2,-1388.4497390020242,-206.14273824751263,RUS
1090.6345557017612,85.6750016,2,-1358.0,-219.0,RUS
1092.1761111111114,84.0,2,-1341.6423755470323,-229.17451114206563,RUS
1095.7536111111112,81.0,2,-1301.2354612406073,-261.8718828536009,RUS
1098.214190981567,79.59190082829176,2,-1280.0,-282.0,RUS
1102.6194444444445,77.0,2,-1262.6889424675455,-305.61365633412925,RUS
1104.554239597419,76.425,2,-1257.0,-318.0,RUS
1105.9972222222223,76.0,2,-1251.8734448685789,-329.7294704826642,RUS
1109.5083333333334,79.0,2,-1237.6705856373185,-364.27907291563866,RUS
1111.1877973557362,81.31428571428572,2,-1232.0,-380.0,RUS
1115.1352562995785,86.45714285714286,2,-1221.0,-417.0,RUS
1116.3527777777779,88.0,2,-1217.089950782074,-432.1599996484186,RUS
1120.5305555555556,94.0,2,-1201.875816969782,-495.1031709943687,RUS
1122.5143206376295,96.7,2,-1196.0,-519.0,RUS
1127.3972222222224,103.0,2,-1186.4278785573326,-554.8069479454958,RUS
1133.6194444444445,112.0,2,-1175.0234716431182,-590.7429127356384,RUS
1134.0104343229946,112.6,2,-1174.0,-594.0,RUS
1141.8861111111112,124.0,2,-1148.4844871277198,-673.7014386470362,RUS
1142.3280575372235,125.05,2,-1147.0,-678.0,RUS
1148.0194444444446,138.0,2,-1128.2623218829303,-728.4228365829606,RUS
1154.300701958457,146.36,2,-1107.0,-780.0,RUS
1156.2972222222224,149.0,2,-1099.603101364354,-797.2774595231803,RUS
1162.5258228683736,145.8909090909091,2,-1072.0,-857.0,RUS
1173.4083333333335,140.0,3,-997.1472730811488,-989.0277492978653,RUS
1174.4797476205867,136.13333333333333,3,-991.0,-999.0,RUS
1180.8083333333336,111.0,3,-966.861666986056,-1032.5377958379167,RUS
1182.2521064200396,107.96666666666667,3,-960.0,-1040.0,RUS
1188.7292622668965,92.8,3,-910.0,-1089.0,RUS
1189.8083333333336,90.0,2,-901.0660299205495,-1096.2121369701297,RUS
1192.213027997801,83.9968784,2,-879.0,-1110.0,RUS
1196.2972222222224,73.0,1,-819.7540066639559,-1128.6470664583446,RUS
1198.1059102019508,71.45000106666667,1,-798.0,-1133.0,RUS
1200.8972222222224,69.0,1,-779.996918620566,-1133.7434374574989,RUS
1203.9822122207165,65.29285851428571,1,-768.0,-1126.0,RUS
1205.7972222222224,63.0,1,-755.2303139093858,-1117.1788544824265,RUS
1207.6464669702773,60.8812512,1,-742.0,-1103.0,RUS
1210.863888888889,57.0,1,-731.3372991263464,-1061.3666483409775,RUS
1212.2440903939396,54.6750016,1,-730.0,-1044.0,RUS
1213.2194444444447,53.0,1,-729.8273281130221,-1033.8793094039822,RUS
1216.6194444444448,51.0,1,-734.3570674231561,-1009.0133748025468,RUS
1217.616047528033,50.48571428571429,1,-737.0,-1000.0,RUS
1220.4305555555559,49.0,1,-747.3189659355482,-967.4107822274107,RUS
1221.1159464454458,48.56666666666667,1,-750.0,-960.0,RUS
1223.563888888889,47.0,1,-759.1305779885854,-939.5638721997612,RUS
1225.3120602182676,47.66,1,-766.0,-927.0,RUS
1227.775585603938,48.56499968,1,-778.0,-907.0,RUS
1229.0083333333337,49.0,1,-786.6991768020067,-894.4902486897506,RUS
1232.475190440639,52.494999039999996,1,-813.0,-860.0,RUS
1235.1194444444448,55.0,1,-823.2720094076569,-848.2694083356796,RUS
1236.3194081625631,57.18999808,1,-830.0,-841.0,RUS
1238.5083333333337,61.0,1,-849.0591949936069,-820.1681284791925,RUS
1241.398816069351,65.46249813333333,1,-876.0,-791.0,RUS
1243.041666666667,68.0,1,-888.4319084903454,-778.0071718754821,RUS
1246.063888888889,68.0,1,-905.23787404779,-761.3651972212808,RUS
1248.198506532773,77.83647402808593,1,-910.0,-757.0,RUS
1249.8180555555557,85.0,1,-911.062006274578,-756.3205863049625,RUS
1252.9342398119888,85.0,1,-914.0,-754.0,RUS
1253.6194444444445,85.0,1,-916.5260087788585,-751.4828423195398,RUS
1258.9527777777778,96.0,1,-952.4585677161904,-712.3027919213395,RUS
1260.394910114503,96.86666666666666,1,-964.0,-697.0,RUS
1265.6194444444443,100.0,2,-1006.6195769268103,-629.9146307276316,RUS
1267.0186742697363,98.7,2,-1015.0,-615.0,RUS
1270.8972222222221,95.0,2,-1025.985475301926,-590.2083554176729,RUS
1274.7925753353004,92.72,2,-1027.0,-571.0,RUS
1276.0083333333332,92.0,2,-1027.2230774945463,-561.7239505384854,RUS
1282.278100527423,89.6375,2,-1024.0,-498.0,RUS
1283.9194444444443,89.0,2,-1019.85138843398,-482.1722680102372,RUS
1286.0991570624342,87.35714285714286,2,-1012.0,-462.0,RUS
1290.4527777777776,84.0,2,-989.3995373187411,-422.8791761234475,RUS
1292.5691960561328,83.61666666666666,2,-976.0,-406.0,RUS
1295.9861111111109,83.0,2,-951.4899361069972,-382.3961686191895,RUS
1296.7566185573894,83.4124992,2,-945.0,-377.0,RUS
1299.7638888888887,85.0,2,-915.6232855550896,-354.5167357425508,RUS
1303.0228949885459,87.65999872,2,-883.0,-332.0,RUS
1304.708333333333,89.0,2,-868.1260400260404,-322.6555014973109,RUS
1312.1749999999997,96.0,2,-810.8019007612538,-292.81074107775726,RUS
1313.1327566213338,97.49999709090909,2,-803.0,-289.0,RUS
1316.1205551380806,102.0,2,-778.0,-277.0,RUS
1323.9995071112876,112.9090909090909,2,-714.0,-250.0,RUS
1326.3527777777774,116.0,2,-693.9194455742341,-241.75398718518755,RUS
1331.1004579127216,120.32249792,2,-652.0,-225.0,RUS
1339.7606581881714,128.12249792,2,-571.0,-197.0,RUS
1340.686111111111,129.0,2,-561.97114271206,-194.29809923272828,RUS
1347.186111111111,117.0,2,-496.8582014887561,-177.9269152474721,RUS
1349.3955360354119,114.34545687272727,2,-474.0,-174.0,RUS
1352.8077287892022,110.01818181818182,2,-438.0,-170.0,RUS
1357.1843200144478,104.1636386909091,2,-393.0,-168.0,RUS
1359.5305555555553,101.0,2,-370.09946927231397,-169.45797982007502,RUS
1364.6906209558854,96.979168,2,-322.0,-183.0,RUS
1365.9305555555552,96.0,2,-310.6589450603447,-189.56017952263102,RUS
1371.4453219601567,93.3375008,2,-265.0,-230.0,RUS
1372.1305555555552,93.0,2,-260.7444993515506,-235.11645316844655,RUS
1377.0749999999998,89.0,2,-239.0246714914339,-272.30113047743754,RUS
1377.8560285761487,87.968752,2,-236.0,-279.0,RUS
1380.8083333333332,84.0,2,-224.66484211971203,-306.99827338210895,RUS
1384.937593123619,85.72999936,2,-211.0,-348.0,RUS
1385.5861111111108,86.0,2,-209.18390037649036,-354.3262955035845,RUS
1391.267295201117,88.49642788571428,2,-197.0,-410.0,RUS
1392.508333333333,89.0,2,-195.25480776893505,-422.3402085997164,RUS
1395.6502700795454,94.28888888888889,2,-192.0,-450.0,RUS
1403.108333333333,106.0,2,-188.17010839445848,-486.19824907556864,RUS
1403.4636043599842,106.12857142857143,2,-188.0,-489.0,RUS
1407.5824212480568,107.63928502857142,2,-186.0,-532.0,RUS
1411.5861111111108,109.0,2,-185.09962623808997,-572.35851213502,RUS
1412.7179652454065,112.06427977142857,2,-185.0,-583.0,RUS
1421.0314540181446,132.4928512,2,-186.0,-658.0,RUS
1422.0861111111108,135.0,2,-186.45666716046648,-667.8338605676911,RUS
1429.768612765803,143.041664,2,-192.0,-742.0,RUS
1431.7527777777775,145.0,2,-193.85626876215542,-760.8277080634838,RUS
1437.6494303235731,152.8,2,-200.0,-817.0,RUS
1452.6527777777774,171.0,4,-217.38714573461738,-974.3329560585902,RUS
1453.2450770562555,171.45,4,-218.0,-980.0,RUS
1464.6527777777774,180.0,4,-228.18162558580102,-1075.8947809688832,RUS
1469.4544816376633,183.94285714285715,4,-233.0,-1118.0,RUS
1478.061669912083,190.8,4,-243.0,-1202.0,RUS
1479.5861111111108,192.0,4,-244.63782571020224,-1216.9721315163022,RUS
1489.0702084740556,198.02,4,-254.0,-1309.0,RUS
1490.6416666666662,199.0,5,-255.64506767692058,-1324.2367612367045,RUS
1499.3170086158786,204.32,5,-265.0,-1408.0,RUS
1502.0861111111108,206.0,5,-267.7773805678925,-1434.4614578911294,RUS
1511.3749999999995,209.0,5,-277.4142279137879,-1525.6670470457827,RUS
1513.242704366044,209.48,5,-280.0,-1546.0,RUS
1523.1527777777776,212.0,5,-298.083209765394,-1666.5587780398807,RUS
1533.6601317373525,218.45,5,-320.0,-1784.0,RUS
1537.886111111111,221.0,6,-328.34566081736045,-1820.1845300604555,RUS
1549.9787093914902,225.8,6,-352.0,-1904.0,RUS
1555.6194444444438,228.0,6,-363.80382253083116,-1944.5320565371826,RUS
1573.5114264735107,235.79999817142857,6,-423.0,-2126.0,RUS
1573.9749999999995,236.0,6,-425.580087118549,-2133.164680975496,RUS
1584.087713925851,239.04,6,-488.0,-2302.0,RUS
1587.308333333333,240.0,6,-503.1902105364646,-2342.3859786508106,RUS
1598.1527777777771,244.0,6,-530.9423213585845,-2413.6443579517872,RUS
1610.047222486478,246.88333226666666,6,-553.0,-2467.0,RUS
1614.6861111111107,248.0,6,-564.8480391792557,-2496.05457017111,RUS
1628.6305555555552,251.0,6,-620.6714118466429,-2625.5128199629894,RUS
1630.952826580615,251.65999872,6,-636.0,-2658.0,RUS
1642.227158483717,254.84,6,-723.0,-2836.0,RUS
1642.7972222222215,255.0,7,-726.2785168789952,-2842.6571925006624,RUS
1662.3223027318575,258.02222222222224,7,-782.0,-2939.0,RUS
1668.6972222222214,259.0,7,-820.4897189001373,-2989.3171809331843,RUS
1690.1211074749224,262.3295447272727,7,-1013.0,-3225.0,RUS
1700.9638888888885,264.0,7,-1087.415736068351,-3297.4553567853495,RUS
1712.8305555555548,267.0,7,-1153.6679629193804,-3344.3317910691753,RUS
1719.7686236738602,267.77499946666666,7,-1197.0,-3373.0,RUS
1730.7638888888882,269.0,7,-1281.9536791168334,-3425.7772588155767,RUS
1733.2287997053968,269.0,7,-1312.0,-3442.0,RUS
1742.7194444444435,269.0,7,-1472.2988185442186,-3521.65137775473,RUS
1746.6223615545405,269.4875,7,-1531.0,-3550.0,RUS
1766.8972222222212,272.0,7,-1644.5391178663485,-3602.961971689705,RUS
1773.9806557355396,273.1624992,7,-1682.0,-3621.0,RUS
1785.2305555555547,275.0,7,-1780.512349090419,-3669.8367770521195,RUS
1789.3054346742624,275.56785645714285,7,-1819.0,-3689.0,RUS
1803.2111737536745,277.4964278857143,7,-1943.0,-3751.0,RUS
1806.852777777777,278.0,7,-1974.8343678373726,-3767.22114528227,RUS
1824.9628646343708,279.66428525714286,7,-2134.0,-3849.0,RUS
1828.6305555555548,280.0,7,-2167.2742926507926,-3865.5962301132527,RUS
1839.038796513068,280.8312496,7,-2260.0,-3911.0,RUS
1859.4971895760405,282.4562496,7,-2418.0,-3986.0,RUS
1866.363888888888,283.0,7,-2479.625372698537,-4013.8327333828106,RUS
1875.2175410673808,283.79715320646903,7,-2562.0,-4050.0,RUS
1888.609722222221,285.0,7,-2676.621687230238,-4097.533992212426,RUS
1895.9187186679753,285.57861611929917,7,-2753.0,-4126.0,RUS
1901.2413888888877,286.0,7,-2820.3983718650557,-4149.698440885844,RUS
1913.2957357674982,286.0,7,-2979.0,-4203.0,RUS
1929.8413888888883,286.0,7,-3093.3998098647626,-4238.603896216057,RUS
1942.0499267680834,286.9562496,7,-3194.0,-4260.0,RUS
1942.5969444444436,287.0,7,-3200.469372075605,-4261.2650826208965,RUS
1957.7636111111105,273.0,7,-3431.179848573779,-4303.849655223884,RUS
1961.7462420797199,270.61500288,7,-3478.0,-4312.0,RUS
1982.0320317555338,258.01500288,7,-3582.0,-4325.0,RUS
1986.0969444444438,255.0,7,-3616.450299781747,-4328.424871159895,RUS
1992.956834361881,224.31,7,-3699.0,-4337.0,RUS
2003.7631170001764,163.86,7,-3833.0,-4351.0,RUS
2004.0969444444438,162.0,7,-3836.4154862010896,-4351.337607900251,RUS
2010.719166666666,149.0,7,-3896.4703860473087,-4356.985341861977,RUS
2014.8375312658231,139.55,7,-3948.0,-4364.0,RUS
2020.679408300055,124.3625,7,-4053.0,-4382.0,RUS
2021.5636111111103,122.0,7,-4064.0912481809855,-4383.835424229619,RUS
2026.4969444444437,111.0,5,-4088.1612765840555,-4386.886379469385,RUS
2030.326883585051,105.225,5,-4100.0,-4397.0,RUS
2031.1191666666657,104.0,3,-4104.633782275622,-4401.263551941502,RUS
2038.741388888888,98.0,2,-4176.513728597558,-4471.298736207887,RUS
2040.1187968440456,96.0125024,2,-4186.0,-4482.0,RUS
2042.830277777777,92.0,2,-4197.1321325119325,-4497.612016498404,RUS
2047.4644008975574,87.7781264,2,-4206.0,-4520.0,RUS
2050.3858333333324,85.0,2,-4220.675533339685,-4545.9034747729875,RUS
2053.3679261232337,81.6750016,2,-4240.0,-4575.0,RUS
2054.8302777777767,80.0,2,-4249.526337655487,-4587.097456478424,RUS
2059.275824565396,76.0062512,2,-4281.0,-4616.0,RUS
2061.4080555555547,74.0,2,-4299.635867994609,-4626.9452822837275,RUS
2062.8086878733648,72.2,2,-4312.0,-4633.0,RUS
2065.241388888888,69.0,2,-4332.713077240984,-4641.175427434239,RUS
2066.2329987624125,68.62142902857143,2,-4345.0,-4644.0,RUS
2069.1921807326444,67.47857188571429,2,-4397.0,-4651.0,RUS
2070.4524999999994,67.0,2,-4414.605983195841,-4652.637968432721,RUS
2073.5636111111103,70.0,2,-4439.5339873444755,-4653.056290140211,RUS
2079.0145579448754,77.0,2,-4469.0,-4647.0,RUS
2081.5636111111103,80.0,2,-4489.784793034004,-4642.8780478498575,RUS
2084.3649202345096,85.2464256,2,-4517.0,-4637.0,RUS
2088.796944444444,93.0,2,-4566.604739806435,-4624.726137804626,RUS
2090.289905552492,96.9749952,2,-4582.0,-4621.0,RUS
2093.463611111111,105.0,2,-4610.409013100616,-4614.581344193822,RUS
2098.4921170020916,113.6062464,2,-4647.0,-4607.0,RUS
2104.396944444444,123.0,2,-4685.409723422726,-4599.1417996670525,RUS
2111.3913108000133,127.8249984,2,-4769.0,-4600.0,RUS
2114.508055555555,130.0,2,-4836.653763934096,-4607.6106751872685,RUS
2117.0780456644393,130.0,2,-4887.0,-4614.0,RUS
2123.1747222222216,130.0,3,-4921.731975712204,-4618.8092133453965,RUS
2127.9552364123315,145.25499136,3,-4947.0,-4623.0,RUS
2131.8969444444438,157.0,3,-4994.1666301828245,-4630.297297480071,RUS
2139.4969444444437,171.0,4,-5118.733109869813,-4649.174125129702,RUS
2142.0391411417754,173.06965240028734,4,-5151.0,-4654.0,RUS
2149.4911111111105,179.0,4,-5212.019950071429,-4662.896799805637,RUS
2159.8799999999997,187.0,4,-5260.939416145139,-4669.483096467354,RUS
2161.543803007559,188.16614637419008,4,-5272.0,-4671.0,RUS
2174.839339402539,197.19435772903168,4,-5398.0,-4688.0,RUS
2177.5136111111105,199.0,5,-5434.523063155979,-4692.613890893351,RUS
2187.0654029830625,200.84285714285716,5,-5577.0,-4710.0,RUS
2193.2247222222218,202.0,5,-5642.521086683567,-4717.747475671156,RUS
2210.1024999999995,217.0,5,-5749.6986951544295,-4729.62264122615,RUS
2214.5931173834865,218.56428434285715,5,-5788.0,-4734.0,RUS
2220.7167721625683,220.68571428571428,5,-5849.0,-4741.0,RUS
2227.446944444444,223.0,5,-5914.861094136499,-4747.9780529680465,RUS
2234.4863009289957,225.8,5,-5986.0,-4755.0,RUS
2237.5358333333324,227.0,5,-6019.259322632651,-4758.22622347909,RUS
2255.1415883069863,232.82857142857142,5,-6217.0,-4776.0,RUS
2255.6580555555547,233.0,5,-6222.005850994563,-4776.36919228991,RUS
2268.0120932118093,228.1750016,5,-6345.0,-4784.0,RUS
2278.058055555555,224.0,5,-6510.067766976755,-4794.488461482359,RUS
2278.7418115324585,221.975,5,-6519.0,-4795.0,RUS
2286.8136111111107,197.0,5,-6570.979349215459,-4796.649565492793,RUS
2293.667295758164,189.74,5,-6602.0,-4806.0,RUS
2297.1469444444438,186.0,5,-6637.388644064193,-4818.745415433336,RUS
2306.8991070008406,182.8,5,-6768.0,-4871.0,RUS
2309.280277777777,182.0,4,-6791.757781021171,-4882.7604552716875,RUS
2318.946944444444,174.0,4,-6843.583942124855,-4923.4528837881435,RUS
2326.7247222222218,175.0,4,-6876.470921048092,-4965.677091132125,RUS
2328.359715739431,176.15499776,4,-6886.0,-4977.0,RUS
2334.3621416111496,180.32,4,-6926.0,-5024.0,RUS
2336.835833333333,182.0,4,-6941.56820114145,-5043.911817196783,RUS
2343.7999586770293,186.5375,4,-6981.0,-5100.0,RUS
2353.9913888888887,193.0,4,-7032.706121897572,-5183.608322415467,RUS
2360.121634405129,196.5,4,-7062.0,-5240.0,RUS
2362.7913888888884,198.0,5,-7074.339826706295,-5266.38368035569,RUS
2377.382771653398,206.19,5,-7132.0,-5414.0,RUS
2381.016711189206,208.17249792,5,-7142.0,-5447.0,RUS
2386.2358333333327,211.0,5,-7156.354021961481,-5504.432332463185,RUS
2402.8766139259856,217.14249856,5,-7196.0,-5711.0,RUS
2410.6802777777775,220.0,5,-7203.307166585622,-5760.482715908072,RUS
2418.872537784102,221.6624992,5,-7208.0,-5809.0,RUS
2420.546944444444,222.0,5,-7209.285797994486,-5822.866226332552,RUS
2430.5913888888886,226.0,6,-7217.553517984373,-5925.378205458986,RUS
2431.419396849573,226.3249984,6,-7218.0,-5934.0,RUS
2448.7136111111104,233.0,6,-7219.046791497428,-6104.302054211871,RUS
2449.555592230859,233.0,6,-7219.0,-6112.0,RUS
2459.069166666666,233.0,6,-7218.805371181568,-6194.352844303167,RUS
2469.087654384104,235.29499904,6,-7187.0,-6294.0,RUS
2472.180277777777,236.0,6,-7163.891701705189,-6332.3795767569245,RUS
2480.951795216865,236.94999954285714,6,-7083.0,-6444.0,RUS
2490.6913888888885,238.0,6,-7024.4114007869775,-6520.373577641193,RUS
2506.758055555555,241.0,6,-6974.890780199203,-6602.144555321991,RUS
2507.639586894613,241.3249984,6,-6972.0,-6609.0,RUS
2514.466552309745,243.8249984,6,-6948.0,-6673.0,RUS
2523.2247222222218,247.0,6,-6908.85963396807,-6797.233640036847,RUS
2532.397320592241,248.87900398667708,6,-6868.0,-6939.0,RUS
2542.816666666666,251.0,6,-6835.525739001915,-7062.280607151669,RUS
2556.816666666666,252.0,6,-6810.620498285013,-7177.2590487069665,RUS
2563.086756006751,248.08601965051878,6,-6802.0,-7222.0,RUS
2575.416666666666,240.0,6,-6788.442548391906,-7302.403830582793,RUS
2585.254881421411,222.13846153846154,6,-6778.0,-7377.0,RUS
2597.1120959750974,197.2153846153846,6,-6762.0,-7514.0,RUS
2602.283333333333,186.0,5,-6754.141253714407,-7603.938767871119,RUS
2607.587559406324,179.7,5,-6747.0,-7694.0,RUS
2617.2166666666662,168.0,4,-6740.547330156972,-7784.379914467734,RUS
2627.816666666666,159.0,4,-6745.6713682916115,-7834.003643260027,RUS
2630.086313090876,156.6812528,4,-6749.0,-7854.0,RUS
2631.781963248182,154.9312528,4,-6752.0,-7871.0,RUS
2634.572222222222,152.0,3,-6757.35890331021,-7897.037956431545,RUS
2639.8731572708707,148.04,3,-6774.0,-7940.0,RUS
2650.1277777777777,140.0,3,-6852.708514825846,-8017.736779662362,RUS
2651.384873920114,139.1750016,3,-6861.0,-8028.0,RUS
2656.172222222222,136.0,3,-6884.540548844361,-8070.366927643679,RUS
2660.2054438423074,132.8,3,-6896.0,-8109.0,RUS
2666.1277777777777,128.0,3,-6899.8414805673365,-8168.607638219034,RUS
2667.280476238353,128.48,3,-6899.0,-8183.0,RUS
2673.4055555555556,131.0,3,-6887.61303231176,-8278.576571616026,RUS
2676.0022285380587,130.64,3,-6882.0,-8316.0,RUS
2680.6277777777777,130.0,3,-6873.5624086212965,-8364.54520044811,RUS
2688.1833333333334,136.0,3,-6862.385954791086,-8405.047286678122,RUS
2693.5350708050223,143.31499648,3,-6850.0,-8443.0,RUS
2696.3500000000004,147.0,3,-6841.829885902881,-8467.840586567898,RUS
2702.19017326654,154.7583296,3,-6824.0,-8523.0,RUS
2704.0033219355996,157.09166293333334,3,-6819.0,-8539.0,RUS
2707.0833333333335,161.0,3,-6809.484150332128,-8566.333827415825,RUS
2716.5833333333335,171.0,3,-6772.7602533325235,-8651.763800234157,RUS
2718.1883361056157,172.09999786666665,3,-6766.0,-8666.0,RUS
2726.0731619254884,177.4,3,-6731.0,-8735.0,RUS
2728.516666666667,179.0,4,-6719.5164284761595,-8756.204831564648,RUS
2734.383704711048,184.6499968,4,-6691.0,-8806.0,RUS
2736.827777777778,187.0,4,-6678.711503174334,-8826.013027055264,RUS
2749.2944444444447,187.0,4,-6611.018508935912,-8924.520509503105,RUS
2749.9934292700905,187.55249728,4,-6607.0,-8930.0,RUS
2755.431605592032,191.76,4,-6574.0,-8973.0,RUS
2771.961111111111,204.0,4,-6426.127441050748,-9119.137817501867,RUS
2778.442698743809,204.56499968,4,-6372.0,-9164.0,RUS
2783.3500000000004,205.0,4,-6337.841297084457,-9188.807486900507,RUS
2795.9500000000003,189.0,4,-6264.56536533382,-9227.34237398381,RUS
2798.3380294326976,179.50417813333334,4,-6246.0,-9237.0,RUS
2805.426201259514,147.25417813333334,4,-6176.0,-9275.0,RUS
2805.683333333334,146.0,4,-6173.413364800695,-9276.400513467319,RUS
2811.2833333333338,126.0,4,-6119.885212586735,-9305.006697687397,RUS
2813.7182160553607,121.8937536,4,-6098.0,-9317.0,RUS
2816.4833333333336,117.0,4,-6073.492413270694,-9330.9728229645,RUS
2818.637934752993,111.8291712,4,-6054.0,-9343.0,RUS
2823.15,100.0,2,-6012.442662042209,-9373.16619159836,RUS
2826.0725060009245,95.48000256,2,-5989.0,-9394.0,RUS
2828.261111111111,92.0,2,-5974.457774209396,-9409.58746422296,RUS
2832.1277777777777,87.0,2,-5954.395121771455,-9437.467118053954,RUS
2832.8633580408714,86.11357325005177,2,-5951.0,-9443.0,RUS
2838.826848213633,78.35733918800473,2,-5931.0,-9500.0,RUS
2839.8491666666664,77.0,2,-5930.123998976235,-9515.742830066254,RUS
2842.584533210642,75.3624992,2,-5931.0,-9560.0,RUS
2843.1825,75.0,2,-5931.4704508447585,-9567.391670340345,RUS
2846.3624999999997,72.0,2,-5935.515013862863,-9590.140414087591,RUS
2849.1341004992914,68.54545454545455,2,-5942.0,-9606.0,RUS
2853.136096463724,63.09090909090909,2,-5958.0,-9645.0,RUS
2853.9402777777773,62.0,2,-5962.13136026136,-9652.020700281433,RUS
2855.830818012544,61.3,2,-5973.0,-9667.0,RUS
2856.6513888888885,61.0,2,-5978.174475436595,-9673.38436229426,RUS
2860.1513888888885,63.0,2,-6003.585284277747,-9699.80394021244,RUS
2862.1632057548104,64.4,2,-6023.0,-9713.0,RUS
2863.0402777777776,65.0,2,-6032.701816139967,-9718.160219542828,RUS
2870.0402777777776,70.0,2,-6115.7411641423305,-9746.392810768402,RUS
2870.314655932292,70.541664,2,-6118.0,-9747.0,RUS
2875.373611111111,80.0,2,-6145.878860225507,-9752.994251254479,RUS
2878.5219680370637,84.125,2,-6166.0,-9756.0,RUS
2883.1821295879927,89.781248,2,-6211.0,-9762.0,RUS
2883.373611111111,90.0,2,-6213.244790756918,-9762.22539756147,RUS
2889.5987490247676,104.19999573333334,2,-6290.0,-9768.0,RUS
2890.4402777777777,106.0,2,-6297.777595137909,-9768.540322088984,RUS
2896.9958333333334,118.0,2,-6338.378753670251,-9771.250543817747,RUS
2899.488042631595,119.45999872,2,-6356.0,-9772.0,RUS
2903.773611111111,122.0,2,-6396.275457708406,-9773.0808236741,RUS
2905.424135130571,118.62,2,-6416.0,-9773.0,RUS
2909.8291666666664,109.0,2,-6481.871800415021,-9770.27008879799,RUS
2914.052668117981,103.3,2,-6543.0,-9766.0,RUS
2918.4513888888887,97.0,2,-6576.831142757718,-9762.437628350595,RUS
2923.73775994915,89.90000213333333,2,-6604.0,-9756.0,RUS
2924.384722222222,89.0,2,-6609.600913849432,-9754.67492081528,RUS
2927.472746614115,86.17142857142858,2,-6641.0,-9747.0,RUS
2930.8402777777774,83.0,2,-6671.176086744952,-9737.942497417036,RUS
2933.8117959873352,82.4,2,-6698.0,-9722.0,RUS
2939.190984034568,81.30909090909091,2,-6752.0,-9667.0,RUS
2940.7402777777775,81.0,2,-6761.861890840384,-9654.354145995949,RUS
2948.295833333333,85.0,2,-6779.271090978798,-9611.337308836084,RUS
2948.6200065317016,85.45499776,2,-6780.0,-9609.0,RUS
2953.4069444444444,92.0,2,-6793.2166800258565,-9565.150738800685,RUS
2954.2538042971305,92.54999893333333,2,-6796.0,-9554.0,RUS
2959.806944444444,96.0,2,-6814.211616126407,-9467.958262958588,RUS
2960.169063101161,97.38,2,-6815.0,-9464.0,RUS
2966.4180555555554,119.0,2,-6821.847557792605,-9428.049954357422,RUS
2970.4147182806396,124.2,2,-6827.0,-9407.0,RUS
2976.6847222222223,132.0,2,-6842.176360319222,-9353.215740025751,RUS
2982.667561053947,140.6062464,2,-6863.0,-9295.0,RUS
2982.9513888888887,141.0,2,-6864.096240258897,-9292.41763312211,RUS
2990.2622721381967,149.6499968,2,-6895.0,-9230.0,RUS
2993.1513888888885,153.0,3,-6908.732615871928,-9205.579960143576,RUS
2998.901951822486,156.3249984,3,-6939.0,-9156.0,RUS
3001.9291666666663,158.0,3,-6955.9080925104145,-9130.286041493726,RUS
3011.378967011687,170.76454519925454,3,-7009.0,-9054.0,RUS
3019.709485551562,181.40166619863334,3,-7055.0,-8988.0,RUS
3020.179722222222,182.0,4,-7057.576632274938,-8984.24403153292,RUS
3032.9130555555553,191.0,4,-7124.760969651224,-8880.593040794214,RUS
3033.5736131951144,191.60188075698943,4,-7128.0,-8875.0,RUS
3043.762086565243,200.57993859211263,4,-7174.0,-8788.0,RUS
3051.2555555555555,207.0,5,-7202.7082910721965,-8726.797982871965,RUS
3054.320204505142,208.56,5,-7216.0,-8695.0,RUS
3063.088888888889,213.0,5,-7263.6873299075005,-8569.670311376358,RUS
3069.7378922307853,214.24444444444444,5,-7295.0,-8483.0,RUS
3084.788888888889,217.0,6,-7322.560630149311,-8397.270488071215,RUS
3088.084426067034,220.46666666666667,6,-7329.0,-8376.0,RUS
3100.3222222222216,233.0,6,-7364.429717568922,-8261.701015563458,RUS
3105.0618825762426,234.5,6,-7378.0,-8217.0,RUS
3116.188888888889,238.0,6,-7406.3163143244965,-8118.616754404476,RUS
3118.3809917668746,238.4124992,6,-7414.0,-8091.0,RUS
3131.7107101321326,240.9,6,-7475.0,-7869.0,RUS
3132.255555555555,241.0,6,-7477.105939278104,-7861.283493301726,RUS
3151.7777777777774,251.0,6,-7516.569700405552,-7713.625981762142,RUS
3163.155555555555,256.0,7,-7531.198329551266,-7653.722525853601,RUS
3165.4273847279765,256.0,7,-7535.0,-7638.0,RUS
3174.533333333333,256.0,7,-7553.126497193575,-7562.637114345965,RUS
3184.1223635259357,259.85,7,-7575.0,-7456.0,RUS
3192.066666666667,263.0,7,-7593.96584526411,-7340.6705254625795,RUS
3204.7994061206023,265.45714285714286,7,-7621.0,-7151.0,RUS
3212.833333333334,267.0,7,-7631.434836236006,-7068.876296243864,RUS
3236.7444444444445,269.0,7,-7641.892906019762,-6928.994149550156,RUS
3240.7054709261606,269.0,7,-7644.0,-6897.0,RUS
3248.7,269.0,7,-7649.284759990503,-6819.73444241444,RUS
3255.6488335489935,269.0,7,-7654.0,-6748.0,RUS
3267.529904573955,269.0,7,-7661.0,-6628.0,RUS
3272.6111111111113,269.0,7,-7664.516339509299,-6569.623969748479,RUS
3273.5825090791254,269.0,7,-7665.241104519449,-6557.836266690461,RUS
