Date,SessionTime,DriverAhead,DistanceToDriverAhead,Time,RPM,Speed,nGear,Throttle,Brake,DRS,Source,Distance,RelativeDistance,Status,X,Y,Z,Driver
2024-05-25 14:58:18.377,0 days 01:11:13.694000,,738.8444444444444,0 days 00:00:00,11116.457073371428,276.4857124571429,7,99.0,False,12,interpolation,0.02696182395200267,8.246851688907893e-06,OnTrack,-7664.598412265317,-6565.2756054480105,502.3597723476744,LEC
2024-05-25 14:58:18.576,0 days 01:11:13.893000,,738.8444444444444,0 days 00:00:00.199000,11224.485679542857,279.32857051428573,7,99.0,False,12,pos,15.501403736421958,0.0047414365516122,OnTrack,-7674.0,-6411.0,503.0,LEC
2024-05-25 14:58:18.623,0 days 01:11:13.940000,,738.8444444444444,0 days 00:00:00.246000,11250.0,280.0,7,99.0,False,12,car,19.17111111111111,0.005863895199611275,OnTrack,-7676.424791583543,-6374.1508124282045,503.03211786098615,LEC
2024-05-25 14:58:18.735,0 days 01:11:14.052000,,738.8444444444444,0 days 00:00:00.358000,11299.155555555555,280.93333333333334,7,99.0,False,12,pos,27.938938709094007,0.008545723178430565,OnTrack,-7681.0,-6286.0,503.0,LEC
2024-05-25 14:58:18.983,0 days 01:11:14.300000,10,738.8444444444444,0 days 00:00:00.606000,11408.0,283.0,7,99.0,False,12,car,47.471111111111114,0.014520056711961988,OnTrack,-7674.554790488317,-6091.423433388945,503.0012553826439,LEC
2024-05-25 14:58:18.995,0 days 01:11:14.312000,10,738.3477777777778,0 days 00:00:00.618000,11411.6,283.12857142857143,7,99.0,False,12,pos,48.42045791756717,0.014810434778672868,OnTrack,-7674.0,-6082.0,503.0,LEC
2024-05-25 14:58:19.136,0 days 01:11:14.453000,10,732.5119470933332,0 days 00:00:00.759000,11453.8999808,284.6392850285714,7,99.0,False,12,pos,59.60463847192388,0.01823135609534438,OnTrack,-7667.0,-5971.0,503.0,LEC
2024-05-25 14:58:19.263,0 days 01:11:14.580000,10,727.2555555555554,0 days 00:00:00.886000,11492.0,286.0,7,99.0,False,10,car,69.71555555555557,0.021323996777814415,OnTrack,-7660.138521551654,-5870.196101598827,503.09685723362156,LEC
2024-05-25 14:58:19.296,0 days 01:11:14.613000,10,725.8988915199998,0 days 00:00:00.919000,11495.064279771428,286.0,7,99.0,False,10,pos,72.34747119560997,0.02212902458230886,OnTrack,-7658.0,-5844.0,503.0,LEC
2024-05-25 14:58:19.516,0 days 01:11:14.833000,10,716.8544470755554,0 days 00:00:01.139000,11515.4928512,286.0,7,99.0,False,10,pos,89.84631852385384,0.027481422064755706,OnTrack,-7639.0,-5670.0,503.0,LEC
2024-05-25 14:58:19.543,0 days 01:11:14.860000,10,715.7444444444443,0 days 00:00:01.166000,11518.0,286.0,7,99.0,False,8,car,91.96000000000001,0.028127936843666837,OnTrack,-7636.25872047946,-5648.697691845877,503.9090483373589,LEC
2024-05-25 14:58:19.736,0 days 01:11:15.053000,10,708.7213912177776,0 days 00:00:01.359000,11259.8625856,273.1333376,7,20.995859199999998,False,8,pos,106.6519756796276,0.03262179247682532,OnTrack,-7614.0,-5497.0,514.0,LEC
2024-05-25 14:58:19.783,0 days 01:11:15.100000,10,707.011111111111,0 days 00:00:01.406000,11197.0,270.0,7,2.0,True,8,car,109.96000000000001,0.03363362261123973,OnTrack,-7607.629510200065,-5460.370513790178,515.1415946426054,LEC
2024-05-25 14:58:19.915,0 days 01:11:15.232000,10,704.481111111111,0 days 00:00:01.538000,10914.1,251.7,7,1.4,True,8,pos,118.50163547170294,0.03624626488059254,OnTrack,-7588.0,-5359.0,516.0,LEC
2024-05-25 14:58:20.223,0 days 01:11:15.540000,10,698.5777777777777,0 days 00:00:01.846000,10254.0,209.0,6,0.0,True,8,car,135.50444444444446,0.04144693840114718,OnTrack,-7539.619140940792,-5148.507930472406,520.843557734554,LEC
2024-05-25 14:58:20.235,0 days 01:11:15.552000,10,698.4077777777777,0 days 00:00:01.858000,10228.0,207.85,6,0.0,True,8,pos,136.1451851122186,0.04164292266643991,OnTrack,-7538.0,-5142.0,521.0,LEC
2024-05-25 14:58:20.463,0 days 01:11:15.780000,10,695.1777777777778,0 days 00:00:02.086000,9734.0,186.0,6,0.0,True,8,car,147.90444444444444,0.04523974415214183,OnTrack,-7512.376031801871,-5045.258478535325,522.8912283257845,LEC
2024-05-25 14:58:20.555,0 days 01:11:15.872000,10,694.5133333333333,0 days 00:00:02.178000,9737.942857142858,176.14285714285714,6,0.0,True,8,pos,152.15843457758618,0.046540918203888164,OnTrack,-7502.0,-5009.0,524.0,LEC
2024-05-25 14:58:20.715,0 days 01:11:16.032000,10,693.3577777777776,0 days 00:00:02.338000,9744.8,159.0,6,0.0,True,8,pos,158.90869111980567,0.048605628835663925,OnTrack,-7482.0,-4942.0,527.0,LEC
2024-05-25 14:58:20.743,0 days 01:11:16.060000,10,693.1555555555555,0 days 00:00:02.366000,9746.0,156.0,4,0.0,True,8,car,160.0377777777778,0.04895098418806135,OnTrack,-7478.492878407234,-4930.903827854749,527.5662148326188,LEC
2024-05-25 14:58:20.915,0 days 01:11:16.232000,10,692.6299999999999,0 days 00:00:02.538000,9402.0,141.38,4,0.0,True,8,pos,166.69750534962947,0.0509880045940756,OnTrack,-7457.0,-4868.0,531.0,LEC
2024-05-25 14:58:20.943,0 days 01:11:16.260000,10,692.5444444444444,0 days 00:00:02.566000,9346.0,139.0,3,0.0,True,8,car,167.76,0.051312991353779334,OnTrack,-7453.3682314361595,-4858.183979366338,531.5219268134052,LEC
2024-05-25 14:58:21.095,0 days 01:11:16.412000,10,692.1644444444445,0 days 00:00:02.718000,9263.16,135.2,3,0.0,True,8,pos,173.46311519107493,0.053057411361464336,OnTrack,-7433.0,-4807.0,534.0,LEC
2024-05-25 14:58:21.143,0 days 01:11:16.460000,10,692.0444444444445,0 days 00:00:02.766000,9237.0,134.0,3,0.0,True,8,car,175.20444444444445,0.05359003423296072,OnTrack,-7426.463848220428,-4791.985203083055,534.5656059985822,LEC
2024-05-25 14:58:21.303,0 days 01:11:16.620000,10,692.0444444444445,0 days 00:00:02.926000,9003.0,125.0,3,2.0,True,8,car,180.76000000000002,0.0552893199636931,OnTrack,-7402.285973536677,-4745.7610282412525,535.7957042606059,LEC
2024-05-25 14:58:21.335,0 days 01:11:16.652000,10,692.0622222222222,0 days 00:00:02.958000,8998.2,124.2,3,2.8,True,8,pos,181.84332349001994,0.05562067767039754,OnTrack,-7396.0,-4737.0,536.0,LEC
2024-05-25 14:58:21.503,0 days 01:11:16.820000,10,692.1555555555555,0 days 00:00:03.126000,8973.0,120.0,3,7.0,False,8,car,187.42666666666668,0.05732846284057195,OnTrack,-7353.511044371359,-4693.307564537806,536.9665562350108,LEC
2024-05-25 14:58:21.675,0 days 01:11:16.992000,10,692.3944444444444,0 days 00:00:03.298000,8909.933333333332,117.85,3,24.916666666666668,False,8,pos,193.01854422455378,0.05903885843415357,OnTrack,-7305.0,-4659.0,538.0,LEC
2024-05-25 14:58:21.743,0 days 01:11:17.060000,10,692.4888888888888,0 days 00:00:03.366000,8885.0,117.0,3,32.0,False,8,car,195.2266666666667,0.0597142600065202,OnTrack,-7287.707836911157,-4650.178439335167,538.4860295216665,LEC
2024-05-25 14:58:21.935,0 days 01:11:17.252000,10,692.8622222222222,0 days 00:00:03.558000,9018.028571428571,117.68571428571428,3,47.08571428571428,False,8,pos,201.50640501056847,0.06163505256341474,OnTrack,-7242.0,-4635.0,540.0,LEC
2024-05-25 14:58:22.023,0 days 01:11:17.340000,10,693.0333333333333,0 days 00:00:03.646000,9079.0,118.0,3,54.0,False,8,car,204.40444444444447,0.06252148003369008,OnTrack,-7220.3048617819595,-4628.7373480004835,540.6818323923438,LEC
2024-05-25 14:58:22.296,0 days 01:11:17.613000,10,693.4883332266667,0 days 00:00:03.919000,10002.324783542857,120.92499931428571,3,75.44999497142857,False,8,pos,213.57062786651613,0.06532515367868245,OnTrack,-7121.0,-4609.0,545.0,LEC
2024-05-25 14:58:22.303,0 days 01:11:17.620000,10,693.5,0 days 00:00:03.926000,10026.0,121.0,3,76.0,False,8,car,213.8155555555556,0.06540007006155073,OnTrack,-7116.881207321175,-4608.451086512054,545.2313691633269,LEC
2024-05-25 14:58:22.455,0 days 01:11:17.772000,10,693.5,0 days 00:00:04.078000,10232.72,127.84,3,88.16,False,8,pos,219.279357248249,0.06707129090690088,OnTrack,-7019.0,-4597.0,551.0,LEC
2024-05-25 14:58:22.503,0 days 01:11:17.820000,10,693.5,0 days 00:00:04.126000,10298.0,130.0,3,92.0,False,8,car,221.03777777777782,0.06760914151150281,OnTrack,-6996.128349001303,-4594.503534213452,552.3157825207423,LEC
2024-05-25 14:58:22.663,0 days 01:11:17.980000,10,693.5,0 days 00:00:04.286000,10718.0,135.0,3,92.0,False,8,car,227.0377777777778,0.06944437010069376,OnTrack,-6959.3421766459,-4590.9960566471955,554.1361730018155,LEC
2024-05-25 14:58:22.836,0 days 01:11:18.153000,10,692.9713890844445,0 days 00:00:04.459000,10857.841614933333,146.53332906666665,3,97.04583146666667,False,8,pos,234.2027102187337,0.07163591824323778,OnTrack,-6932.0,-4589.0,556.0,LEC
2024-05-25 14:58:22.903,0 days 01:11:18.220000,10,692.7666666666667,0 days 00:00:04.526000,10912.0,151.0,3,99.0,False,8,car,237.10444444444445,0.07252347584478083,OnTrack,-6915.1340750624695,-4587.5877666204615,557.4493492476665,LEC
2024-05-25 14:58:23.103,0 days 01:11:18.420000,10,691.9333333333332,0 days 00:00:04.726000,10212.0,161.0,4,99.0,False,8,car,246.0488888888889,0.07525932587125995,OnTrack,-6830.43965174331,-4580.094714996326,565.0118074904055,LEC
2024-05-25 14:58:23.136,0 days 01:11:18.453000,10,691.7591670044443,0 days 00:00:04.759000,10209.85500416,162.48499712,4,99.0,False,8,pos,247.57585198136664,0.07572638025825237,OnTrack,-6807.0,-4578.0,567.0,LEC
2024-05-25 14:58:23.295,0 days 01:11:18.612000,10,690.92,0 days 00:00:04.918000,10199.52,169.64,4,99.0,False,8,pos,255.11007804539955,0.07803088476994254,OnTrack,-6674.0,-4566.0,578.0,LEC
2024-05-25 14:58:23.303,0 days 01:11:18.620000,10,690.8777777777777,0 days 00:00:04.926000,10199.0,170.0,4,99.0,False,8,car,255.49333333333337,0.07814811161350499,OnTrack,-6669.00720905918,-4565.533465146924,578.4057100536634,LEC
2024-05-25 14:58:23.575,0 days 01:11:18.892000,10,689.3666666666667,0 days 00:00:05.198000,11371.622222222222,176.04444444444445,4,99.0,False,8,pos,268.764532335746,0.0822073922505167,OnTrack,-6596.0,-4556.0,584.0,LEC
2024-05-25 14:58:23.663,0 days 01:11:18.980000,10,688.8777777777777,0 days 00:00:05.286000,11751.0,178.0,4,99.0,False,8,car,273.29333333333335,0.08359262309477151,OnTrack,-6555.012830900951,-4549.258324224449,587.2870728799021,LEC
2024-05-25 14:58:23.956,0 days 01:11:19.273000,10,686.5988893866667,0 days 00:00:05.579000,10988.534257454545,192.6499968,4,99.0,False,8,pos,289.42690185033365,0.08852742079278322,OnTrack,-6354.0,-4515.0,604.0,LEC
2024-05-25 14:58:24.103,0 days 01:11:19.420000,10,685.4555555555555,0 days 00:00:05.726000,10606.0,200.0,5,99.0,False,8,car,297.7377777777778,0.09106948030999397,OnTrack,-6279.870812582962,-4499.49327686348,610.582706945862,LEC
2024-05-25 14:58:24.263,0 days 01:11:19.580000,10,684.1222222222221,0 days 00:00:05.886000,10978.0,204.0,5,99.0,False,8,car,306.80444444444447,0.0938427146225492,OnTrack,-6217.328804802519,-4483.845840440781,616.4185334765302,LEC
2024-05-25 14:58:24.356,0 days 01:11:19.673000,10,683.2955561244444,0 days 00:00:05.979000,11139.199889066667,207.09999786666665,5,99.0,False,8,pos,312.2188150335172,0.0954988159054727,OnTrack,-6177.0,-4474.0,620.0,LEC
2024-05-25 14:58:24.503,0 days 01:11:19.820000,10,681.9888888888889,0 days 00:00:06.126000,11394.0,212.0,5,99.0,False,8,car,320.9377777777778,0.09816569752153236,OnTrack,-6099.382878506101,-4455.468164083215,626.670282691136,LEC
2024-05-25 14:58:24.536,0 days 01:11:19.853000,10,681.6313895822223,0 days 00:00:06.159000,11392.968752,212.6187488,5,99.0,False,8,pos,322.89876416710604,0.09876550723565063,OnTrack,-6073.0,-4449.0,629.0,LEC
2024-05-25 14:58:24.663,0 days 01:11:19.980000,10,680.2555555555557,0 days 00:00:06.286000,11389.0,215.0,5,99.0,False,8,car,330.4933333333333,0.10108846897839201,OnTrack,-5935.238732244945,-4414.593948800989,641.4203783009708,LEC
2024-05-25 14:58:24.715,0 days 01:11:20.032000,10,679.3455555555557,0 days 00:00:06.338000,11469.275,216.4625,5,99.0,False,8,pos,333.65818180720737,0.10205650571167721,OnTrack,-5885.0,-4402.0,646.0,LEC
2024-05-25 14:58:24.983,0 days 01:11:20.300000,10,674.6555555555556,0 days 00:00:06.606000,11883.0,224.0,5,99.0,False,8,car,350.40444444444444,0.10717870903733685,OnTrack,-5785.953907666014,-4377.447384793069,655.4971870760263,LEC
2024-05-25 14:58:25.076,0 days 01:11:20.393000,10,672.4855570488888,0 days 00:00:06.699000,11646.237662933334,225.93749866666667,5,99.0,False,8,pos,356.29081461903803,0.10897918150916605,OnTrack,-5752.0,-4369.0,659.0,LEC
2024-05-25 14:58:25.223,0 days 01:11:20.540000,10,669.0555555555553,0 days 00:00:06.846000,11272.0,229.0,5,99.0,False,8,car,365.67111111111114,0.11184834622538943,OnTrack,-5663.300346906254,-4346.723238521287,667.8974957945991,LEC
2024-05-25 14:58:25.276,0 days 01:11:20.593000,10,667.6716683377775,0 days 00:00:06.899000,11189.8500992,229.94642742857144,5,99.0,False,8,pos,369.0833821223421,0.1128920624443692,OnTrack,-5629.0,-4338.0,671.0,LEC
2024-05-25 14:58:25.456,0 days 01:11:20.773000,10,662.9716683377775,0 days 00:00:07.079000,10910.8500992,233.16071314285713,5,99.0,False,8,pos,380.7886225765603,0.11647236109852516,OnTrack,-5517.0,-4309.0,680.0,LEC
2024-05-25 14:58:25.503,0 days 01:11:20.820000,10,661.7444444444442,0 days 00:00:07.126000,10838.0,234.0,6,99.0,False,8,car,383.8711111111112,0.1174152062792687,OnTrack,-5485.037701267434,-4300.687827099343,683.0759243206682,LEC
2024-05-25 14:58:25.736,0 days 01:11:21.053000,10,654.1072243199998,0 days 00:00:07.359000,10947.842826971428,238.16071314285713,6,99.0,False,8,pos,399.31003658483536,0.12213753251522991,OnTrack,-5315.0,-4258.0,701.0,LEC
2024-05-25 14:58:25.783,0 days 01:11:21.100000,10,652.5666666666664,0 days 00:00:07.406000,10970.0,239.0,6,99.0,False,8,car,402.46000000000004,0.12310101633429921,OnTrack,-5283.206379399838,-4250.931091713823,703.637014960805,LEC
2024-05-25 14:58:25.916,0 days 01:11:21.233000,10,647.1358359466664,0 days 00:00:07.539000,11077.5082816,240.9395824,6,99.0,False,8,pos,411.44231917723283,0.1258484511595152,OnTrack,-5197.0,-4234.0,710.0,LEC
2024-05-25 14:58:26.176,0 days 01:11:21.493000,10,636.5191692799998,0 days 00:00:07.799000,11287.674948266667,244.73124906666666,6,99.0,False,8,pos,429.25607782192515,0.13129717101712968,OnTrack,-5022.0,-4210.0,727.0,LEC
2024-05-25 14:58:26.263,0 days 01:11:21.580000,10,632.9666666666665,0 days 00:00:07.886000,11358.0,246.0,6,99.0,False,8,car,435.26000000000005,0.13313359928854315,OnTrack,-4961.18345596098,-4204.656544045237,732.7896540241865,LEC
2024-05-25 14:58:26.375,0 days 01:11:21.692000,10,627.9888877551597,0 days 00:00:07.998000,11430.939518391919,247.59430641293812,6,99.0,False,8,pos,443.016393189231,0.13550605837685695,OnTrack,-4884.0,-4199.0,740.0,LEC
2024-05-25 14:58:26.544,0 days 01:11:21.861000,10,620.4777777777776,0 days 00:00:08.167000,11541.0,250.0,6,99.0,False,8,car,454.7738888888889,0.1391023404177406,OnTrack,-4775.649745252964,-4190.240377782202,750.4412421632671,LEC
2024-05-25 14:58:26.636,0 days 01:11:21.953000,10,616.2866683536538,0 days 00:00:08.259000,11557.779867459676,251.15723223859834,6,99.0,False,8,pos,461.1989666236853,0.14106758814218606,OnTrack,-4706.0,-4178.0,757.0,LEC
2024-05-25 14:58:26.703,0 days 01:11:22.020000,10,613.2344444444441,0 days 00:00:08.326000,11570.0,252.0,6,99.0,False,8,car,465.90388888888896,0.14250668945068984,OnTrack,-4646.193309943074,-4163.610511106081,762.4869881786547,LEC
2024-05-25 14:58:26.855,0 days 01:11:22.172000,10,605.7188888888886,0 days 00:00:08.478000,11754.08888888889,254.11111111111111,6,99.0,False,8,pos,476.69422769870505,0.1458071458291617,OnTrack,-4508.0,-4123.0,775.0,LEC
2024-05-25 14:58:27.063,0 days 01:11:22.380000,10,595.4344444444444,0 days 00:00:08.686000,12006.0,257.0,6,99.0,False,8,car,491.6038888888889,0.15036758524105778,OnTrack,-4409.1848700969995,-4083.4301958013853,784.2749149632307,LEC
2024-05-25 14:58:27.216,0 days 01:11:22.533000,10,587.7419476622221,0 days 00:00:08.839000,11891.250048,257.9562496,6,99.0,False,8,pos,502.56853476990517,0.1537213571729238,OnTrack,-4322.0,-4038.0,792.0,LEC
2024-05-25 14:58:27.223,0 days 01:11:22.540000,10,587.3899999999999,0 days 00:00:08.846000,11886.0,258.0,6,99.0,False,8,car,503.0705555555556,0.15387491098928943,OnTrack,-4316.371502487275,-4035.1233674806394,792.4828199473554,LEC
2024-05-25 14:58:27.423,0 days 01:11:22.740000,10,577.2233333333331,0 days 00:00:09.046000,11992.0,259.0,6,99.0,False,8,car,517.4594444444444,0.15827606103188627,OnTrack,-4114.722753665998,-3933.5090599089112,809.4700642986403,LEC
2024-05-25 14:58:27.476,0 days 01:11:22.793000,10,574.4261144888886,0 days 00:00:09.099000,11862.1501568,259.6624992,6,99.0,False,8,pos,521.3061570360105,0.1594526605189601,OnTrack,-4073.0,-3913.0,813.0,LEC
2024-05-25 14:58:27.756,0 days 01:11:23.073000,10,559.6483367111108,0 days 00:00:09.379000,11176.1501568,263.1624992,6,99.0,False,8,pos,541.8575746797964,0.16573875205367333,OnTrack,-3966.0,-3868.0,822.0,LEC
2024-05-25 14:58:27.823,0 days 01:11:23.140000,10,556.1122222222219,0 days 00:00:09.446000,11012.0,264.0,6,99.0,False,8,car,546.7927777777778,0.1672482896901532,OnTrack,-3926.1335782755723,-3853.0380886428347,824.9449762085289,LEC
2024-05-25 14:58:27.955,0 days 01:11:23.272000,10,548.9988888888886,0 days 00:00:09.578000,10895.84,264.66,6,99.0,False,8,pos,556.5187447294433,0.17022318512469037,OnTrack,-3828.0,-3818.0,832.0,LEC
2024-05-25 14:58:28.215,0 days 01:11:23.532000,10,534.9877777777775,0 days 00:00:09.838000,10667.04,265.96,6,99.0,False,8,pos,575.7527229016445,0.17610630956227347,OnTrack,-3643.0,-3769.0,845.0,LEC
2024-05-25 14:58:28.223,0 days 01:11:23.540000,10,534.5566666666664,0 days 00:00:09.846000,10660.0,266.0,7,99.0,False,8,car,576.3483333333334,0.17628848977764944,OnTrack,-3637.8070748798523,-3767.840405743476,845.3550856273062,LEC
2024-05-25 14:58:28.383,0 days 01:11:23.700000,10,525.8011111111109,0 days 00:00:10.006000,10564.0,269.0,7,99.0,False,8,car,588.3038888888889,0.1799453526701855,OnTrack,-3539.70853173077,-3748.229707032481,851.799368185964,LEC
2024-05-25 14:58:28.495,0 days 01:11:23.812000,10,519.641111111111,0 days 00:00:10.118000,10744.6,269.35,7,99.0,False,8,pos,596.70020756553,0.18251354668340714,OnTrack,-3436.0,-3733.0,856.0,LEC
2024-05-25 14:58:28.675,0 days 01:11:23.992000,10,509.74111111111097,0 days 00:00:10.298000,11034.85,269.9125,7,99.0,False,8,pos,610.2067484523924,0.18664481167951488,OnTrack,-3200.0,-3704.0,862.0,LEC
2024-05-25 14:58:28.703,0 days 01:11:24.020000,10,508.201111111111,0 days 00:00:10.326000,11080.0,270.0,7,99.0,False,8,car,612.3038888888889,0.18728626702694934,OnTrack,-3174.374691456459,-3701.161092301524,862.5142829833092,LEC
2024-05-25 14:58:28.863,0 days 01:11:24.180000,10,499.4899999999998,0 days 00:00:10.486000,11080.0,270.0,7,99.0,False,8,car,624.3038888888889,0.19095672420533127,OnTrack,-3114.7607078364267,-3696.7174917084994,862.7752477308782,LEC
2024-05-25 14:58:28.995,0 days 01:11:24.312000,10,492.3033333333331,0 days 00:00:10.618000,10567.675,271.65,7,99.0,False,8,pos,634.3162618569754,0.1940192230581105,OnTrack,-3066.0,-3687.0,862.0,LEC
2024-05-25 14:58:29.023,0 days 01:11:24.340000,10,490.7788888888887,0 days 00:00:10.646000,10459.0,272.0,7,99.0,True,8,car,636.3927777777777,0.1946543699554049,OnTrack,-3047.7123099580417,-3682.710243721772,861.8964650841897,LEC
2024-05-25 14:58:29.303,0 days 01:11:24.620000,10,477.24555555555537,0 days 00:00:10.926000,10848.0,252.0,7,4.0,True,8,car,655.9927777777776,0.20064945001342868,OnTrack,-2768.763931129074,-3610.937571102789,861.8841776944782,LEC
2024-05-25 14:58:29.356,0 days 01:11:24.673000,10,474.83111402666646,0 days 00:00:10.979000,10800.9625568,249.6812528,7,3.6687504,True,8,pos,659.6378617012849,0.2017643770511655,OnTrack,-2731.0,-3600.0,862.0,LEC
2024-05-25 14:58:29.463,0 days 01:11:24.780000,10,469.95666666666637,0 days 00:00:11.086000,10706.0,245.0,7,3.0,True,8,car,666.8816666666665,0.20398005004566414,OnTrack,-2684.28159927139,-3584.170532820257,862.3091710030916,LEC
2024-05-25 14:58:29.656,0 days 01:11:24.973000,10,462.3438914133329,0 days 00:00:11.279000,10924.3311776,230.5250048,7,3.6031248,True,8,pos,678.9467894636911,0.20767042642719732,OnTrack,-2642.0,-3557.0,863.0,LEC
2024-05-25 14:58:29.783,0 days 01:11:25.100000,10,457.334444444444,0 days 00:00:11.406000,11068.0,221.0,5,4.0,True,8,car,686.526111111111,0.20998872438953384,OnTrack,-2582.882453222831,-3519.3348040317615,863.4203083794423,LEC
2024-05-25 14:58:29.916,0 days 01:11:25.233000,10,452.3100024177774,0 days 00:00:11.539000,11044.7250112,214.3500032,5,5.32999936,True,8,pos,694.3745509405713,0.2123893379154623,OnTrack,-2512.0,-3470.0,864.0,LEC
2024-05-25 14:58:29.983,0 days 01:11:25.300000,10,449.77888888888856,0 days 00:00:11.606000,11033.0,211.0,5,6.0,True,8,car,698.2483333333332,0.21357421728137913,OnTrack,-2481.0470044907242,-3444.496746105783,864.4167022703131,LEC
2024-05-25 14:58:30.196,0 days 01:11:25.513000,10,442.14639118222186,0 days 00:00:11.819000,10525.7939024,203.0125024,5,7.3312496,True,8,pos,710.1003821392239,0.217199420416222,OnTrack,-2400.0,-3359.0,866.0,LEC
2024-05-25 14:58:30.303,0 days 01:11:25.620000,10,438.31222222222186,0 days 00:00:11.926000,10271.0,199.0,5,8.0,True,8,car,715.9372222222221,0.218984743048031,OnTrack,-2365.319778255362,-3312.015111017055,866.6368979083877,LEC
2024-05-25 14:58:30.375,0 days 01:11:25.692000,10,435.7522222222219,0 days 00:00:11.998000,10174.88,197.2,5,8.36,True,8,pos,719.8572216896322,0.2201837588967317,OnTrack,-2345.0,-3281.0,867.0,LEC
2024-05-25 14:58:30.503,0 days 01:11:25.820000,10,431.2011111111109,0 days 00:00:12.126000,10004.0,194.0,5,9.0,True,8,car,726.7149999999998,0.22228135736565177,OnTrack,-2315.7052491323834,-3227.5194021111984,867.5798644265725,LEC
2024-05-25 14:58:30.556,0 days 01:11:25.873000,10,429.47861319111087,0 days 00:00:12.179000,9894.592989257142,191.5392886857143,5,9.189285485714286,True,8,pos,729.4598904494293,0.2231209409368168,OnTrack,-2304.0,-3195.0,868.0,LEC
2024-05-25 14:58:30.716,0 days 01:11:26.033000,10,424.27861319111076,0 days 00:00:12.339000,9564.307274971428,184.11071725714285,5,9.760714057142858,True,8,pos,737.4599901678099,0.22556794289007523,OnTrack,-2269.0,-3057.0,870.0,LEC
2024-05-25 14:58:30.783,0 days 01:11:26.100000,10,422.10111111111075,0 days 00:00:12.406000,9426.0,181.0,5,10.0,False,8,car,740.7927777777776,0.2265873474073276,OnTrack,-2259.5721515344057,-3012.234239855882,870.6465477822566,LEC
2024-05-25 14:58:30.943,0 days 01:11:26.260000,10,416.9011111111107,0 days 00:00:12.566000,9146.0,179.0,5,10.0,False,8,car,748.7483333333331,0.22902072457373637,OnTrack,-2252.903616750322,-2956.8038776994913,871.3921488274754,LEC
2024-05-25 14:58:31.195,0 days 01:11:26.512000,10,408.71111111111077,0 days 00:00:12.818000,9178.9,173.4,5,39.4,False,8,pos,760.7394543287568,0.23268846591827796,OnTrack,-2263.0,-2902.0,872.0,LEC
2024-05-25 14:58:31.303,0 days 01:11:26.620000,10,405.2011111111108,0 days 00:00:12.926000,9193.0,171.0,5,52.0,False,8,car,765.8483333333331,0.2342511260529306,OnTrack,-2267.578252382296,-2856.041380071913,872.5668472022414,LEC
2024-05-25 14:58:31.416,0 days 01:11:26.733000,10,401.30889109333305,0 days 00:00:13.039000,9243.8499712,171.8071424,5,61.2821376,False,8,pos,771.2518698022639,0.2359039134880169,OnTrack,-2276.0,-2798.0,874.0,LEC
2024-05-25 14:58:31.583,0 days 01:11:26.900000,10,395.5566666666664,0 days 00:00:13.206000,9319.0,173.0,5,75.0,False,8,car,779.3038888888887,0.23836679609276443,OnTrack,-2301.066152012381,-2704.717023283325,878.6187359711415,LEC
2024-05-25 14:58:31.636,0 days 01:11:26.953000,10,393.686946702222,0 days 00:00:13.259000,9379.2874272,173.3312496,5,75.6624992,False,8,pos,781.8616180484183,0.2391491323722605,OnTrack,-2310.0,-2678.0,880.0,LEC
2024-05-25 14:58:31.743,0 days 01:11:27.060000,10,389.912222222222,0 days 00:00:13.366000,9501.0,174.0,5,77.0,False,8,car,787.037222222222,0.2407322018299439,OnTrack,-2327.728852365754,-2632.1290583824366,882.094745301556,LEC
2024-05-25 14:58:31.896,0 days 01:11:27.213000,10,384.174724622222,0 days 00:00:13.519000,9590.8874624,175.4343744,5,76.0437504,False,8,pos,794.4998856189459,0.24301481736613997,OnTrack,-2353.0,-2578.0,884.0,LEC
2024-05-25 14:58:32.063,0 days 01:11:27.380000,10,377.912222222222,0 days 00:00:13.686000,9689.0,177.0,5,75.0,False,8,car,802.7705555555553,0.24554457901937798,OnTrack,-2381.6099542524307,-2521.3185959094303,885.5471516663918,LEC
2024-05-25 14:58:32.256,0 days 01:11:27.573000,10,370.2458358755553,0 days 00:00:13.879000,9877.1749376,181.1357129142857,5,70.1750016,False,8,pos,812.543720962479,0.24853391111299106,OnTrack,-2448.0,-2422.0,886.0,LEC
2024-05-25 14:58:32.343,0 days 01:11:27.660000,10,366.78999999999974,0 days 00:00:13.966000,9962.0,183.0,5,68.0,False,8,car,817.0038888888887,0.2498981490615143,OnTrack,-2502.233302452758,-2350.9294843043044,885.4728041497351,LEC
2024-05-25 14:58:32.416,0 days 01:11:27.733000,10,363.8902803199997,0 days 00:00:14.039000,9823.9084544,183.6083328,5,49.1416832,False,8,pos,820.7664867427042,0.2510490202533394,OnTrack,-2543.0,-2299.0,885.0,LEC
2024-05-25 14:58:32.583,0 days 01:11:27.900000,10,357.2566666666663,0 days 00:00:14.206000,9508.0,185.0,5,6.0,True,8,car,829.3372222222221,0.2536705633837402,OnTrack,-2573.6785974834434,-2263.7739391544246,884.7454849855437,LEC
2024-05-25 14:58:32.696,0 days 01:11:28.013000,10,353.05055793777734,0 days 00:00:14.319000,9949.82974976,181.04500224,5,4.30500096,True,8,pos,834.9695000141128,0.2553933162547308,OnTrack,-2590.0,-2244.0,885.0,LEC
2024-05-25 14:58:32.783,0 days 01:11:28.100000,10,349.81222222222175,0 days 00:00:14.406000,10290.0,178.0,5,3.0,True,8,car,839.226111111111,0.25669529198444385,OnTrack,-2618.5483199692376,-2205.64482851614,885.3379564745657,LEC
2024-05-25 14:58:32.943,0 days 01:11:28.260000,10,344.2566666666662,0 days 00:00:14.566000,10268.0,172.0,5,5.0,True,8,car,846.8705555555555,0.2590335091499316,OnTrack,-2691.4700792714316,-2103.447113271929,886.418628457246,LEC
2024-05-25 14:58:32.995,0 days 01:11:28.312000,10,342.6244439247313,0 days 00:00:14.618000,10158.049716234735,169.67164104967677,5,5.2587065500359165,True,8,pos,849.263724088608,0.2597655110350333,OnTrack,-2709.0,-2077.0,887.0,LEC
2024-05-25 14:58:33.144,0 days 01:11:28.461000,10,337.94749999999965,0 days 00:00:14.767000,9843.0,163.0,4,6.0,True,8,car,855.9713888888888,0.2618171940697308,OnTrack,-2736.7071760171293,-2027.1775091202924,889.3406770639187,LEC
2024-05-25 14:58:33.344,0 days 01:11:28.661000,10,331.72527777777725,0 days 00:00:14.967000,9843.0,163.0,4,6.0,False,8,car,865.0269444444444,0.2645870298108246,OnTrack,-2741.9606233411077,-1988.5734378560817,892.6915096445953,LEC
2024-05-25 14:58:33.375,0 days 01:11:28.692000,10,330.89860957029583,0 days 00:00:14.998000,9800.630015071094,161.54231703226242,4,10.470227767728598,False,8,pos,866.3697280411783,0.26499774895179506,OnTrack,-2743.0,-1980.0,893.0,LEC
2024-05-25 14:58:33.615,0 days 01:11:28.932000,10,324.49861085430814,0 days 00:00:15.238000,9472.60500251185,150.2570528387104,4,45.078371294621434,False,8,pos,876.1838150405445,0.26799959779146915,OnTrack,-2747.0,-1884.0,894.0,LEC
2024-05-25 14:58:33.663,0 days 01:11:28.980000,10,323.2186111111106,0 days 00:00:15.286000,9407.0,148.0,4,52.0,False,8,car,878.1413888888889,0.26859836370679147,OnTrack,-2742.551898358214,-1856.8135771368684,894.2633724332567,LEC
2024-05-25 14:58:33.835,0 days 01:11:29.152000,10,318.393055555555,0 days 00:00:15.458000,9580.228571428572,149.22857142857143,4,57.52857142857143,False,8,pos,885.2750212654619,0.2707803380538357,OnTrack,-2715.0,-1752.0,895.0,LEC
2024-05-25 14:58:33.943,0 days 01:11:29.260000,10,315.363055555555,0 days 00:00:15.566000,9689.0,150.0,4,61.0,False,8,car,889.8080555555556,0.2721668637413295,OnTrack,-2699.134255858729,-1704.5181647366114,894.1880419936265,LEC
2024-05-25 14:58:34.223,0 days 01:11:29.540000,10,307.11861111111057,0 days 00:00:15.846000,10129.0,153.0,4,80.0,False,8,car,901.7080555555556,0.2758067337765582,OnTrack,-2660.9591337649654,-1633.493217498074,888.4302543454116,LEC
2024-05-25 14:58:34.296,0 days 01:11:29.613000,10,304.80694647111056,0 days 00:00:15.919000,10244.235613257142,154.8249984,4,78.95714377142858,False,8,pos,904.8955975126313,0.2767817117980367,OnTrack,-2647.0,-1611.0,887.0,LEC
2024-05-25 14:58:34.395,0 days 01:11:29.712000,10,301.6719444444439,0 days 00:00:16.018000,10400.514285714286,157.3,4,77.54285714285714,False,8,pos,909.2847131999554,0.2781242168964773,OnTrack,-2625.0,-1576.0,885.0,LEC
2024-05-25 14:58:34.503,0 days 01:11:29.820000,10,298.2519444444439,0 days 00:00:16.126000,10571.0,160.0,4,76.0,False,8,car,914.1525,0.2796131338133987,OnTrack,-2599.257497230859,-1537.1221969114013,880.9992408639209,LEC
2024-05-25 14:58:34.615,0 days 01:11:29.932000,10,294.4874999999995,0 days 00:00:16.238000,10961.6,164.2,4,85.8,False,8,pos,919.2887515175858,0.28118416641779015,OnTrack,-2570.0,-1496.0,876.0,LEC
2024-05-25 14:58:34.663,0 days 01:11:29.980000,10,292.87416666666616,0 days 00:00:16.286000,11129.0,166.0,4,90.0,False,8,car,921.5302777777778,0.2818697852638113,OnTrack,-2556.3235758650762,-1477.8126430928792,874.0656948414894,LEC
2024-05-25 14:58:34.935,0 days 01:11:30.252000,10,282.8252777777774,0 days 00:00:16.558000,11598.2,175.71428571428572,4,98.74285714285715,False,8,pos,934.8111248588781,0.2859320169724628,OnTrack,-2472.0,-1375.0,865.0,LEC
2024-05-25 14:58:34.943,0 days 01:11:30.260000,10,282.52972222222184,0 days 00:00:16.566000,11612.0,176.0,4,99.0,False,8,car,935.2191666666665,0.28605682530433585,OnTrack,-2469.631688898056,-1372.296817638813,864.7600312714691,LEC
2024-05-25 14:58:35.136,0 days 01:11:30.453000,10,274.5952804088886,0 days 00:00:16.759000,11870.9415808,184.57777493333333,4,99.0,False,8,pos,945.3844293540702,0.2891660887544291,OnTrack,-2403.0,-1299.0,858.0,LEC
2024-05-25 14:58:35.303,0 days 01:11:30.620000,10,267.729722222222,0 days 00:00:16.926000,12095.0,192.0,4,99.0,False,8,car,954.4191666666665,0.2919295567897469,OnTrack,-2299.6578910880753,-1185.235684023978,847.5558957164302,LEC
2024-05-25 14:58:35.315,0 days 01:11:30.632000,10,267.219722222222,0 days 00:00:16.938000,12022.325,192.3,4,99.0,False,8,pos,955.0687519632091,0.29212824637430246,OnTrack,-2294.0,-1179.0,847.0,LEC
2024-05-25 14:58:35.463,0 days 01:11:30.780000,10,260.92972222222215,0 days 00:00:17.086000,11126.0,196.0,4,99.0,False,8,car,963.1302777777776,0.29459403681553525,OnTrack,-2261.011660158823,-1142.5984625798374,844.1044554107959,LEC
2024-05-25 14:58:35.595,0 days 01:11:30.912000,10,254.989722222222,0 days 00:00:17.218000,11144.48,201.28,4,99.0,False,8,pos,970.5589619330087,0.2968662590724936,OnTrack,-2237.0,-1110.0,841.0,LEC
2024-05-25 14:58:35.663,0 days 01:11:30.980000,10,251.92972222222193,0 days 00:00:17.286000,11154.0,204.0,5,99.0,False,8,car,974.463611111111,0.29806057970622934,OnTrack,-2209.355819461227,-1072.1295168760705,836.9835895328969,LEC
2024-05-25 14:58:35.855,0 days 01:11:31.172000,10,242.80972222222204,0 days 00:00:17.478000,11380.4,210.4,5,99.0,False,8,pos,985.7256735890061,0.301505322878344,OnTrack,-2108.0,-932.0,822.0,LEC
2024-05-25 14:58:35.903,0 days 01:11:31.220000,10,240.52972222222206,0 days 00:00:17.526000,11437.0,212.0,5,99.0,False,8,car,988.5969444444443,0.3023835626052125,OnTrack,-2090.193907134361,-906.7079790662161,819.4738163777938,LEC
2024-05-25 14:58:36.103,0 days 01:11:31.420000,10,230.52972222222218,0 days 00:00:17.726000,11621.0,219.0,5,99.0,False,8,car,1000.7636111111109,0.30610499835551636,OnTrack,-2055.091784485423,-852.28726787923,815.268115567397,LEC
2024-05-25 14:58:36.263,0 days 01:11:31.580000,10,222.44083333333333,0 days 00:00:17.886000,11787.0,222.0,5,99.0,False,8,car,1010.6302777777776,0.30912292981329703,OnTrack,-2012.986281638886,-790.1087823242535,810.0258740761348,LEC
2024-05-25 14:58:36.296,0 days 01:11:31.613000,10,220.7266699911111,0 days 00:00:17.919000,11906.29476864,222.8249984,5,99.16499968,False,8,pos,1012.7085069525315,0.30975860074603023,OnTrack,-1998.0,-769.0,808.0,LEC
2024-05-25 14:58:36.415,0 days 01:11:31.732000,10,214.54527777777776,0 days 00:00:18.038000,12336.48,225.8,5,99.76,False,8,pos,1020.2823082159342,0.3120752101806048,OnTrack,-1933.0,-679.0,799.0,LEC
2024-05-25 14:58:36.463,0 days 01:11:31.780000,10,212.05194444444442,0 days 00:00:18.086000,12510.0,227.0,5,100.0,True,8,car,1023.2413888888887,0.31298030842205954,OnTrack,-1911.7633013696454,-650.224111270864,796.0199111166114,LEC
2024-05-25 14:58:36.595,0 days 01:11:31.912000,10,206.33194444444436,0 days 00:00:18.218000,12088.8375,215.8625,5,58.75,True,8,pos,1030.9540306776014,0.3153393852068653,OnTrack,-1868.0,-593.0,790.0,LEC
2024-05-25 14:58:36.783,0 days 01:11:32.100000,10,198.18527777777763,0 days 00:00:18.406000,11489.0,200.0,5,0.0,True,8,car,1041.0191666666665,0.31841802276040315,OnTrack,-1804.3780644510828,-512.6062154117707,782.6671540701014,LEC
2024-05-25 14:58:36.895,0 days 01:11:32.212000,10,194.17194444444414,0 days 00:00:18.518000,11097.0,183.2,5,0.0,True,8,pos,1046.6033101392793,0.32012605271825034,OnTrack,-1768.0,-468.0,779.0,LEC
2024-05-25 14:58:36.943,0 days 01:11:32.260000,10,192.45194444444405,0 days 00:00:18.566000,10929.0,176.0,5,0.0,True,8,car,1048.8413888888888,0.32081061706927433,OnTrack,-1753.3433928856252,-450.38310880288424,777.6155258999524,LEC
2024-05-25 14:58:37.195,0 days 01:11:32.512000,10,186.92194444444402,0 days 00:00:18.818000,10794.18,149.54,5,0.0,True,8,pos,1058.7577935314707,0.3238437619529498,OnTrack,-1685.0,-371.0,771.0,LEC
2024-05-25 14:58:37.256,0 days 01:11:32.573000,10,185.58333473777734,0 days 00:00:18.879000,10761.54503424,143.13500672,5,0.0,True,8,pos,1060.8469541058325,0.3244827764885297,OnTrack,-1670.0,-354.0,769.0,LEC
2024-05-25 14:58:37.343,0 days 01:11:32.660000,10,183.67416666666622,0 days 00:00:18.966000,10715.0,134.0,3,0.0,True,8,car,1063.7302777777777,0.32536470282763713,OnTrack,-1645.5665219168538,-327.71560245399735,765.9329111686669,LEC
2024-05-25 14:58:37.616,0 days 01:11:32.933000,10,180.2616674666662,0 days 00:00:19.239000,9412.79030528,116.25500416,3,0.0,True,8,pos,1072.0695584055284,0.3279154505311929,OnTrack,-1565.0,-248.0,757.0,LEC
2024-05-25 14:58:37.743,0 days 01:11:33.060000,10,178.67416666666622,0 days 00:00:19.366000,8807.0,108.0,2,0.0,True,8,car,1075.7302777777777,0.32903516000601907,OnTrack,-1546.8700270454592,-232.25384337748372,755.2371536790904,LEC
2024-05-25 14:58:37.876,0 days 01:11:33.193000,10,177.3441673066663,0 days 00:00:19.499000,8354.800217599999,102.1812528,2,0.0,True,8,pos,1079.4742901829459,0.3301803464400608,OnTrack,-1530.0,-222.0,754.0,LEC
2024-05-25 14:58:37.903,0 days 01:11:33.220000,10,177.07416666666631,0 days 00:00:19.526000,8263.0,101.0,2,0.0,True,8,car,1080.2191666666665,0.3304081828764508,OnTrack,-1525.1415842380613,-219.37797974816976,753.6675137665503,LEC
2024-05-25 14:58:38.063,0 days 01:11:33.380000,10,175.8741666666665,0 days 00:00:19.686000,7843.0,96.0,2,0.0,True,8,car,1084.4858333333332,0.33171323431765326,OnTrack,-1489.0473992893833,-202.93517784369195,751.220302460735,LEC
2024-05-25 14:58:38.076,0 days 01:11:33.393000,10,175.84527791999983,0 days 00:00:19.699000,7811.289441828571,95.48928822857143,2,0.0,True,8,pos,1084.8158085550692,0.3318141643110957,OnTrack,-1486.0,-202.0,751.0,LEC
2024-05-25 14:58:38.343,0 days 01:11:33.660000,10,175.25194444444423,0 days 00:00:19.966000,7160.0,85.0,2,0.0,True,8,car,1091.0969444444443,0.33373538433722477,OnTrack,-1425.6965124788428,-198.71580312550591,746.2123633802547,LEC
2024-05-25 14:58:38.356,0 days 01:11:33.673000,10,175.24472225777757,0 days 00:00:19.979000,7157.562512,84.6750016,2,0.0,True,8,pos,1091.3918387309345,0.3338255840747841,OnTrack,-1423.0,-199.0,746.0,LEC
2024-05-25 14:58:38.503,0 days 01:11:33.820000,10,175.1630555555555,0 days 00:00:20.126000,7130.0,81.0,2,0.0,False,8,car,1094.6969444444442,0.3348365214907393,OnTrack,-1394.4730076221879,-204.00863498988718,743.8415102300403,LEC
2024-05-25 14:58:38.656,0 days 01:11:33.973000,10,175.2055555377778,0 days 00:00:20.279000,6980.8250624,80.23500032,2,0.0,False,8,pos,1098.1039061405404,0.33587861374189837,OnTrack,-1359.0,-220.0,740.0,LEC
2024-05-25 14:58:38.703,0 days 01:11:34.020000,10,175.21861111111116,0 days 00:00:20.326000,6935.0,80.0,2,0.0,True,8,car,1099.1413888888885,0.33619595007532516,OnTrack,-1344.8722348148738,-228.6683423261069,738.0529133814542,LEC
2024-05-25 14:58:38.836,0 days 01:11:34.153000,10,175.21861111111116,0 days 00:00:20.459000,6736.4500955428575,79.05000045714286,2,1.4249993142857142,True,8,pos,1102.0497019232487,0.33708551994648767,OnTrack,-1304.0,-257.0,732.0,LEC
2024-05-25 14:58:38.983,0 days 01:11:34.300000,10,175.21861111111116,0 days 00:00:20.606000,6517.0,78.0,2,3.0,False,8,car,1105.2080555555551,0.3380515700932849,OnTrack,-1280.1074821577515,-276.92003662748584,728.7642256234038,LEC
2024-05-25 14:58:39.223,0 days 01:11:34.540000,10,175.15194444444455,0 days 00:00:20.846000,7075.0,76.0,2,43.0,False,8,car,1110.2747222222217,0.3396013186797128,OnTrack,-1267.1929849191838,-300.01987987712175,728.0899286126019,LEC
2024-05-25 14:58:39.236,0 days 01:11:34.553000,10,175.12666679111123,0 days 00:00:20.859000,7098.562384,76.2166656,2,43.2166656,False,8,pos,1110.554099745616,0.33968677228273125,OnTrack,-1266.0,-302.0,728.0,LEC
2024-05-25 14:58:39.336,0 days 01:11:34.653000,10,174.93222234666686,0 days 00:00:20.959000,7279.812384,77.88333226666667,2,44.88333226666666,False,8,pos,1112.7310020942703,0.34035262452041914,OnTrack,-1255.0,-321.0,727.0,LEC
2024-05-25 14:58:39.463,0 days 01:11:34.780000,10,174.68527777777808,0 days 00:00:21.086000,7510.0,80.0,2,47.0,False,8,car,1115.608055555555,0.34123263298121587,OnTrack,-1238.4027230468087,-362.2337799758504,724.4415359095233,LEC
2024-05-25 14:58:39.595,0 days 01:11:34.912000,10,174.06194430247552,0 days 00:00:21.218000,7940.761663945717,83.75800797335413,2,51.697509966692664,False,8,pos,1118.780673482051,0.3422030461680968,OnTrack,-1222.0,-412.0,721.0,LEC
2024-05-25 14:58:39.744,0 days 01:11:35.061000,10,173.35833333333358,0 days 00:00:21.367000,8427.0,88.0,2,57.0,False,8,car,1122.476944444444,0.34333362985869337,OnTrack,-1209.0604984518136,-457.77085716858363,717.2299172271137,LEC
2024-05-25 14:58:39.944,0 days 01:11:35.261000,10,172.19166666666706,0 days 00:00:21.567000,8847.0,91.0,2,59.0,False,8,car,1127.5324999999993,0.3448799798736598,OnTrack,-1198.6363152615163,-504.8350164329059,712.629820068513,LEC
2024-05-25 14:58:40.035,0 days 01:11:35.352000,10,171.28166623541262,0 days 00:00:21.658000,9349.294144850088,96.21864046597494,2,64.87097052422182,False,8,pos,1130.0574427405202,0.34565228772423884,OnTrack,-1194.0,-524.0,711.0,LEC
2024-05-25 14:58:40.223,0 days 01:11:35.540000,10,169.40166666666687,0 days 00:00:21.846000,10387.0,107.0,2,77.0,False,8,car,1135.8249999999994,0.3474164187196375,OnTrack,-1183.9878773298153,-559.9694529948215,708.6205741791596,LEC
2024-05-25 14:58:40.395,0 days 01:11:35.712000,10,166.582777777778,0 days 00:00:22.018000,10548.084615384616,116.5923076923077,2,84.27692307692308,False,8,pos,1141.7754648605064,0.34923649592480066,OnTrack,-1173.0,-597.0,706.0,LEC
2024-05-25 14:58:40.635,0 days 01:11:35.952000,10,162.64944444444473,0 days 00:00:22.258000,10772.853846153846,129.97692307692307,2,94.43076923076923,False,8,pos,1151.0477266055473,0.35207261589829414,OnTrack,-1147.0,-678.0,699.0,LEC
2024-05-25 14:58:40.743,0 days 01:11:36.060000,10,160.87944444444474,0 days 00:00:22.366000,10874.0,136.0,2,99.0,False,8,car,1155.4694444444438,0.35342509306350717,OnTrack,-1120.8948211321185,-744.1051005366274,694.1007092607312,LEC
2024-05-25 14:58:40.855,0 days 01:11:36.172000,10,158.6394444444448,0 days 00:00:22.478000,11277.2,142.3,2,99.0,False,8,pos,1160.207546068362,0.35487434298995835,OnTrack,-1092.0,-814.0,689.0,LEC
2024-05-25 14:58:41.063,0 days 01:11:36.380000,10,154.47944444444488,0 days 00:00:22.686000,12026.0,154.0,3,99.0,False,8,car,1169.1583333333326,0.3576121331040317,OnTrack,-1059.5470401257637,-888.1816065743957,682.8492961812398,LEC
2024-05-25 14:58:41.303,0 days 01:11:36.620000,10,150.34611111111167,0 days 00:00:22.926000,10686.0,149.0,3,0.0,True,8,car,1179.0916666666658,0.36065045599058115,OnTrack,-1032.986515419477,-933.6454529274965,678.3144297458672,LEC
2024-05-25 14:58:41.356,0 days 01:11:36.673000,10,149.63944529777837,0 days 00:00:22.979000,10447.1690384,146.3500032,3,0.0,True,8,pos,1181.229980867568,0.36130450521627594,OnTrack,-1023.0,-950.0,677.0,LEC
2024-05-25 14:58:41.396,0 days 01:11:36.713000,10,149.10611196444506,0 days 00:00:23.019000,10266.9190384,144.3500032,3,0.0,True,8,pos,1182.8275523125678,0.36179315668113243,OnTrack,-1015.0,-963.0,676.0,LEC
2024-05-25 14:58:41.463,0 days 01:11:36.780000,10,148.21277777777846,0 days 00:00:23.086000,9965.0,141.0,3,0.0,True,8,car,1185.3583333333324,0.36256725029484727,OnTrack,-1009.0349824924501,-972.04133954496,675.367493366888,LEC
2024-05-25 14:58:41.595,0 days 01:11:36.912000,10,148.1027777777784,0 days 00:00:23.218000,9741.59,128.79,3,0.0,True,8,pos,1189.721898756961,0.36390194029755524,OnTrack,-1011.0,-966.0,676.0,LEC
2024-05-25 14:58:41.863,0 days 01:11:37.180000,10,147.87944444444497,0 days 00:00:23.486000,9288.0,104.0,3,0.0,True,8,car,1196.913888888888,0.3661017646147706,OnTrack,-968.1896471308899,-1027.943766531553,670.7133027001646,LEC
2024-05-25 14:58:41.896,0 days 01:11:37.213000,10,147.98944423111163,0 days 00:00:23.519000,9057.000448,101.3187552,3,0.0,True,8,pos,1197.768419399686,0.3663631410853961,OnTrack,-962.0,-1036.0,670.0,LEC
2024-05-25 14:58:42.023,0 days 01:11:37.340000,10,148.41277777777827,0 days 00:00:23.646000,8168.0,91.0,1,0.0,True,8,car,1200.9583333333326,0.3673388446267438,OnTrack,-939.9565124320293,-1061.0576076282903,667.7047012261615,LEC
2024-05-25 14:58:42.135,0 days 01:11:37.452000,10,149.03500000000054,0 days 00:00:23.758000,8126.4,85.4,1,0.0,True,8,pos,1203.4861190276818,0.3681120220556801,OnTrack,-922.0,-1078.0,666.0,LEC
2024-05-25 14:58:42.303,0 days 01:11:37.620000,10,149.96833333333393,0 days 00:00:23.926000,8064.0,77.0,1,0.0,True,8,car,1206.9472222222214,0.3691706746444733,OnTrack,-894.6578194769512,-1099.106375147784,663.5147002152269,LEC
2024-05-25 14:58:42.335,0 days 01:11:37.652000,10,150.1461111111117,0 days 00:00:23.958000,7947.04,76.2,1,0.0,True,8,pos,1207.598686146247,0.36936993884750635,OnTrack,-888.0,-1103.0,663.0,LEC
2024-05-25 14:58:42.503,0 days 01:11:37.820000,10,151.07944444444502,0 days 00:00:24.126000,7333.0,72.0,1,0.0,True,8,car,1210.9472222222214,0.3703941603706006,OnTrack,-843.3850474862845,-1123.4498573607486,660.0349687050841,LEC
2024-05-25 14:58:42.575,0 days 01:11:37.892000,10,151.49944444444498,0 days 00:00:24.198000,7226.08,69.84,1,0.0,True,8,pos,1212.3059911184546,0.3708097689580124,OnTrack,-826.0,-1130.0,659.0,LEC
2024-05-25 14:58:42.703,0 days 01:11:38.020000,10,152.24611111111153,0 days 00:00:24.326000,7036.0,66.0,1,0.0,True,8,car,1214.6138888888881,0.371515688952884,OnTrack,-803.8414395069567,-1136.3207546785598,657.8510839285061,LEC
2024-05-25 14:58:42.903,0 days 01:11:38.220000,10,153.52388888888936,0 days 00:00:24.526000,6273.0,61.0,1,0.0,True,8,car,1218.002777777777,0.3725522532486307,OnTrack,-787.2247424743686,-1133.656673404976,657.4677541295165,LEC
2024-05-25 14:58:43.036,0 days 01:11:38.353000,10,154.44749955555605,0 days 00:00:24.659000,5975.08014336,57.6750016,1,0.0,True,8,pos,1220.0940246530383,0.3731919059240533,OnTrack,-774.0,-1127.0,657.0,LEC
2024-05-25 14:58:43.103,0 days 01:11:38.420000,10,154.91277777777827,0 days 00:00:24.726000,5825.0,56.0,1,0.0,True,8,car,1221.1138888888881,0.37350385325784086,OnTrack,-765.6990507180412,-1122.4137389800674,656.6201588103131,LEC
2024-05-25 14:58:43.236,0 days 01:11:38.553000,10,155.87333287111161,0 days 00:00:24.859000,5576.7334528,54.3375008,1,0.0,True,8,pos,1223.0926031151732,0.37410908541082705,OnTrack,-750.0,-1111.0,656.0,LEC
2024-05-25 14:58:43.276,0 days 01:11:38.593000,10,156.1622217600005,0 days 00:00:24.899000,5502.066786133333,53.8375008,1,0.0,True,8,pos,1223.677058450615,0.3742878536009451,OnTrack,-747.0,-1107.0,656.0,LEC
2024-05-25 14:58:43.343,0 days 01:11:38.660000,10,156.64611111111162,0 days 00:00:24.966000,5377.0,53.0,1,0.0,False,8,car,1224.6472222222214,0.3745845989825866,OnTrack,-742.5209817746545,-1099.3916294098965,655.9645020520732,LEC
2024-05-25 14:58:43.543,0 days 01:11:38.860000,10,158.14611111111185,0 days 00:00:25.166000,5110.0,51.0,1,2.0,False,8,car,1227.4805555555547,0.37545123470526015,OnTrack,-732.8249847335521,-1071.6386451326891,655.2524243960185,LEC
2024-05-25 14:58:43.576,0 days 01:11:38.893000,10,158.38444398222296,0 days 00:00:25.199000,5156.887409066667,50.725000533333336,1,3.6499968,False,8,pos,1227.9403512590072,0.37559187307528735,OnTrack,-732.0,-1067.0,655.0,LEC
2024-05-25 14:58:43.735,0 days 01:11:39.052000,10,159.53277777777853,0 days 00:00:25.358000,5382.8,49.4,1,11.6,False,8,pos,1230.116017120389,0.3762573471068431,OnTrack,-731.0,-1045.0,653.0,LEC
2024-05-25 14:58:43.783,0 days 01:11:39.100000,10,159.8794444444452,0 days 00:00:25.406000,5451.0,49.0,1,14.0,False,8,car,1230.7472222222214,0.37645041471493074,OnTrack,-731.3417119068174,-1038.4054849133788,651.9511516628456,LEC
2024-05-25 14:58:43.896,0 days 01:11:39.213000,10,160.82111057777848,0 days 00:00:25.519000,5730.6748416,46.8812512,1,16.1187488,False,8,pos,1232.1846406717252,0.3768900799537907,OnTrack,-733.0,-1023.0,649.0,LEC
2024-05-25 14:58:43.943,0 days 01:11:39.260000,10,161.21277777777846,0 days 00:00:25.566000,5847.0,46.0,1,17.0,False,8,car,1232.7916666666658,0.3770757518638403,OnTrack,-733.9512017005217,-1016.6906608547246,647.8749852131,LEC
2024-05-25 14:58:44.183,0 days 01:11:39.500000,10,163.14611111111185,0 days 00:00:25.806000,5819.0,50.0,1,25.0,False,8,car,1236.124999999999,0.3780953233022797,OnTrack,-741.4380628740572,-984.7763202798257,644.0476438878889,LEC
2024-05-25 14:58:44.196,0 days 01:11:39.513000,10,163.2508328177785,0 days 00:00:25.819000,5858.58480512,50.19499904,1,25.4874976,False,8,pos,1236.3152006246069,0.37815350023960675,OnTrack,-742.0,-983.0,644.0,LEC
2024-05-25 14:58:44.295,0 days 01:11:39.612000,10,164.04833333333406,0 days 00:00:25.918000,6160.04,51.68,1,29.2,False,8,pos,1237.7939989449308,0.37860582239879104,OnTrack,-747.0,-969.0,644.0,LEC
2024-05-25 14:58:44.583,0 days 01:11:39.900000,10,166.36833333333402,0 days 00:00:26.206000,7037.0,56.0,1,40.0,False,8,car,1242.3472222222213,0.37999852332069994,OnTrack,-772.7018421322632,-917.6089587958128,640.0070850705342,LEC
2024-05-25 14:58:44.696,0 days 01:11:40.013000,10,167.3099994666674,0 days 00:00:26.319000,7472.61475328,58.25999872,1,43.38999808,False,8,pos,1244.2014353550378,0.3805656741459996,OnTrack,-783.0,-900.0,638.0,LEC
2024-05-25 14:58:44.783,0 days 01:11:40.100000,10,168.03500000000076,0 days 00:00:26.406000,7808.0,60.0,1,46.0,False,8,car,1245.6805555555545,0.38101809475913934,OnTrack,-789.9767365357724,-889.0694846568465,636.6239406084516,LEC
2024-05-25 14:58:45.023,0 days 01:11:40.340000,10,170.23500000000058,0 days 00:00:26.646000,8068.0,66.0,1,49.0,False,8,car,1250.0805555555546,0.3823639290578794,OnTrack,-808.370246366981,-865.5306725711112,633.5534941220318,LEC
2024-05-25 14:58:45.076,0 days 01:11:40.393000,10,170.70611054222283,0 days 00:00:26.699000,8370.541301333333,67.54583146666667,1,51.6499968,False,8,pos,1251.1085704219731,0.38267836943670686,OnTrack,-814.0,-859.0,633.0,LEC
2024-05-25 14:58:45.256,0 days 01:11:40.573000,10,172.3061105422229,0 days 00:00:26.879000,9398.041301333333,72.79583146666667,1,60.6499968,False,8,pos,1254.7949481260375,0.383805927062216,OnTrack,-838.0,-832.0,631.0,LEC
2024-05-25 14:58:45.263,0 days 01:11:40.580000,10,172.36833333333402,0 days 00:00:26.886000,9438.0,73.0,1,61.0,False,8,car,1254.9472222222212,0.3838525033580009,OnTrack,-839.0385895556385,-830.8492150624563,630.8778483705423,LEC
2024-05-25 14:58:45.423,0 days 01:11:40.740000,10,173.7016666666675,0 days 00:00:27.046000,10227.0,82.0,1,67.0,False,8,car,1258.5916666666656,0.38496723479736134,OnTrack,-864.325845107932,-803.2047426461843,626.9536413356108,LEC
2024-05-25 14:58:45.496,0 days 01:11:40.813000,10,174.26944394666754,0 days 00:00:27.119000,10263.9562176,84.281248,1,67.9124992,False,8,pos,1260.309164752853,0.3854925683956366,OnTrack,-876.0,-791.0,625.0,LEC
2024-05-25 14:58:45.583,0 days 01:11:40.900000,10,174.94611111111203,0 days 00:00:27.206000,10308.0,87.0,1,69.0,False,8,car,1262.4583333333321,0.38614993766595107,OnTrack,-889.6205192260214,-777.390093614382,622.8092917727539,LEC
2024-05-25 14:58:45.656,0 days 01:11:40.973000,10,175.43277735111207,0 days 00:00:27.279000,9973.41696,91.562496,1,70.2166656,False,8,pos,1264.4154001386141,0.386748548491286,OnTrack,-902.0,-765.0,621.0,LEC
2024-05-25 14:58:45.823,0 days 01:11:41.140000,10,176.54611111111217,0 days 00:00:27.446000,9208.0,102.0,1,73.0,False,8,car,1269.258333333332,0.38822986340036747,OnTrack,-936.8687035060484,-728.3691941835899,616.7175593706708,LEC
2024-05-25 14:58:45.936,0 days 01:11:41.253000,10,177.45638837333425,0 days 00:00:27.559000,9187.66001152,104.25999872,1,31.75502336,False,8,pos,1272.6097991191493,0.3892549810380053,OnTrack,-960.0,-702.0,614.0,LEC
2024-05-25 14:58:46.023,0 days 01:11:41.340000,10,178.15722222222303,0 days 00:00:27.646000,9172.0,106.0,2,0.0,True,8,car,1275.147222222221,0.3900311062749438,OnTrack,-975.2473688687626,-682.8587822380397,612.1269506331728,LEC
2024-05-25 14:58:46.183,0 days 01:11:41.500000,10,179.8905555555566,0 days 00:00:27.806000,8639.0,100.0,2,0.0,True,8,car,1279.5916666666653,0.3913905348595296,OnTrack,-998.0579637073422,-649.5864892497726,609.3771994612545,LEC
2024-05-25 14:58:46.215,0 days 01:11:41.532000,10,180.47722232623067,0 days 00:00:27.838000,8532.894718031197,99.29085860004142,2,0.0,True,8,pos,1280.4527433960218,0.3916539136313966,OnTrack,-1002.0,-643.0,609.0,LEC
2024-05-25 14:58:46.495,0 days 01:11:41.812000,10,185.6105565696288,0 days 00:00:28.118000,7604.473500804166,93.08587135040378,2,0.0,True,8,pos,1287.6265996801403,0.3938481913226237,OnTrack,-1026.0,-577.0,607.0,LEC
2024-05-25 14:58:46.544,0 days 01:11:41.861000,10,186.50888888888994,0 days 00:00:28.167000,7442.0,92.0,2,0.0,True,8,car,1288.8172222222208,0.3942123687439838,OnTrack,-1027.3031983141652,-559.806008188815,606.2930326557787,LEC
2024-05-25 14:58:46.675,0 days 01:11:41.992000,10,189.31083470222345,0 days 00:00:28.298000,7277.4311696,86.2687472,2,0.0,True,8,pos,1291.9159288793574,0.39516017458509933,OnTrack,-1027.0,-512.0,604.0,LEC
2024-05-25 14:58:46.704,0 days 01:11:42.021000,10,189.9311111111124,0 days 00:00:28.327000,7241.0,85.0,2,0.0,True,8,car,1292.5949999999987,0.39536788304088183,OnTrack,-1026.5114527574824,-503.9219906588847,603.5613814822204,LEC
2024-05-25 14:58:46.863,0 days 01:11:42.180000,10,193.77361111111236,0 days 00:00:28.486000,7241.0,84.0,2,0.0,False,8,car,1296.3049999999987,0.3965026660518649,OnTrack,-1021.3892280856182,-478.0655942738266,601.7126877318036,LEC
2024-05-25 14:58:47.015,0 days 01:11:42.332000,10,198.20694444444567,0 days 00:00:28.638000,7335.654545454546,83.65454545454546,2,11.054545454545455,False,8,pos,1299.8238182429097,0.39757897202512443,OnTrack,-1011.0,-459.0,599.0,LEC
2024-05-25 14:58:47.255,0 days 01:11:42.572000,10,205.2069444444456,0 days 00:00:28.878000,7485.109090909091,83.10909090909091,2,28.509090909090908,False,8,pos,1305.3441466145284,0.39926748276667723,OnTrack,-982.0,-413.0,592.0,LEC
2024-05-25 14:58:47.303,0 days 01:11:42.620000,10,206.60694444444562,0 days 00:00:28.926000,7515.0,83.0,2,32.0,False,8,car,1306.449444444443,0.39960556179618223,OnTrack,-974.6888234185437,-404.45591429593844,591.2134395477475,LEC
2024-05-25 14:58:47.415,0 days 01:11:42.732000,10,210.0913888888903,0 days 00:00:29.038000,7657.8,83.0,2,35.5,False,8,pos,1309.0309636247641,0.4003951747633938,OnTrack,-956.0,-386.0,590.0,LEC
2024-05-25 14:58:47.463,0 days 01:11:42.780000,10,211.58472222222372,0 days 00:00:29.086000,7719.0,83.0,2,37.0,False,8,car,1310.138333333332,0.4007338875213885,OnTrack,-947.4228338254165,-378.2783113993538,589.3236507414096,LEC
2024-05-25 14:58:47.663,0 days 01:11:42.980000,10,217.9736111111124,0 days 00:00:29.286000,8307.0,84.0,2,48.0,False,8,car,1314.8049999999987,0.40216128753520375,OnTrack,-907.1651827081157,-346.72348992397184,585.2242126710414,LEC
2024-05-25 14:58:47.775,0 days 01:11:43.092000,10,221.5202777777792,0 days 00:00:29.398000,8302.1,88.2,2,53.6,False,8,pos,1317.5635443048166,0.40300504743066234,OnTrack,-877.0,-328.0,582.0,LEC
2024-05-25 14:58:47.823,0 days 01:11:43.140000,10,223.04027777777924,0 days 00:00:29.446000,8300.0,90.0,2,56.0,False,8,car,1318.8049999999987,0.40338477326133104,OnTrack,-861.9632470874783,-319.59867030052754,580.4115976607028,LEC
2024-05-25 14:58:48.183,0 days 01:11:43.500000,10,234.14027777777915,0 days 00:00:29.806000,9300.0,105.0,2,80.0,False,8,car,1329.3049999999987,0.40659642329241524,OnTrack,-734.3885028717227,-258.52945680995134,567.3255471915975,LEC
2024-05-25 14:58:48.196,0 days 01:11:43.513000,10,234.53027585777915,0 days 00:00:29.819000,9390.999552,105.5958304,2,80.4874976,False,8,pos,1329.7086023061663,0.40671987370757223,OnTrack,-731.0,-257.0,567.0,LEC
2024-05-25 14:58:48.423,0 days 01:11:43.740000,10,241.3402777777792,0 days 00:00:30.046000,10980.0,116.0,2,89.0,False,8,car,1337.038333333332,0.4089618290295947,OnTrack,-690.7698605140948,-239.66158603827617,563.5950105394235,LEC
2024-05-25 14:58:48.555,0 days 01:11:43.872000,10,245.08027777777917,0 days 00:00:30.178000,11012.5875,121.3625,2,61.775,False,8,pos,1341.70712338191,0.4103898785252748,OnTrack,-663.0,-229.0,562.0,LEC
2024-05-25 14:58:48.736,0 days 01:11:44.053000,10,250.20860929777913,0 days 00:00:30.359000,11057.2718592,128.7156224,2,24.443763199999996,False,8,pos,1348.26011457124,0.41239425132117047,OnTrack,-601.0,-207.0,559.0,LEC
2024-05-25 14:58:48.743,0 days 01:11:44.060000,10,250.4069444444458,0 days 00:00:30.366000,11059.0,129.0,2,23.0,True,8,car,1348.5049999999987,0.4124691547778263,OnTrack,-597.9287557553777,-206.04063798228378,558.8717957557938,LEC
2024-05-25 14:58:48.956,0 days 01:11:44.273000,10,257.2111090666677,0 days 00:00:30.579000,10451.9501824,121.0125024,2,3.4750058666666668,True,8,pos,1355.641283179051,0.4146519399296196,OnTrack,-496.0,-178.0,555.0,LEC
2024-05-25 14:58:48.983,0 days 01:11:44.300000,10,258.0736111111121,0 days 00:00:30.606000,10375.0,120.0,2,1.0,True,8,car,1356.5049999999987,0.41491612623008095,OnTrack,-486.8126605881465,-175.78870889683984,554.618980988233,LEC
2024-05-25 14:58:49.183,0 days 01:11:44.500000,10,265.24027777777906,0 days 00:00:30.806000,9115.0,110.0,2,2.0,True,8,car,1362.6161111111098,0.41678534053388655,OnTrack,-450.83701532830594,-170.13920372119676,552.6761294373636,LEC
2024-05-25 14:58:49.256,0 days 01:11:44.573000,10,268.11971969777915,0 days 00:00:30.879000,8945.2751488,106.71500288,2,1.27000064,True,8,pos,1364.7085312992656,0.4174253520922039,OnTrack,-437.0,-169.0,552.0,LEC
2024-05-25 14:58:49.383,0 days 01:11:44.700000,10,273.1291666666682,0 days 00:00:31.006000,8650.0,101.0,2,0.0,True,8,car,1368.227222222221,0.41850161912192624,OnTrack,-403.4190129374089,-166.58832210026478,550.6477433881885,LEC
2024-05-25 14:58:49.435,0 days 01:11:44.752000,10,275.2813888888904,0 days 00:00:31.058000,8617.24,100.22,2,1.3,True,8,pos,1369.655094939637,0.41893836459404754,OnTrack,-387.0,-168.0,550.0,LEC
2024-05-25 14:58:49.583,0 days 01:11:44.900000,10,281.4069444444458,0 days 00:00:31.206000,8524.0,98.0,2,5.0,False,8,car,1373.6716666666653,0.42016691913804394,OnTrack,-333.3224034506388,-184.48419569813933,547.8013375851198,LEC
2024-05-25 14:58:49.735,0 days 01:11:45.052000,10,287.9936111111124,0 days 00:00:31.358000,8377.225,96.1,2,2.625,False,8,pos,1377.690037813496,0.42139602407315124,OnTrack,-285.0,-208.0,546.0,LEC
2024-05-25 14:58:49.903,0 days 01:11:45.220000,10,295.27361111111236,0 days 00:00:31.526000,8215.0,94.0,2,0.0,True,8,car,1382.0272222222209,0.42272264487706546,OnTrack,-260.802066779949,-226.48469661524342,545.7622790973512,LEC
2024-05-25 14:58:50.116,0 days 01:11:45.433000,10,304.8586082311125,0 days 00:00:31.739000,7865.325105066667,91.3375008,2,7.0999978666666665,True,8,pos,1387.4166298189782,0.4243711106937941,OnTrack,-248.0,-255.0,546.0,LEC
2024-05-25 14:58:50.143,0 days 01:11:45.460000,10,306.07361111111254,0 days 00:00:31.766000,7821.0,91.0,2,8.0,False,8,car,1388.0938888888875,0.42457826489502515,OnTrack,-245.2625653039027,-260.61146933711933,545.868849855602,LEC
2024-05-25 14:58:50.275,0 days 01:11:45.592000,10,312.1602777777793,0 days 00:00:31.898000,7970.442857142857,90.52857142857142,2,17.9,False,8,pos,1391.390016348018,0.4255864561194608,OnTrack,-230.0,-292.0,545.0,LEC
2024-05-25 14:58:50.423,0 days 01:11:45.740000,10,318.9847222222238,0 days 00:00:32.046000,8138.0,90.0,2,29.0,False,8,car,1395.0938888888875,0.42671936491574797,OnTrack,-216.86646881640078,-324.36892686582604,544.830285893125,LEC
2024-05-25 14:58:50.555,0 days 01:11:45.872000,10,325.07138888889045,0 days 00:00:32.178000,8367.8,91.5,2,38.9,False,8,pos,1398.441978738561,0.4277434499509648,OnTrack,-207.0,-361.0,545.0,LEC
2024-05-25 14:58:50.795,0 days 01:11:46.112000,10,336.13805555555706,0 days 00:00:32.418000,8785.618181818181,94.22727272727273,2,56.9,False,8,pos,1404.7743805985176,0.42968035077290445,OnTrack,-190.0,-456.0,545.0,LEC
2024-05-25 14:58:50.863,0 days 01:11:46.180000,10,339.2736111111126,0 days 00:00:32.486000,8904.0,95.0,2,62.0,False,8,car,1406.7049999999986,0.4302708720929786,OnTrack,-187.23914587157296,-475.36776599374326,544.9918277342247,LEC
2024-05-25 14:58:51.183,0 days 01:11:46.500000,10,352.96250000000146,0 days 00:00:32.806000,10646.0,110.0,2,80.0,False,8,car,1416.4827777777764,0.4332616149790676,OnTrack,-185.03265438507287,-527.167087373092,544.9994823825759,LEC
2024-05-25 14:58:51.196,0 days 01:11:46.513000,10,353.51499728000147,0 days 00:00:32.819000,10719.7746368,110.25999872,2,81.23499392,False,8,pos,1416.8860403183726,0.4333849614696429,OnTrack,-185.0,-530.0,545.0,LEC
2024-05-25 14:58:51.383,0 days 01:11:46.700000,10,361.46250000000146,0 days 00:00:33.006000,11781.0,114.0,2,99.0,False,8,car,1422.8161111111099,0.43519880071210254,OnTrack,-184.6925793109359,-585.4046164772326,545.0025534950819,LEC
2024-05-25 14:58:51.416,0 days 01:11:46.733000,10,362.727497546668,0 days 00:00:33.039000,11576.4003968,116.4749952,2,99.0,False,8,pos,1423.9454136203806,0.43554422208724564,OnTrack,-185.0,-600.0,545.0,LEC
2024-05-25 14:58:51.623,0 days 01:11:46.940000,10,370.6625000000008,0 days 00:00:33.246000,10293.0,132.0,3,99.0,False,8,car,1431.61611111111,0.4378904693095827,OnTrack,-189.71499606022596,-714.6965760036679,544.9940651246651,LEC
2024-05-25 14:58:51.635,0 days 01:11:46.952000,10,371.0891666666675,0 days 00:00:33.258000,10358.4,132.72,3,99.0,False,8,pos,1432.0806967700566,0.43803257279015384,OnTrack,-190.0,-720.0,545.0,LEC
2024-05-25 14:58:51.823,0 days 01:11:47.140000,10,377.77361111111236,0 days 00:00:33.446000,11383.0,144.0,3,99.0,False,8,car,1439.6161111111098,0.44033744076183723,OnTrack,-193.80419235420916,-768.1977363401618,545.1925132652124,LEC
2024-05-25 14:58:51.935,0 days 01:11:47.252000,10,381.3825000000012,0 days 00:00:33.558000,11196.6,148.4,3,99.0,False,8,pos,1444.3770899658837,0.4417936881796397,OnTrack,-197.0,-795.0,545.0,LEC
2024-05-25 14:58:52.103,0 days 01:11:47.420000,10,386.7958333333345,0 days 00:00:33.726000,10917.0,155.0,3,99.0,False,8,car,1451.6716666666655,0.44402489079752655,OnTrack,-204.60062218526235,-861.545857930526,543.8900721168756,LEC
2024-05-25 14:58:52.256,0 days 01:11:47.573000,10,391.8108312355561,0 days 00:00:33.879000,10572.750144,155.0,3,99.0,False,8,pos,1458.2462909138294,0.4460358805277905,OnTrack,-213.0,-935.0,543.0,LEC
2024-05-25 14:58:52.263,0 days 01:11:47.580000,10,392.04027777777833,0 days 00:00:33.886000,10557.0,155.0,4,99.0,False,8,car,1458.5605555555546,0.44613200510363477,OnTrack,-213.38760298053919,-938.3474105072778,542.9824768422118,LEC
2024-05-25 14:58:52.436,0 days 01:11:47.753000,10,396.89388709333406,0 days 00:00:34.059000,10977.245677866667,169.41666133333334,4,99.0,False,8,pos,1466.8470434651135,0.44866660502290273,OnTrack,-223.0,-1021.0,543.0,LEC
2024-05-25 14:58:52.503,0 days 01:11:47.820000,10,398.7736111111119,0 days 00:00:34.126000,11140.0,175.0,4,99.0,False,8,car,1470.2272222222211,0.44970050513817267,OnTrack,-226.672639026822,-1053.3053667836678,543.0179228260515,LEC
2024-05-25 14:58:52.636,0 days 01:11:47.953000,10,402.0986095111116,0 days 00:00:34.259000,11673.99474304,183.64499584,4,99.0,False,8,pos,1477.1191076244972,0.4518085359921201,OnTrack,-234.0,-1119.0,543.0,LEC
2024-05-25 14:58:52.703,0 days 01:11:48.020000,10,403.77361111111145,0 days 00:00:34.326000,11943.0,188.0,4,99.0,False,8,car,1480.6716666666657,0.4528951623119496,OnTrack,-237.82851844817623,-1153.600368889597,542.9905993846937,LEC
2024-05-25 14:58:52.895,0 days 01:11:48.212000,10,408.14694521977293,0 days 00:00:34.518000,11346.789367984818,193.85041654965835,4,99.0,False,8,pos,1491.125210011892,0.45609260257953393,OnTrack,-249.0,-1257.0,543.0,LEC
2024-05-25 14:58:53.055,0 days 01:11:48.372000,10,411.7913903103242,0 days 00:00:34.678000,10849.947174638834,198.7257636743736,4,99.0,False,8,pos,1500.1145748981542,0.4588421924858569,OnTrack,-258.0,-1345.0,543.0,LEC
2024-05-25 14:58:53.064,0 days 01:11:48.381000,10,411.99638888888967,0 days 00:00:34.687000,10822.0,199.0,5,99.0,False,8,car,1500.6269444444433,0.45899891169245366,OnTrack,-258.5200058298629,-1350.0117562776481,542.9827260771144,LEC
2024-05-25 14:58:53.304,0 days 01:11:48.621000,10,416.2630555555563,0 days 00:00:34.927000,11295.0,209.0,5,99.0,False,8,car,1514.5602777777767,0.4632607203051305,OnTrack,-273.226941450504,-1486.9272306055416,542.0250066245505,LEC
2024-05-25 14:58:53.316,0 days 01:11:48.633000,10,416.3330555415124,0 days 00:00:34.939000,11307.564260802155,209.33855792580655,5,99.0,False,8,pos,1515.27126201484,0.46347819007151764,OnTrack,-274.0,-1494.0,542.0,LEC
2024-05-25 14:58:53.495,0 days 01:11:48.812000,10,417.37722237202405,0 days 00:00:35.118000,11494.981218110352,214.38871545806336,5,99.0,False,8,pos,1526.0398234911029,0.46677198538580067,OnTrack,-286.0,-1600.0,542.0,LEC
2024-05-25 14:58:53.623,0 days 01:11:48.940000,10,418.12388888888904,0 days 00:00:35.246000,11629.0,218.0,5,99.0,False,8,car,1533.8774999999991,0.4691693067194601,OnTrack,-295.98427942749026,-1671.200009126587,542.0061247643351,LEC
2024-05-25 14:58:53.675,0 days 01:11:48.992000,10,418.08055555555586,0 days 00:00:35.298000,11626.4,219.56,5,99.0,False,8,pos,1537.0860268252657,0.4701507034126126,OnTrack,-303.0,-1707.0,542.0,LEC
2024-05-25 14:58:53.823,0 days 01:11:49.140000,10,417.957222222223,0 days 00:00:35.446000,11619.0,224.0,5,99.0,False,8,car,1546.3219444444433,0.4729757067563005,OnTrack,-336.7952982540178,-1844.9354147907716,541.9810981852976,LEC
2024-05-25 14:58:53.935,0 days 01:11:49.252000,10,416.6505555555563,0 days 00:00:35.558000,11346.777777777777,226.8,5,99.0,False,8,pos,1553.4601593770647,0.4751590827763232,OnTrack,-362.0,-1939.0,542.0,LEC
2024-05-25 14:58:54.183,0 days 01:11:49.500000,10,413.75722222222294,0 days 00:00:35.806000,10744.0,233.0,6,99.0,False,8,car,1569.6219444444432,0.48010251111099206,OnTrack,-389.4705248773125,-2028.3185831747728,542.0966021634905,LEC
2024-05-25 14:58:54.235,0 days 01:11:49.552000,10,412.70277777777846,0 days 00:00:35.858000,10784.3,234.08333333333334,6,99.0,False,8,pos,1573.0410577352898,0.4811483201878329,OnTrack,-397.0,-2050.0,542.0,LEC
2024-05-25 14:58:54.423,0 days 01:11:49.740000,10,408.89055555555615,0 days 00:00:36.046000,10930.0,238.0,6,99.0,False,8,car,1585.48861111111,0.4849556711579638,OnTrack,-437.75905279696906,-2167.338652187733,541.2104561638489,LEC
2024-05-25 14:58:54.495,0 days 01:11:49.812000,10,407.05055555555606,0 days 00:00:36.118000,11014.6,239.2,6,99.0,False,8,pos,1590.2978262503125,0.4864266726771362,OnTrack,-454.0,-2213.0,541.0,LEC
2024-05-25 14:58:54.663,0 days 01:11:49.980000,10,402.7572222222225,0 days 00:00:36.286000,11212.0,242.0,6,99.0,False,8,car,1601.6219444444434,0.48989039692001063,OnTrack,-491.14806728968364,-2311.8243404086943,540.9865946839558,LEC
2024-05-25 14:58:54.696,0 days 01:11:50.013000,10,401.73055754666694,0 days 00:00:36.319000,11243.487438933333,242.68749866666667,6,99.0,False,8,pos,1603.8657987065608,0.4905767278353133,OnTrack,-502.0,-2339.0,541.0,LEC
2024-05-25 14:58:54.895,0 days 01:11:50.212000,10,395.53944444444465,0 days 00:00:36.518000,11433.366666666667,246.83333333333334,6,99.0,False,8,pos,1617.5342337719705,0.4947575116355699,OnTrack,-591.0,-2555.0,541.0,LEC
2024-05-25 14:58:54.903,0 days 01:11:50.220000,10,395.2905555555558,0 days 00:00:36.526000,11441.0,247.0,6,99.0,False,8,car,1618.0886111111101,0.4949270798259014,OnTrack,-594.1270544142814,-2562.460705026787,540.9997453793479,LEC
2024-05-25 14:58:55.183,0 days 01:11:50.500000,10,384.868333333334,0 days 00:00:36.806000,11527.0,252.0,6,99.0,False,8,car,1637.6886111111098,0.5009221598839251,OnTrack,-655.8518873092847,-2702.5927647615254,541.030834114745,LEC
2024-05-25 14:58:55.343,0 days 01:11:50.660000,10,378.2905555555558,0 days 00:00:36.966000,11641.0,254.0,6,99.0,False,8,car,1648.977499999999,0.5043751084887734,OnTrack,-682.9168665423305,-2757.4823317514506,541.0120458597704,LEC
2024-05-25 14:58:55.375,0 days 01:11:50.692000,10,376.92166666666697,0 days 00:00:36.998000,11671.2,254.4,6,99.0,False,8,pos,1651.2443590974933,0.5050684759260049,OnTrack,-690.0,-2772.0,541.0,LEC
2024-05-25 14:58:55.503,0 days 01:11:50.820000,10,371.4461111111118,0 days 00:00:37.126000,11792.0,256.0,6,99.0,False,8,car,1660.3552777777766,0.5078552456653133,OnTrack,-723.8996592008792,-2841.8698558294145,540.9241891983338,LEC
2024-05-25 14:58:55.635,0 days 01:11:50.952000,10,365.17611111111177,0 days 00:00:37.258000,11015.95,258.2,6,99.0,False,8,pos,1669.8562812960208,0.5107613312124275,OnTrack,-782.0,-2939.0,541.0,LEC
2024-05-25 14:58:55.743,0 days 01:11:51.060000,10,360.0461111111117,0 days 00:00:37.366000,10381.0,260.0,6,99.0,False,8,car,1677.68861111111,0.5131570171451982,OnTrack,-857.7637184518705,-3041.5373172020363,541.3342091925878,LEC
2024-05-25 14:58:55.915,0 days 01:11:51.232000,10,351.25500000000045,0 days 00:00:37.538000,10513.07142857143,261.84285714285716,6,99.0,False,8,pos,1690.2340399507373,0.5169943054235557,OnTrack,-992.0,-3205.0,542.0,LEC
2024-05-25 14:58:56.023,0 days 01:11:51.340000,10,345.73500000000035,0 days 00:00:37.646000,10596.0,263.0,7,99.0,False,8,car,1698.1441666666658,0.5194137872057549,OnTrack,-1050.517773907643,-3270.0748376942424,542.1735114589255,LEC
2024-05-25 14:58:56.343,0 days 01:11:51.660000,10,328.7572222222225,0 days 00:00:37.966000,10731.0,265.0,7,99.0,False,8,car,1721.6997222222215,0.5266187587040602,OnTrack,-1157.2334843442225,-3347.4094251221177,541.9809472656954,LEC
2024-05-25 14:58:56.396,0 days 01:11:51.713000,10,325.9158367644448,0 days 00:00:38.019000,10744.9124832,265.6624992,7,99.0,False,8,pos,1725.6224580442633,0.5278186115254693,OnTrack,-1184.0,-3364.0,542.0,LEC
2024-05-25 14:58:56.503,0 days 01:11:51.820000,10,320.1794444444449,0 days 00:00:38.126000,10773.0,267.0,7,99.0,False,8,car,1733.5663888888878,0.5302484330249044,OnTrack,-1249.8702717575306,-3405.103294282525,542.1137959814782,LEC
2024-05-25 14:58:56.596,0 days 01:11:51.913000,10,314.9352813866672,0 days 00:00:38.219000,10799.156232,267.8718744,7,99.0,False,8,pos,1740.5053880329945,0.5323708746265103,OnTrack,-1312.0,-3442.0,542.0,LEC
2024-05-25 14:58:56.755,0 days 01:11:52.072000,10,305.96944444444506,0 days 00:00:38.378000,10843.875,269.3625,7,99.0,False,8,pos,1752.4399419845715,0.536021313728373,OnTrack,-1420.0,-3498.0,541.0,LEC
2024-05-25 14:58:56.823,0 days 01:11:52.140000,10,302.1350000000007,0 days 00:00:38.446000,10863.0,270.0,7,99.0,False,8,car,1757.5663888888878,0.5375893473816683,OnTrack,-1477.3419800108295,-3525.5355576451507,540.6080356191053,LEC
2024-05-25 14:58:57.016,0 days 01:11:52.333000,10,291.03750368000055,0 days 00:00:38.639000,10922.967837257143,272.06785645714285,7,99.0,False,8,pos,1772.1848082000845,0.5420607042231166,OnTrack,-1654.0,-3608.0,540.0,LEC
2024-05-25 14:58:57.103,0 days 01:11:52.420000,10,286.03500000000054,0 days 00:00:38.726000,10950.0,273.0,7,99.0,False,8,car,1778.7997222222211,0.5440840174445275,OnTrack,-1713.829424917561,-3636.4644077108146,540.0470795257792,LEC
2024-05-25 14:58:57.343,0 days 01:11:52.660000,10,271.9683333333335,0 days 00:00:38.966000,11071.0,275.0,7,99.0,False,8,car,1797.1330555555546,0.5496916603559443,OnTrack,-1829.766059000042,-3694.2353492761695,540.8728865447781,LEC
2024-05-25 14:58:57.416,0 days 01:11:52.733000,10,267.58833717333357,0 days 00:00:39.039000,11078.66499328,276.09499904,7,99.0,False,8,pos,1802.7537242301892,0.5514108623296209,OnTrack,-1873.0,-3716.0,541.0,LEC
2024-05-25 14:58:57.543,0 days 01:11:52.860000,10,259.9683333333337,0 days 00:00:39.166000,11092.0,278.0,7,99.0,False,8,car,1812.5774999999987,0.5544156746873802,OnTrack,-1961.51679372373,-3760.5557980562585,541.0081568984602,LEC
2024-05-25 14:58:57.576,0 days 01:11:52.893000,10,257.9608372266671,0 days 00:00:39.199000,11088.5968816,278.2062496,7,99.0,False,8,pos,1815.1363837920487,0.555198364135978,OnTrack,-1984.0,-3772.0,541.0,LEC
2024-05-25 14:58:57.796,0 days 01:11:53.113000,10,244.57750389333387,0 days 00:00:39.419000,11065.9093816,279.5812496,7,99.0,False,8,pos,1832.2493757561106,0.5604327394858184,OnTrack,-2134.0,-3849.0,541.0,LEC
2024-05-25 14:58:57.863,0 days 01:11:53.180000,10,240.50166666666723,0 days 00:00:39.486000,11059.0,280.0,7,99.0,False,8,car,1837.4663888888876,0.5620284747610612,OnTrack,-2202.0580088298607,-3882.62200572444,540.9943405064276,LEC
2024-05-25 14:58:58.016,0 days 01:11:53.333000,10,231.2366705422228,0 days 00:00:39.639000,11238.7749248,280.54642834285715,7,99.0,False,8,pos,1849.3795982766799,0.5656723851706437,OnTrack,-2372.0,-3965.0,541.0,LEC
2024-05-25 14:58:58.143,0 days 01:11:53.460000,10,223.5461111111117,0 days 00:00:39.766000,11388.0,281.0,7,99.0,False,8,car,1859.3219444444433,0.5687134648257625,OnTrack,-2462.887778854061,-4007.9721198712655,541.098707098954,LEC
2024-05-25 14:58:58.383,0 days 01:11:53.700000,10,208.94611111111158,0 days 00:00:40.006000,11422.0,285.0,7,99.0,False,8,car,1878.3219444444435,0.5745250220248672,OnTrack,-2558.1340511902563,-4048.3894940142177,541.7156530347938,LEC
2024-05-25 14:58:58.436,0 days 01:11:53.753000,10,205.79555936000037,0 days 00:00:40.059000,11431.937488,285.22083306666667,7,99.0,False,8,pos,1882.5311911571903,0.5758125103425658,OnTrack,-2589.0,-4061.0,542.0,LEC
2024-05-25 14:58:58.596,0 days 01:11:53.913000,10,196.28444824888896,0 days 00:00:40.219000,11461.937488,285.88749973333336,7,99.0,False,8,pos,1895.2445231073154,0.5797011553856898,OnTrack,-2706.0,-4108.0,543.0,LEC
2024-05-25 14:58:58.623,0 days 01:11:53.940000,10,194.67944444444447,0 days 00:00:40.246000,11467.0,286.0,7,99.0,False,8,car,1897.3886111111103,0.5803569706527408,OnTrack,-2726.5268680338954,-4115.878430508181,543.0913640172995,LEC
2024-05-25 14:58:58.903,0 days 01:11:54.220000,10,178.346111111111,0 days 00:00:40.526000,11515.0,286.0,7,99.0,False,8,car,1919.6330555555548,0.5871609107185932,OnTrack,-2937.120453813346,-4189.132324320189,542.2666699850599,LEC
2024-05-25 14:58:58.936,0 days 01:11:54.253000,10,176.43944814222218,0 days 00:00:40.559000,11523.8687328,286.4124992,7,99.0,False,8,pos,1922.26769250123,0.5879667708927334,OnTrack,-2962.0,-4197.0,542.0,LEC
2024-05-25 14:58:59.063,0 days 01:11:54.380000,10,169.10166666666692,0 days 00:00:40.686000,11558.0,288.0,7,99.0,False,8,car,1932.4330555555546,0.5910760650422006,OnTrack,-3058.410660737589,-4225.920789361666,540.5884574051037,LEC
2024-05-25 14:58:59.096,0 days 01:11:54.413000,10,167.3691697752388,0 days 00:00:40.719000,11484.741628044136,287.32653182063046,7,91.96599901547378,False,8,pos,1935.0768934955345,0.5918847395376404,OnTrack,-3084.0,-4233.0,540.0,LEC
2024-05-25 14:58:59.315,0 days 01:11:54.632000,10,155.87166474666657,0 days 00:00:40.938000,10998.571347384504,282.85714211078704,7,45.285706490442664,False,8,pos,1952.6148546119996,0.5972491008104831,OnTrack,-3255.0,-4274.0,534.0,LEC
2024-05-25 14:58:59.504,0 days 01:11:54.821000,10,145.94916666666677,0 days 00:00:41.127000,10579.0,279.0,7,5.0,True,8,car,1966.6105555555548,0.6015299858933797,OnTrack,-3384.448221953559,-4298.128467476489,529.2164073342894,LEC
2024-05-25 14:58:59.576,0 days 01:11:54.893000,10,143.72916666666683,0 days 00:00:41.199000,10525.981818181817,268.6909090909091,7,4.181818181818182,True,8,pos,1971.4805200522248,0.6030195689054852,OnTrack,-3453.0,-4308.0,526.0,LEC
2024-05-25 14:58:59.735,0 days 01:11:55.052000,10,138.82666469333358,0 days 00:00:41.358000,10408.899952872727,245.92499083636363,7,2.3749992727272726,True,8,pos,1981.3341146378255,0.6060335019871171,OnTrack,-3642.0,-4332.0,516.0,LEC
2024-05-25 14:58:59.944,0 days 01:11:55.261000,10,132.3825000000004,0 days 00:00:41.567000,10255.0,216.0,7,0.0,True,8,car,1993.0105555555547,0.6096049916858198,OnTrack,-3732.212860095921,-4341.410519883493,511.307691662882,LEC
2024-05-25 14:59:00.075,0 days 01:11:55.392000,10,130.0536104405717,0 days 00:00:41.698000,10578.18818082745,199.57366298208643,7,0.0,True,8,pos,1999.8032498583702,0.6116826828161801,OnTrack,-3765.0,-4344.0,510.0,LEC
2024-05-25 14:59:00.263,0 days 01:11:55.580000,10,126.71138888888913,0 days 00:00:41.886000,11042.0,176.0,7,0.0,True,8,car,2008.6061111111103,0.6143752265891318,OnTrack,-3855.3136694445375,-4353.400823117569,506.26086371181424,LEC
2024-05-25 14:59:00.275,0 days 01:11:55.592000,10,126.69138888888912,0 days 00:00:41.898000,11025.833333333334,174.56666666666666,7,0.0,True,8,pos,2009.117763365349,0.6145317263965823,OnTrack,-3861.0,-4354.0,506.0,LEC
2024-05-25 14:59:00.475,0 days 01:11:55.792000,10,126.35805555555572,0 days 00:00:42.098000,10756.388888888889,150.67777777777778,7,0.0,True,8,pos,2016.7682156899514,0.6168717812009744,OnTrack,-3943.0,-4363.0,502.0,LEC
2024-05-25 14:59:00.623,0 days 01:11:55.940000,10,126.111388888889,0 days 00:00:42.246000,10557.0,133.0,7,0.0,True,8,car,2021.9061111111102,0.618443316628505,OnTrack,-3996.658680033867,-4371.0096199299105,500.3659563412164,LEC
2024-05-25 14:59:00.656,0 days 01:11:55.973000,10,126.2305553244446,0 days 00:00:42.279000,10405.6127936,131.21250346666667,7,0.0,True,8,pos,2023.0357065610178,0.6187888276058201,OnTrack,-4008.0,-4373.0,500.0,LEC
2024-05-25 14:59:00.863,0 days 01:11:56.180000,10,126.97805555555601,0 days 00:00:42.486000,9456.0,120.0,5,0.0,True,8,car,2029.90611111111,0.6208902880807596,OnTrack,-4072.744711712095,-4387.097891005505,497.16128240745246,LEC
2024-05-25 14:59:00.875,0 days 01:11:56.192000,10,127.10138888888935,0 days 00:00:42.498000,9428.185714285713,119.4,5,0.0,True,8,pos,2030.2848740846332,0.6210061408536823,OnTrack,-4076.0,-4388.0,497.0,LEC
2024-05-25 14:59:01.135,0 days 01:11:56.452000,10,129.77361111111153,0 days 00:00:42.758000,8825.542857142857,106.4,5,0.0,True,8,pos,2037.9303113790354,0.6233446617036081,OnTrack,-4136.0,-4418.0,494.0,LEC
2024-05-25 14:59:01.143,0 days 01:11:56.460000,10,129.85583333333375,0 days 00:00:42.766000,8807.0,106.0,2,0.0,True,8,car,2038.1505555555545,0.6234120281051665,OnTrack,-4137.853084037699,-4419.777911771118,493.9218554526294,LEC
2024-05-25 14:59:01.375,0 days 01:11:56.692000,10,134.23805555555583,0 days 00:00:42.998000,8132.266666666666,98.26666666666667,2,0.0,True,8,pos,2044.1717614156498,0.6252537429611416,OnTrack,-4191.0,-4489.0,492.0,LEC
2024-05-25 14:59:01.623,0 days 01:11:56.940000,10,138.92250000000013,0 days 00:00:43.246000,7411.0,90.0,2,0.0,True,8,car,2050.1505555555545,0.6270824852835484,OnTrack,-4221.9563432593095,-4543.225064015813,490.612021390142,LEC
2024-05-25 14:59:01.783,0 days 01:11:57.100000,10,142.30027777777786,0 days 00:00:43.406000,7389.0,85.0,2,0.0,True,8,car,2053.9283333333324,0.6282379995804465,OnTrack,-4235.307814874638,-4568.163763560346,490.1116784985967,LEC
2024-05-25 14:59:01.855,0 days 01:11:57.172000,10,144.02027777777772,0 days 00:00:43.478000,7261.92,83.56,2,0.0,True,8,pos,2055.5735056500844,0.628741210792088,OnTrack,-4243.0,-4579.0,490.0,LEC
2024-05-25 14:59:01.983,0 days 01:11:57.300000,10,147.07805555555524,0 days 00:00:43.606000,7036.0,81.0,2,0.0,True,8,car,2058.4283333333324,0.6296144210223397,OnTrack,-4259.25239158028,-4597.653408657593,489.97293434279675,LEC
2024-05-25 14:59:02.076,0 days 01:11:57.393000,10,149.58388716444432,0 days 00:00:43.699000,6620.212786133334,79.8375008,2,0.0,True,8,pos,2060.478222575666,0.6302414235793741,OnTrack,-4273.0,-4610.0,490.0,LEC
2024-05-25 14:59:02.223,0 days 01:11:57.540000,10,153.5447222222224,0 days 00:00:43.846000,5963.0,78.0,2,0.0,True,8,car,2063.628333333332,0.6312049524663051,OnTrack,-4297.808759632922,-4626.4573680493395,490.00368325642035,LEC
2024-05-25 14:59:02.296,0 days 01:11:57.613000,10,155.75499806222243,0 days 00:00:43.919000,5858.9750912,75.81000192,2,2.55499776,True,8,pos,2065.1193690617415,0.6316610176990186,OnTrack,-4311.0,-4633.0,490.0,LEC
2024-05-25 14:59:02.423,0 days 01:11:57.740000,10,159.60027777777805,0 days 00:00:44.046000,5678.0,72.0,2,7.0,False,8,car,2067.628333333332,0.6324284381924324,OnTrack,-4334.792710971479,-4641.564526966023,489.99725785289456,LEC
2024-05-25 14:59:02.676,0 days 01:11:57.993000,10,167.89305345777817,0 days 00:00:44.299000,6199.812368,70.4187504,2,25.1843704,False,8,pos,2072.52550072816,0.6339263417939393,OnTrack,-4384.0,-4650.0,490.0,LEC
2024-05-25 14:59:02.743,0 days 01:11:58.060000,10,170.0891666666671,0 days 00:00:44.366000,6338.0,70.0,2,30.0,False,8,car,2073.8505555555544,0.6343316382108527,OnTrack,-4397.311524473393,-4650.941337720405,490.0002706679044,LEC
2024-05-25 14:59:02.755,0 days 01:11:58.072000,10,170.47916666666708,0 days 00:00:44.378000,6338.0,70.2,2,30.0,False,8,pos,2074.0902929570793,0.6344049670330487,OnTrack,-4400.0,-4651.0,490.0,LEC
2024-05-25 14:59:02.983,0 days 01:11:58.300000,10,177.88916666666682,0 days 00:00:44.606000,6338.0,74.0,2,30.0,False,8,car,2078.7838888888878,0.6358406039397431,OnTrack,-4471.720903251968,-4645.172372182436,489.9793892372099,LEC
2024-05-25 14:59:03.075,0 days 01:11:58.392000,10,180.72583333333364,0 days 00:00:44.698000,6865.62,76.3,2,42.88,False,8,pos,2080.751441160544,0.6364424219696881,OnTrack,-4496.0,-4642.0,490.0,LEC
2024-05-25 14:59:03.183,0 days 01:11:58.500000,10,184.0558333333338,0 days 00:00:44.806000,7485.0,79.0,2,58.0,False,8,car,2083.1727777777764,0.6371830396670215,OnTrack,-4513.893654551143,-4639.002324641081,490.0624029103795,LEC
2024-05-25 14:59:03.396,0 days 01:11:58.713000,10,189.32166508444485,0 days 00:00:45.019000,8208.5341576,86.3218728,2,66.6531224,False,8,pos,2088.4792529084298,0.6388061388116225,OnTrack,-4537.0,-4633.0,490.0,LEC
2024-05-25 14:59:03.503,0 days 01:11:58.820000,10,191.96694444444483,0 days 00:00:45.126000,8572.0,90.0,2,71.0,False,8,car,2091.1727777777764,0.6396300111192762,OnTrack,-4559.079134792451,-4628.088416493025,489.63840255272066,LEC
2024-05-25 14:59:03.663,0 days 01:11:58.980000,10,195.52250000000004,0 days 00:00:45.286000,9070.0,90.0,2,72.0,False,8,car,2095.1727777777764,0.6408534968454035,OnTrack,-4603.214073818981,-4617.119407037454,489.03022564532387,LEC
2024-05-25 14:59:03.696,0 days 01:11:59.013000,10,195.89833260444448,0 days 00:00:45.319000,9264.03962368,92.22749568,2,74.22749568,False,8,pos,2096.076287083767,0.6411298545302291,OnTrack,-4613.0,-4614.0,489.0,LEC
2024-05-25 14:59:03.716,0 days 01:11:59.033000,10,196.12611038222227,0 days 00:00:45.339000,9381.63962368,93.57749568,2,75.57749568,False,8,pos,2096.641369895627,0.6413026972188268,OnTrack,-4619.0,-4612.0,489.0,LEC
2024-05-25 14:59:03.976,0 days 01:11:59.293000,10,199.08722149333346,0 days 00:00:45.599000,10910.43962368,111.12749568,2,93.12749568,False,8,pos,2105.069558276582,0.6438806392641295,OnTrack,-4696.0,-4601.0,490.0,LEC
2024-05-25 14:59:04.063,0 days 01:11:59.380000,10,200.0780555555557,0 days 00:00:45.686000,11422.0,117.0,2,99.0,False,8,car,2108.1727777777764,0.6448298254553172,OnTrack,-4734.600392680795,-4601.435483691427,489.9632354320094,LEC
2024-05-25 14:59:04.316,0 days 01:11:59.633000,10,200.85111091555567,0 days 00:00:45.939000,11316.37252672,131.54749632,2,99.0,False,8,pos,2117.803129769198,0.6477754750050887,OnTrack,-4856.0,-4609.0,489.0,LEC
2024-05-25 14:59:04.463,0 days 01:11:59.780000,10,201.30027777777786,0 days 00:00:46.086000,11255.0,140.0,3,99.0,False,8,car,2123.728333333332,0.6495878255013678,OnTrack,-4886.761675041641,-4613.806924946266,488.9633488189899,LEC
2024-05-25 14:59:04.536,0 days 01:11:59.853000,10,201.2191667377778,0 days 00:00:46.159000,11097.1376384,145.0187456,3,99.0,False,8,pos,2126.744867366217,0.6505104970842709,OnTrack,-4905.0,-4617.0,489.0,LEC
2024-05-25 14:59:04.623,0 days 01:11:59.940000,10,201.12249999999995,0 days 00:00:46.246000,10909.0,151.0,3,99.0,False,8,car,2130.4394444444433,0.6516405626640926,OnTrack,-4937.553645455299,-4621.944576827428,489.02496159539055,LEC
2024-05-25 14:59:04.756,0 days 01:12:00.073000,10,200.53138917333357,0 days 00:00:46.379000,11141.749888,159.312496,3,99.0,False,8,pos,2136.3663835667294,0.6534534440180283,OnTrack,-5000.0,-4631.0,489.0,LEC
2024-05-25 14:59:04.783,0 days 01:12:00.100000,10,200.41138888888918,0 days 00:00:46.406000,11189.0,161.0,3,99.0,False,8,car,2137.594999999999,0.653829242685276,OnTrack,-5012.532567791173,-4632.87921732504,488.9808462441575,LEC
2024-05-25 14:59:04.995,0 days 01:12:00.312000,10,198.99805555555562,0 days 00:00:46.618000,10740.4875,166.9625,3,99.0,False,8,pos,2147.4577213574507,0.6568459673856792,OnTrack,-5110.0,-4648.0,489.0,LEC
2024-05-25 14:59:05.103,0 days 01:12:00.420000,10,198.2780555555555,0 days 00:00:46.726000,10512.0,170.0,4,99.0,False,8,car,2152.70611111111,0.6584512998728681,OnTrack,-5161.602521810933,-4655.922721905205,489.6085934825659,LEC
2024-05-25 14:59:05.216,0 days 01:12:00.533000,10,197.14805619555554,0 days 00:00:46.839000,10901.222001777778,175.3361080888889,4,99.0,False,8,pos,2158.3961016017834,0.6601917054096528,OnTrack,-5217.0,-4664.0,490.0,LEC
2024-05-25 14:59:05.416,0 days 01:12:00.733000,10,195.1480561955556,0 days 00:00:47.039000,11590.110890666667,184.78055253333332,4,99.0,False,8,pos,2168.8912690692764,0.663401877307101,OnTrack,-5317.0,-4677.0,489.0,LEC
2024-05-25 14:59:05.463,0 days 01:12:00.780000,10,194.6780555555556,0 days 00:00:47.086000,11752.0,187.0,4,99.0,False,8,car,2171.40611111111,0.6641710956425132,OnTrack,-5340.474655762449,-4679.95946369545,489.1123084341047,LEC
2024-05-25 14:59:05.596,0 days 01:12:00.913000,10,193.16333406222202,0 days 00:00:47.219000,12004.6998784,193.6499968,4,99.0,False,8,pos,2178.6045903921317,0.6663729048050515,OnTrack,-5413.0,-4689.0,490.0,LEC
2024-05-25 14:59:05.623,0 days 01:12:00.940000,10,192.85583333333307,0 days 00:00:47.246000,12056.0,195.0,4,99.0,False,8,car,2180.072777777777,0.6668219813824557,OnTrack,-5430.78623545115,-4691.190919782371,490.1055032667817,LEC
2024-05-25 14:59:05.863,0 days 01:12:01.180000,10,190.05583333333334,0 days 00:00:47.486000,11210.0,198.0,5,99.0,False,8,car,2193.272777777777,0.6708594842786758,OnTrack,-5610.7620519997845,-4713.121893796952,490.0069014166394,LEC
2024-05-25 14:59:05.875,0 days 01:12:01.192000,10,189.90916663326215,0 days 00:00:47.498000,11215.252670235484,198.55516026879096,5,99.0,False,8,pos,2193.952139329905,0.6710672815691531,OnTrack,-5618.0,-4714.0,490.0,LEC
2024-05-25 14:59:06.144,0 days 01:12:01.461000,10,186.6213888888883,0 days 00:00:47.767000,11333.0,211.0,5,99.0,False,8,car,2209.7424999999994,0.6758971017917186,OnTrack,-5719.505792799546,-4726.126010784445,490.17471998829996,LEC
2024-05-25 14:59:06.275,0 days 01:12:01.592000,10,184.83833246222162,0 days 00:00:47.898000,11481.102850133333,215.3666688,5,99.0,False,8,pos,2217.729718819226,0.6783401638459134,OnTrack,-5792.0,-4734.0,490.0,LEC
2024-05-25 14:59:06.504,0 days 01:12:01.821000,10,181.7213888888882,0 days 00:00:48.127000,11740.0,223.0,5,99.0,False,8,car,2232.0424999999996,0.6827180347148784,OnTrack,-6001.131992614972,-4756.071144055152,489.0430532515783,LEC
2024-05-25 14:59:06.555,0 days 01:12:01.872000,10,181.0272213511104,0 days 00:00:48.178000,11851.56264,224.2750016,5,99.0,False,8,pos,2235.2707258763735,0.6837054567849932,OnTrack,-6039.0,-4760.0,489.0,LEC
2024-05-25 14:59:06.744,0 days 01:12:02.061000,10,178.45472222222133,0 days 00:00:48.367000,12265.0,229.0,5,99.0,False,8,car,2247.309166666666,0.6873876719029309,OnTrack,-6117.556023051203,-4767.780357729717,489.7677374728332,LEC
2024-05-25 14:59:06.855,0 days 01:12:02.172000,10,176.9438880177771,0 days 00:00:48.478000,12401.6688288,229.6937504,5,99.0,False,8,pos,2254.373861427525,0.6895485602027702,OnTrack,-6158.0,-4771.0,490.0,LEC
2024-05-25 14:59:06.904,0 days 01:12:02.221000,10,176.27694444444387,0 days 00:00:48.527000,12462.0,230.0,5,99.0,False,8,car,2257.5313888888886,0.6905143576474786,OnTrack,-6181.0182162717965,-4772.698394377992,489.90355070850813,LEC
2024-05-25 14:59:07.135,0 days 01:12:02.452000,10,173.06861068995119,0 days 00:00:48.758000,11788.99535584578,233.15717581307686,5,54.799538616923755,False,8,pos,2272.9409352367443,0.6952276976481532,OnTrack,-6343.0,-4784.0,489.0,LEC
2024-05-25 14:59:07.295,0 days 01:12:02.612000,10,170.8463887916974,0 days 00:00:48.918000,11322.845082118256,235.3439636491716,5,24.184508911597785,False,8,pos,2283.3628039767955,0.6984154495589096,OnTrack,-6507.0,-4794.0,490.0,LEC
2024-05-25 14:59:07.343,0 days 01:12:02.660000,10,170.17972222222124,0 days 00:00:48.966000,11183.0,236.0,5,15.0,True,8,car,2286.3102777777776,0.6993169975898185,OnTrack,-6541.987881322057,-4794.132590715825,490.34631640537,LEC
2024-05-25 14:59:07.663,0 days 01:12:02.980000,10,168.8463888888882,0 days 00:00:49.286000,11700.0,201.0,5,9.0,True,8,car,2304.1769444444444,0.7047819004998538,OnTrack,-6609.465407254151,-4783.6022386736195,491.800735948865,LEC
2024-05-25 14:59:07.776,0 days 01:12:03.093000,10,168.78361114666583,0 days 00:00:49.399000,11718.833322666667,194.40833706666666,5,12.295831466666666,True,8,pos,2310.121315304128,0.7066001137242613,OnTrack,-6700.0,-4834.0,491.0,LEC
2024-05-25 14:59:07.855,0 days 01:12:03.172000,10,168.73972222222127,0 days 00:00:49.478000,11732.0,189.8,5,14.6,True,8,pos,2314.1987291613245,0.7078472781377099,OnTrack,-6794.0,-4889.0,490.0,LEC
2024-05-25 14:59:07.903,0 days 01:12:03.220000,10,168.71305555555455,0 days 00:00:49.526000,11740.0,187.0,4,16.0,True,8,car,2316.643611111111,0.7085950976796173,OnTrack,-6837.721559612291,-4915.242395590995,489.50823877646616,LEC
2024-05-25 14:59:08.183,0 days 01:12:03.500000,10,169.02416666666613,0 days 00:00:49.806000,11220.0,179.0,4,62.0,False,8,car,2330.565833333333,0.7128535077208326,OnTrack,-6877.949893302882,-4958.8538982473065,488.4922982118346,LEC
2024-05-25 14:59:08.255,0 days 01:12:03.572000,10,169.0441666666662,0 days 00:00:49.878000,11325.2,179.6,4,64.8,False,8,pos,2334.1666026649254,0.7139548801909027,OnTrack,-6891.0,-4982.0,488.0,LEC
2024-05-25 14:59:08.515,0 days 01:12:03.832000,10,169.11638888888868,0 days 00:00:50.138000,11705.08888888889,181.76666666666668,4,74.91111111111111,False,8,pos,2347.33833929447,0.7179837381295415,OnTrack,-7001.0,-5131.0,485.0,LEC
2024-05-25 14:59:08.543,0 days 01:12:03.860000,10,169.1241666666665,0 days 00:00:50.166000,11746.0,182.0,4,76.0,False,8,car,2348.765833333333,0.7184203677747117,OnTrack,-7010.266534001891,-5144.180115136447,484.7212018795002,LEC
2024-05-25 14:59:08.703,0 days 01:12:04.020000,10,169.03527777777708,0 days 00:00:50.326000,12065.0,185.0,4,99.0,False,8,car,2356.9880555555555,0.7209353106561958,OnTrack,-7041.578123036954,-5196.106764447294,483.5237386469495,LEC
2024-05-25 14:59:08.856,0 days 01:12:04.173000,10,168.99277779555504,0 days 00:00:50.479000,11299.0440704,189.781248,4,99.0,False,8,pos,2365.143605745841,0.7234298604678281,OnTrack,-7063.0,-5242.0,483.0,LEC
2024-05-25 14:59:09.023,0 days 01:12:04.340000,10,168.94638888888858,0 days 00:00:50.646000,10463.0,195.0,5,99.0,False,8,car,2374.321388888889,0.7262370821360808,OnTrack,-7096.761036316467,-5315.451940714708,483.05514391048627,LEC
2024-05-25 14:59:09.096,0 days 01:12:04.413000,10,168.8855556088885,0 days 00:00:50.719000,10678.3498112,197.4333312,5,99.0,False,8,pos,2378.390974416326,0.7274818520870994,OnTrack,-7114.0,-5363.0,483.0,LEC
2024-05-25 14:59:09.263,0 days 01:12:04.580000,10,168.7463888888883,0 days 00:00:50.886000,11171.0,203.0,5,99.0,False,8,car,2387.8547222222223,0.7303765421761449,OnTrack,-7157.042107233682,-5513.879851539491,482.33750311538716,LEC
2024-05-25 14:59:09.355,0 days 01:12:04.672000,10,168.64416666666622,0 days 00:00:50.978000,11165.085714285715,205.62857142857143,5,99.0,False,8,pos,2393.1811578554716,0.7320057466682491,OnTrack,-7175.0,-5584.0,482.0,LEC
2024-05-25 14:59:09.543,0 days 01:12:04.860000,10,168.43527777777763,0 days 00:00:51.166000,11153.0,211.0,5,99.0,False,8,car,2404.265833333333,0.7353962322247282,OnTrack,-7187.465681762878,-5642.954160137358,481.8811450272775,LEC
2024-05-25 14:59:09.696,0 days 01:12:05.013000,10,167.84027802666648,0 days 00:00:51.319000,11495.71985664,214.8249984,5,99.0,False,8,pos,2413.41220983337,0.7381938474981234,OnTrack,-7192.0,-5683.0,482.0,LEC
2024-05-25 14:59:09.743,0 days 01:12:05.060000,10,167.6574999999998,0 days 00:00:51.366000,11601.0,216.0,5,99.0,False,8,car,2416.265833333333,0.73906668940311,OnTrack,-7195.162924727619,-5705.303130929007,482.02244345286715,LEC
2024-05-25 14:59:09.895,0 days 01:12:05.212000,10,166.43305555555503,0 days 00:00:51.518000,11825.2,221.7,5,99.0,False,8,pos,2425.638127843667,0.7419334065417238,OnTrack,-7208.0,-5805.0,482.0,LEC
2024-05-25 14:59:09.903,0 days 01:12:05.220000,10,166.36861111111057,0 days 00:00:51.526000,11837.0,222.0,5,99.0,False,8,car,2426.1324999999997,0.7420846208608908,OnTrack,-7208.562700587216,-5811.079977173167,481.99119899773575,LEC
2024-05-25 14:59:10.063,0 days 01:12:05.380000,10,164.635277777777,0 days 00:00:51.686000,11552.0,223.0,5,99.0,False,8,car,2436.0436111111107,0.7451161466045173,OnTrack,-7216.4949840309455,-5948.747497403498,481.63985273159847,LEC
2024-05-25 14:59:10.256,0 days 01:12:05.573000,10,160.29277921777705,0 days 00:00:51.879000,11084.511266133333,227.8249984,5,99.0,False,8,pos,2448.398568663881,0.7488951751576982,OnTrack,-7219.0,-6106.0,482.0,LEC
2024-05-25 14:59:10.423,0 days 01:12:05.740000,10,156.53527777777708,0 days 00:00:52.046000,10680.0,232.0,6,99.0,False,8,car,2459.2436111111106,0.7522123638160557,OnTrack,-7216.234408117934,-6186.806747806227,484.18102946255846,LEC
2024-05-25 14:59:10.623,0 days 01:12:05.940000,10,151.42416666666577,0 days 00:00:52.246000,10820.0,233.0,6,99.0,False,8,car,2472.1880555555554,0.7561716995686621,OnTrack,-7198.584426279565,-6260.511038223597,483.3736923063701,LEC
2024-05-25 14:59:10.655,0 days 01:12:05.972000,10,150.46416666666582,0 days 00:00:52.278000,10836.6,233.4,6,99.0,False,8,pos,2474.2723575274786,0.7568092279965589,OnTrack,-7193.0,-6277.0,482.0,LEC
2024-05-25 14:59:10.675,0 days 01:12:05.992000,10,149.86416666666585,0 days 00:00:52.298000,10846.975,233.65,6,99.0,False,8,pos,2475.5777139671964,0.7572084992394347,OnTrack,-7189.0,-6288.0,481.0,LEC
2024-05-25 14:59:10.943,0 days 01:12:06.260000,10,141.82416666666631,0 days 00:00:52.566000,10986.0,237.0,6,99.0,False,8,car,2493.254722222222,0.7626153910595993,OnTrack,-7048.49980340181,-6475.553351968233,479.75000485951637,LEC
2024-05-25 14:59:10.975,0 days 01:12:06.292000,10,140.75749999999965,0 days 00:00:52.598000,11007.3,237.5,6,99.0,False,8,pos,2495.38594620495,0.7632672715901113,OnTrack,-7032.0,-6499.0,480.0,LEC
2024-05-25 14:59:11.263,0 days 01:12:06.580000,10,131.1574999999998,0 days 00:00:52.886000,11199.0,242.0,6,99.0,False,8,car,2514.765833333333,0.7691950254089951,OnTrack,-6939.3656110953025,-6698.64057028153,480.35456370311397,LEC
2024-05-25 14:59:11.396,0 days 01:12:06.713000,10,126.24389125333339,0 days 00:00:53.019000,11238.8999808,244.4937488,6,99.0,False,8,pos,2523.8471587343133,0.7719727434095993,OnTrack,-6915.0,-6774.0,480.0,LEC
2024-05-25 14:59:11.583,0 days 01:12:06.900000,10,119.33527777777817,0 days 00:00:53.206000,11295.0,248.0,6,99.0,False,8,car,2536.810277777777,0.775937791188541,OnTrack,-6889.719490043415,-6855.3682226728,479.38422588793253,LEC
2024-05-25 14:59:11.736,0 days 01:12:07.053000,10,113.21528033777827,0 days 00:00:53.359000,11467.671356342857,249.09285668571428,6,99.0,False,8,pos,2547.6395151936667,0.7792501455393372,OnTrack,-6872.0,-6921.0,479.0,LEC
2024-05-25 14:59:11.863,0 days 01:12:07.180000,10,108.13527777777836,0 days 00:00:53.486000,11611.0,250.0,6,99.0,False,8,car,2556.254722222221,0.7818852912461042,OnTrack,-6856.536337969909,-6986.578342447798,478.8901321137816,LEC
2024-05-25 14:59:12.755,0 days 01:12:08.072000,10,86.08305402315423,0 days 00:00:54.378000,10722.873988230114,179.29858357775174,6,6.02279484197488,False,8,pos,2600.248062527309,0.7953415972230883,OnTrack,-6756.0,-7572.0,480.0,LEC
2024-05-25 14:59:12.784,0 days 01:12:08.101000,10,85.36611111111188,0 days 00:00:54.407000,10694.0,177.0,5,3.0,True,8,car,2601.537222222221,0.7957359143444441,OnTrack,-6754.479626926985,-7585.932775870746,479.9003146155361,LEC
2024-05-25 14:59:13.015,0 days 01:12:08.332000,10,80.81027651555638,0 days 00:00:54.638000,9917.583118222223,165.4499968,5,4.925000533333334,True,8,pos,2611.8422538569616,0.7988879291225428,OnTrack,-6747.0,-7693.0,479.0,LEC
2024-05-25 14:59:13.144,0 days 01:12:08.461000,10,78.26611111111197,0 days 00:00:54.767000,9484.0,159.0,4,6.0,True,8,car,2617.437222222221,0.8005992701058001,OnTrack,-6745.717152420112,-7771.81237676576,478.9626974855563,LEC
2024-05-25 14:59:13.215,0 days 01:12:08.532000,10,77.043332231112,0 days 00:00:54.838000,9393.031168,155.0062464,4,6.8875008,True,8,pos,2620.428325297073,0.8015141630851644,OnTrack,-6746.0,-7812.0,479.0,LEC
2024-05-25 14:59:13.304,0 days 01:12:08.621000,10,75.5105555555565,0 days 00:00:54.927000,9279.0,150.0,4,8.0,True,8,car,2624.1038888888875,0.802638412982679,OnTrack,-6747.443135006451,-7852.336387563174,479.0264594760166,LEC
2024-05-25 14:59:13.544,0 days 01:12:08.861000,10,70.64388888889016,0 days 00:00:55.167000,9046.0,144.0,4,9.0,False,8,car,2633.7038888888874,0.8055747787253845,OnTrack,-6759.799184977016,-7915.2855185903845,479.00879147321103,LEC
2024-05-25 14:59:13.635,0 days 01:12:08.952000,10,68.84916612684962,0 days 00:00:55.258000,8961.295572006813,141.13836391914913,4,18.157235458722834,False,8,pos,2637.223769024461,0.8066514095012728,OnTrack,-6771.0,-7935.0,479.0,LEC
2024-05-25 14:59:13.703,0 days 01:12:09.020000,10,67.50805555555644,0 days 00:00:55.326000,8898.0,139.0,4,25.0,False,8,car,2639.843055555554,0.8074525744221304,OnTrack,-6782.050401133679,-7949.626128995275,478.9959923172842,LEC
2024-05-25 14:59:13.815,0 days 01:12:09.132000,10,65.05027777777859,0 days 00:00:55.438000,8792.8,139.0,4,23.4,False,8,pos,2644.1839576943544,0.8087803323734649,OnTrack,-6811.0,-7983.0,479.0,LEC
2024-05-25 14:59:13.983,0 days 01:12:09.300000,10,61.36361111111182,0 days 00:00:55.606000,8635.0,139.0,4,21.0,True,8,car,2650.6541666666653,0.8107593844541355,OnTrack,-6886.4800651099895,-8076.855577405907,479.00894987471946,LEC
2024-05-25 14:59:13.996,0 days 01:12:09.313000,10,61.081945831111824,0 days 00:00:55.619000,8635.29249856,138.77250112,4,20.96750016,True,8,pos,2651.1458401188,0.8109097733167864,OnTrack,-6891.0,-8084.0,479.0,LEC
2024-05-25 14:59:14.383,0 days 01:12:09.700000,10,52.69694444444531,0 days 00:00:56.006000,8644.0,132.0,4,20.0,False,8,car,2665.320833333332,0.815245498783269,OnTrack,-6895.790812914061,-8230.724797331273,478.03570341013,LEC
2024-05-25 14:59:14.395,0 days 01:12:09.712000,10,52.45027777777863,0 days 00:00:56.018000,8644.54,131.97,4,21.26,False,8,pos,2665.75539789526,0.8153784196679189,OnTrack,-6895.0,-8234.0,478.0,LEC
2024-05-25 14:59:14.783,0 days 01:12:10.100000,10,44.47472222222268,0 days 00:00:56.406000,8662.0,131.0,4,62.0,False,8,car,2679.8763888888875,0.8196976273977878,OnTrack,-6880.9550257228775,-8325.373657331333,477.0424413951293,LEC
2024-05-25 14:59:14.856,0 days 01:12:10.173000,10,42.9336124622227,0 days 00:00:56.479000,8672.0374912,132.520832,4,73.2541568,False,8,pos,2682.5934758931435,0.8205287066893759,OnTrack,-6875.0,-8350.0,477.0,LEC
2024-05-25 14:59:14.896,0 days 01:12:10.213000,10,42.08916801777826,0 days 00:00:56.519000,8677.5374912,133.35416533333333,4,79.42082346666666,False,8,pos,2684.092589781948,0.8209872428005737,OnTrack,-6871.0,-8365.0,477.0,LEC
2024-05-25 14:59:15.023,0 days 01:12:10.340000,10,39.408055555556075,0 days 00:00:56.646000,8695.0,136.0,4,99.0,False,8,car,2688.943055555554,0.822470861710343,OnTrack,-6860.774776335114,-8407.815359970691,477.0083740949944,LEC
2024-05-25 14:59:15.116,0 days 01:12:10.433000,10,37.28972368000047,0 days 00:00:56.739000,9020.499776,139.71999744,4,99.0,False,8,pos,2692.601798900084,0.8235899667747417,OnTrack,-6850.0,-8446.0,477.0,LEC
2024-05-25 14:59:15.223,0 days 01:12:10.540000,10,34.85250000000042,0 days 00:00:56.846000,9395.0,144.0,4,99.0,False,8,car,2696.943055555554,0.8249178331625977,OnTrack,-6829.181640403389,-8507.146756209551,476.9622753415295,LEC
2024-05-25 14:59:15.383,0 days 01:12:10.700000,10,30.852499999999964,0 days 00:00:57.006000,9747.0,153.0,4,99.0,False,8,car,2703.7430555555543,0.8269977588970141,OnTrack,-6792.382397024003,-8605.80942217179,476.9833492958442,LEC
2024-05-25 14:59:15.396,0 days 01:12:10.713000,10,30.498612853333274,0 days 00:00:57.019000,9769.3707232,153.541664,4,99.0,False,8,pos,2704.3118717213565,0.8271717435119265,OnTrack,-6790.0,-8612.0,477.0,LEC
2024-05-25 14:59:15.623,0 days 01:12:10.940000,10,24.319166666666206,0 days 00:00:57.246000,10160.0,163.0,4,99.0,False,8,car,2714.609722222221,0.8303215617863267,OnTrack,-6763.746721244059,-8674.260472770786,477.6499802712974,LEC
2024-05-25 14:59:15.775,0 days 01:12:11.092000,10,19.97027777777724,0 days 00:00:57.398000,10765.466666666667,169.33333333333334,4,99.0,False,8,pos,2721.820895225605,0.8325272535958954,OnTrack,-6743.0,-8713.0,478.0,LEC
2024-05-25 14:59:15.863,0 days 01:12:11.180000,10,17.452499999999418,0 days 00:00:57.486000,11116.0,173.0,4,99.0,False,8,car,2726.1430555555544,0.8338492789633271,OnTrack,-6724.496794392994,-8746.856739897488,478.04358616650376,LEC
2024-05-25 14:59:16.036,0 days 01:12:11.353000,10,12.166390844443862,0 days 00:00:57.659000,11558.591502933334,180.20833066666665,4,99.0,False,8,pos,2735.0087534804784,0.8365610426791524,OnTrack,-6681.0,-8823.0,478.0,LEC
2024-05-25 14:59:16.223,0 days 01:12:11.540000,10,6.452499999999418,0 days 00:00:57.846000,12037.0,188.0,4,99.0,False,8,car,2744.9430555555546,0.8395996618761254,OnTrack,-6637.020950526144,-8888.544191880665,478.0907330492323,LEC
2024-05-25 14:59:16.256,0 days 01:12:11.573000,10,154.2573145381584,0 days 00:00:57.879000,11905.000256,188.8249984,4,99.0,False,8,pos,2746.7110008927934,0.8401404258472966,OnTrack,-6628.0,-8901.0,478.0,LEC
2024-05-25 14:59:16.456,0 days 01:12:11.773000,10,1050.045806601652,0 days 00:00:58.079000,11105.000256,193.8249984,4,99.0,False,8,pos,2757.531792766211,0.843450196947927,OnTrack,-6562.0,-8987.0,477.0,LEC
2024-05-25 14:59:16.503,0 days 01:12:11.820000,63,1260.5563888888905,0 days 00:00:58.126000,10917.0,195.0,4,99.0,False,8,car,2760.109722222221,0.8442387119210248,OnTrack,-6544.931188315115,-9007.121787005231,477.06884460127026,LEC
2024-05-25 14:59:16.663,0 days 01:12:11.980000,63,1256.2008333333351,0 days 00:00:58.286000,10964.0,201.0,4,99.0,False,8,car,2769.0430555555545,0.8469711633760425,OnTrack,-6483.762029827633,-9072.352946543355,477.9674272710724,LEC
2024-05-25 14:59:16.675,0 days 01:12:11.992000,63,1255.857500000002,0 days 00:00:58.298000,10965.1,201.3,4,94.05,False,8,pos,2769.731686924659,0.847181796038708,OnTrack,-6479.0,-9077.0,478.0,LEC
2024-05-25 14:59:16.856,0 days 01:12:12.173000,63,1250.6788907200016,0 days 00:00:58.479000,10981.6916608,205.8249984,4,19.387526399999995,False,8,pos,2780.2866244488155,0.850410249888951,OnTrack,-6404.0,-9142.0,478.0,LEC
2024-05-25 14:59:16.903,0 days 01:12:12.220000,63,1249.3341666666684,0 days 00:00:58.526000,10986.0,207.0,5,0.0,True,8,car,2782.8430555555547,0.8511921891311818,OnTrack,-6383.335282815259,-9156.747338695524,478.159923193435,LEC
2024-05-25 14:59:17.056,0 days 01:12:12.373000,63,1247.1241675911128,0 days 00:00:58.679000,10531.520644654545,189.61364363636363,5,0.0,True,8,pos,2790.301477517267,0.8534735073335791,OnTrack,-6311.0,-9201.0,479.0,LEC
2024-05-25 14:59:17.336,0 days 01:12:12.653000,63,1243.0797231466686,0 days 00:00:58.959000,9699.793371927273,157.79546181818182,5,0.0,True,8,pos,2801.7513057369697,0.8569756826819331,OnTrack,-6167.0,-9280.0,479.0,LEC
2024-05-25 14:59:17.343,0 days 01:12:12.660000,63,1242.978611111113,0 days 00:00:58.966000,9679.0,157.0,5,0.0,True,8,car,2802.0319444444435,0.8570615220451314,OnTrack,-6164.386403735595,-9281.401139279162,479.00850099049507,LEC
2024-05-25 14:59:17.616,0 days 01:12:12.933000,63,1240.4761116977795,0 days 00:00:59.239000,9713.124992,140.7906288,5,0.0,True,8,pos,2812.6650034697127,0.8603138710307529,OnTrack,-6100.0,-9316.0,480.0,LEC
2024-05-25 14:59:17.663,0 days 01:12:12.980000,63,1240.0452777777796,0 days 00:00:59.286000,9719.0,138.0,4,0.0,True,8,car,2814.2986111111104,0.8608135449385885,OnTrack,-6088.583504016554,-9322.422747643448,480.1953156312483,LEC
2024-05-25 14:59:17.836,0 days 01:12:13.153000,63,1239.8050000888907,0 days 00:00:59.459000,9398.08511872,114.64500864,4,0.0,True,8,pos,2819.6822733399604,0.8624602534114107,OnTrack,-6041.0,-9352.0,481.0,LEC
2024-05-25 14:59:17.863,0 days 01:12:13.180000,63,1239.7675000000017,0 days 00:00:59.486000,9348.0,111.0,3,0.0,True,8,car,2820.465277777777,0.8626997520997014,OnTrack,-6033.43969307889,-9357.605270257913,481.1689273907634,LEC
2024-05-25 14:59:18.136,0 days 01:12:13.453000,63,1240.8291664177796,0 days 00:00:59.759000,8553.57018624,98.71500288,3,0.0,True,8,pos,2827.764638335769,0.8649324179628416,OnTrack,-5966.0,-9419.0,483.0,LEC
2024-05-25 14:59:18.263,0 days 01:12:13.580000,63,1241.3230555555574,0 days 00:00:59.886000,8184.0,93.0,2,0.0,True,8,car,2830.7986111111104,0.8658604235588637,OnTrack,-5952.168443583852,-9436.269732197292,483.09372099147475,LEC
2024-05-25 14:59:18.436,0 days 01:12:13.753000,63,1242.764721688891,0 days 00:01:00.059000,6973.000448,80.0250048,2,0.0,True,8,pos,2834.577829234276,0.8670163784162674,OnTrack,-5944.0,-9456.0,483.0,LEC
2024-05-25 14:59:18.463,0 days 01:12:13.780000,63,1242.9897222222244,0 days 00:01:00.086000,6784.0,78.0,2,0.0,True,8,car,2835.1319444444434,0.8671858664288349,OnTrack,-5942.4952024602135,-9460.162257422144,483.06213656153597,LEC
2024-05-25 14:59:18.656,0 days 01:12:13.973000,63,1245.187777048891,0 days 00:01:00.279000,6176.6533264,71.3656272,2,0.0,True,8,pos,2838.820908470096,0.8683142151362306,OnTrack,-5932.0,-9496.0,484.0,LEC
2024-05-25 14:59:18.783,0 days 01:12:14.100000,63,1246.6341666666685,0 days 00:01:00.406000,5777.0,67.0,2,0.0,True,8,car,2841.087499999999,0.86900750073218,OnTrack,-5929.987786497784,-9519.856786340752,484.80317979222286,LEC
2024-05-25 14:59:18.816,0 days 01:12:14.133000,63,1247.0466658666685,0 days 00:01:00.439000,5740.53507072,66.1750016,2,0.16499968,True,8,pos,2841.665117862135,0.86918417753455,OnTrack,-5930.0,-9526.0,485.0,LEC
2024-05-25 14:59:18.983,0 days 01:12:14.300000,63,1249.1341666666685,0 days 00:01:00.606000,5556.0,62.0,2,1.0,False,8,car,2844.5319444444435,0.870061057885234,OnTrack,-5932.392166273995,-9556.527787823065,485.84860903023446,LEC
2024-05-25 14:59:19.015,0 days 01:12:14.332000,63,1249.543055718097,0 days 00:01:00.638000,5528.1739019821725,61.801242157015515,2,1.0,False,8,pos,2845.0761077274233,0.870227501887586,OnTrack,-5933.0,-9562.0,486.0,LEC
2024-05-25 14:59:19.144,0 days 01:12:14.461000,63,1251.1913888888903,0 days 00:01:00.767000,5416.0,61.0,2,1.0,False,8,car,2847.2599999999993,0.8708954921433103,OnTrack,-5935.517021982722,-9582.480744038498,486.6021083571525,LEC
2024-05-25 14:59:19.235,0 days 01:12:14.552000,63,1252.2783340977792,0 days 00:01:00.858000,5632.883485866667,61.0,2,7.319448888888888,False,8,pos,2848.796323785405,0.8713654096988486,OnTrack,-5940.0,-9599.0,487.0,LEC
2024-05-25 14:59:19.504,0 days 01:12:14.821000,63,1255.49138888889,0 days 00:01:01.127000,6274.0,61.0,2,26.0,False,8,car,2853.359999999999,0.8727613078756544,OnTrack,-5969.054819756142,-9661.098087610877,487.9678965943407,LEC
2024-05-25 14:59:19.515,0 days 01:12:14.832000,63,1255.6136118222234,0 days 00:01:01.138000,6252.98987776,61.11000064,2,26.44000256,False,8,pos,2853.549425368694,0.8728192476843454,OnTrack,-5970.0,-9663.0,488.0,LEC
2024-05-25 14:59:19.704,0 days 01:12:15.021000,63,1257.7136111111126,0 days 00:01:01.327000,5892.0,63.0,2,34.0,False,8,car,2856.859999999999,0.8738318578860158,OnTrack,-5979.065836525338,-9681.898076002237,488.45504926706565,LEC
2024-05-25 14:59:19.915,0 days 01:12:15.232000,63,1259.3547227200017,0 days 00:01:01.538000,6370.5865088,66.3568192,2,42.1522752,False,8,pos,2860.769467425365,0.8750276522839394,OnTrack,-6001.0,-9697.0,490.0,LEC
2024-05-25 14:59:20.144,0 days 01:12:15.461000,63,1261.135833333335,0 days 00:01:01.767000,6890.0,70.0,2,51.0,False,8,car,2865.415555555555,0.8764487579113437,OnTrack,-6063.63382032707,-9731.82713390521,493.85599308001076,LEC
2024-05-25 14:59:20.155,0 days 01:12:15.472000,63,1261.175555779587,0 days 00:01:01.778000,6928.5155375571185,70.42897177867913,2,51.55153514401602,False,8,pos,2865.6529849212625,0.8765213807713204,OnTrack,-6066.0,-9733.0,494.0,LEC
2024-05-25 14:59:20.455,0 days 01:12:15.772000,63,1262.258888919791,0 days 00:01:02.078000,7978.9331775940855,82.1281340384385,2,66.59331519227807,False,8,pos,2872.607099883674,0.87864844586991,OnTrack,-6101.0,-9743.0,496.0,LEC
2024-05-25 14:59:20.503,0 days 01:12:15.820000,63,1262.4322222222236,0 days 00:01:02.126000,8147.0,84.0,2,69.0,False,8,car,2873.7922222222214,0.8790109409361418,OnTrack,-6108.570994115235,-9744.85785455037,496.3778514462389,LEC
2024-05-25 14:59:20.715,0 days 01:12:16.032000,63,1262.6677777777793,0 days 00:01:02.338000,8987.933333333334,91.95,2,73.41666666666667,False,8,pos,2879.2448985311207,0.8806787588444247,OnTrack,-6164.0,-9757.0,499.0,LEC
2024-05-25 14:59:20.743,0 days 01:12:16.060000,63,1262.6988888888905,0 days 00:01:02.366000,9099.0,93.0,2,74.0,False,8,car,2879.9922222222217,0.8809073438116393,OnTrack,-6175.337716686562,-9758.547067177798,499.51499002198113,LEC
2024-05-25 14:59:21.023,0 days 01:12:16.340000,63,1262.5433333333353,0 days 00:01:02.646000,9789.0,103.0,2,84.0,False,8,car,2888.0033333333326,0.8833577138353553,OnTrack,-6314.524650687834,-9770.697126213543,505.78784401956074,LEC
2024-05-25 14:59:21.035,0 days 01:12:16.352000,63,1262.4833333333354,0 days 00:01:02.658000,9873.0,104.14,2,84.9,False,8,pos,2888.386234067009,0.8834748322308994,OnTrack,-6319.0,-9771.0,506.0,LEC
2024-05-25 14:59:21.223,0 days 01:12:16.540000,63,1261.5433333333358,0 days 00:01:02.846000,11189.0,122.0,2,99.0,False,8,car,2894.7811111111105,0.8854308424268489,OnTrack,-6362.612020093881,-9773.07282908439,508.2904805195577,LEC
2024-05-25 14:59:21.376,0 days 01:12:16.693000,63,1260.8208336355578,0 days 00:01:02.999000,10546.4002688,123.27499946666667,2,35.8875264,False,8,pos,2900.152842016995,0.8870739014488352,OnTrack,-6396.0,-9773.0,510.0,LEC
2024-05-25 14:59:21.463,0 days 01:12:16.780000,63,1260.4100000000021,0 days 00:01:03.086000,10181.0,124.0,2,0.0,True,8,car,2903.0477777777774,0.8879593795941787,OnTrack,-6425.828658656043,-9772.910967920798,511.34142296552744,LEC
2024-05-25 14:59:21.616,0 days 01:12:16.933000,63,1260.7074998755577,0 days 00:01:03.239000,9894.671548342858,113.61786148571429,2,0.0,True,8,pos,2907.628249897502,0.8893604151585303,OnTrack,-6484.0,-9772.0,514.0,LEC
2024-05-25 14:59:21.743,0 days 01:12:17.060000,63,1260.9544444444464,0 days 00:01:03.366000,9657.0,105.0,2,0.0,True,8,car,2911.214444444444,0.8904573296183552,OnTrack,-6518.611458591614,-9769.54870261438,515.9934576395426,LEC
2024-05-25 14:59:21.903,0 days 01:12:17.220000,63,1261.532222222224,0 days 00:01:03.526000,8870.0,101.0,2,0.0,True,8,car,2915.703333333333,0.8918303524887871,OnTrack,-6553.837791155659,-9764.489010178946,517.8961281388174,LEC
2024-05-25 14:59:21.916,0 days 01:12:17.233000,63,1261.6586104888906,0 days 00:01:03.539000,8812.2721592,100.5531272,2,0.0,True,8,pos,2916.0541632906934,0.8919376613500692,OnTrack,-6557.0,-9764.0,518.0,LEC
2024-05-25 14:59:22.115,0 days 01:12:17.432000,63,1263.593333333335,0 days 00:01:03.738000,7928.5875,93.7125,2,0.0,True,8,pos,2921.096190978954,0.8934798735769005,OnTrack,-6609.0,-9755.0,519.0,LEC
2024-05-25 14:59:22.223,0 days 01:12:17.540000,63,1264.6433333333352,0 days 00:01:03.846000,7449.0,90.0,2,0.0,True,8,car,2923.703333333333,0.8942773239410416,OnTrack,-6635.033433752021,-9748.79513587485,519.8355789640342,LEC
2024-05-25 14:59:22.415,0 days 01:12:17.732000,63,1267.1500000000021,0 days 00:01:04.038000,7333.0,86.0,2,0.0,True,8,pos,2928.2502318212883,0.8956680902905824,OnTrack,-6676.0,-9734.0,521.0,LEC
2024-05-25 14:59:22.463,0 days 01:12:17.780000,63,1267.776666666669,0 days 00:01:04.086000,7304.0,85.0,2,0.0,False,8,car,2929.3699999999994,0.8960105953863886,OnTrack,-6685.41963494176,-9729.136217553172,520.881016015951,LEC
2024-05-25 14:59:22.675,0 days 01:12:17.992000,63,1271.3688888888912,0 days 00:01:04.298000,7715.4125,83.675,2,28.4875,False,8,pos,2934.244848815058,0.8975016723719518,OnTrack,-6723.0,-9702.0,519.0,LEC
2024-05-25 14:59:22.783,0 days 01:12:18.100000,63,1273.1988888888914,0 days 00:01:04.406000,7925.0,83.0,2,43.0,False,8,car,2936.747777777777,0.8982672468368013,OnTrack,-6739.419449910087,-9684.692912031378,518.0616520939965,LEC
2024-05-25 14:59:22.875,0 days 01:12:18.192000,63,1274.911111111114,0 days 00:01:04.498000,8113.216666666666,84.15,2,48.36666666666667,False,8,pos,2938.9126757545937,0.8989294272800906,OnTrack,-6752.0,-9668.0,517.0,LEC
2024-05-25 14:59:23.023,0 days 01:12:18.340000,63,1277.665555555559,0 days 00:01:04.646000,8416.0,86.0,2,57.0,False,8,car,2942.4811111111103,0.900020909710917,OnTrack,-6769.727269270691,-9636.724841631316,514.2785038245995,LEC
2024-05-25 14:59:23.096,0 days 01:12:18.413000,63,1278.9836099555591,0 days 00:01:04.719000,8442.9187264,88.281248,2,62.4749952,False,8,pos,2944.2945624330464,0.9005755926627709,OnTrack,-6778.0,-9616.0,513.0,LEC
2024-05-25 14:59:23.183,0 days 01:12:18.500000,63,1280.554444444448,0 days 00:01:04.806000,8475.0,91.0,2,69.0,False,8,car,2946.5255555555545,0.9012579897228901,OnTrack,-6787.820044052811,-9584.923445975086,511.81901214214315,LEC
2024-05-25 14:59:23.396,0 days 01:12:18.713000,63,1284.281943324448,0 days 00:01:05.019000,9959.153125485715,97.84642651428571,2,82.69285302857143,False,8,pos,2952.400462069206,0.9030549557883362,OnTrack,-6808.0,-9502.0,510.0,LEC
2024-05-25 14:59:23.463,0 days 01:12:18.780000,63,1285.4544444444482,0 days 00:01:05.086000,10426.0,100.0,2,87.0,False,8,car,2954.3033333333324,0.9036369897459154,OnTrack,-6811.429117650967,-9484.782203993162,509.49988610225734,LEC
2024-05-25 14:59:23.663,0 days 01:12:18.980000,63,1288.898888888892,0 days 00:01:05.286000,11266.0,106.0,2,99.0,False,8,car,2960.1922222222215,0.9054382326204918,OnTrack,-6813.953617735726,-9458.725995704648,508.12833282163535,LEC
2024-05-25 14:59:23.836,0 days 01:12:19.153000,63,1291.2055547022248,0 days 00:01:05.459000,10994.39010048,122.43499392,2,99.0,False,8,pos,2966.1630769653793,0.9072645465082502,OnTrack,-6829.0,-9402.0,507.0,LEC
2024-05-25 14:59:23.863,0 days 01:12:19.180000,63,1291.5655555555581,0 days 00:01:05.486000,10952.0,125.0,2,99.0,False,8,car,2967.136666666666,0.9075623397839072,OnTrack,-6833.327963624303,-9387.646709205874,506.82515419756896,LEC
2024-05-25 14:59:24.015,0 days 01:12:19.332000,63,1293.1277777777807,0 days 00:01:05.638000,11030.171428571428,131.5142857142857,2,99.0,False,8,pos,2972.7294452035,0.9092730109612092,OnTrack,-6863.0,-9295.0,506.0,LEC
2024-05-25 14:59:24.143,0 days 01:12:19.460000,63,1294.4433333333363,0 days 00:01:05.766000,11096.0,137.0,3,99.0,False,14,car,2977.7922222222214,0.9108215698154519,OnTrack,-6882.159865919585,-9244.962778775089,505.9345612704706,LEC
2024-05-25 14:59:24.383,0 days 01:12:19.700000,63,1295.1100000000038,0 days 00:01:06.006000,11197.0,160.0,3,99.0,False,12,car,2988.458888888888,0.914084198418458,OnTrack,-6912.701090784287,-9197.340274830509,506.18510787698386,LEC
2024-05-25 14:59:24.416,0 days 01:12:19.733000,63,1294.8808337777814,0 days 00:01:06.039000,11209.649975466667,161.28333084444444,3,99.0,False,12,pos,2989.9938678480767,0.9145537046300762,OnTrack,-6919.0,-9188.0,506.0,LEC
2024-05-25 14:59:24.736,0 days 01:12:20.053000,63,1292.6586115555588,0 days 00:01:06.359000,11332.316642133334,173.7277752888889,3,99.0,False,12,pos,3005.506758750765,0.9192986547776787,OnTrack,-7004.0,-9062.0,503.0,LEC
2024-05-25 14:59:24.743,0 days 01:12:20.060000,63,1292.6100000000033,0 days 00:01:06.366000,11335.0,174.0,4,99.0,False,12,car,3005.858888888888,0.9194063613271118,OnTrack,-7006.021201957286,-9059.098794341735,503.00348332209,LEC
2024-05-25 14:59:24.903,0 days 01:12:20.220000,63,1290.8322222222255,0 days 00:01:06.526000,11811.0,184.0,4,99.0,False,12,car,3014.0366666666655,0.9219077099227498,OnTrack,-7052.260503880414,-8993.432755846326,503.9422847219552,LEC
2024-05-25 14:59:24.916,0 days 01:12:20.233000,63,1290.633612088892,0 days 00:01:06.539000,11791.8250944,184.3249984,4,99.0,False,12,pos,3014.7082059195563,0.9221131145953613,OnTrack,-7056.0,-8988.0,504.0,LEC
2024-05-25 14:59:25.063,0 days 01:12:20.380000,63,1288.3877777777798,0 days 00:01:06.686000,11575.0,188.0,4,99.0,False,12,car,3022.392222222222,0.9244634356617716,OnTrack,-7098.073006236011,-8924.489678313903,504.05994560859835,LEC
2024-05-25 14:59:25.135,0 days 01:12:20.452000,63,1286.9277777777802,0 days 00:01:06.758000,11300.05,191.6,4,99.0,False,12,pos,3026.2648937303125,0.9256479752398038,OnTrack,-7119.0,-8890.0,504.0,LEC
2024-05-25 14:59:25.223,0 days 01:12:20.540000,63,1285.1433333333362,0 days 00:01:06.846000,10964.0,196.0,5,99.0,False,12,car,3031.1033333333326,0.9271279156875598,OnTrack,-7145.133723013662,-8843.660107779804,504.02742428350774,LEC
2024-05-25 14:59:25.376,0 days 01:12:20.693000,63,1281.148335004447,0 days 00:01:06.999000,11049.242821485714,201.46428342857143,5,99.0,False,12,pos,3039.782270851129,0.9297825547303035,OnTrack,-7191.0,-8752.0,504.0,LEC
2024-05-25 14:59:25.503,0 days 01:12:20.820000,63,1277.8322222222246,0 days 00:01:07.126000,11120.0,206.0,5,99.0,False,12,car,3047.125555555555,0.9320286557349919,OnTrack,-7228.022541892682,-8665.033995505484,503.4222830202564,LEC
2024-05-25 14:59:25.744,0 days 01:12:21.061000,63,1270.2675000000027,0 days 00:01:07.367000,11543.0,211.0,5,99.0,False,12,car,3061.2508333333326,0.9363491746696656,OnTrack,-7287.964562882813,-8503.700851927802,502.0172902752472,LEC
2024-05-25 14:59:25.755,0 days 01:12:21.072000,63,1269.885553333336,0 days 00:01:07.378000,11553.9313136,211.6187536,5,99.0,False,12,pos,3061.912158696222,0.936551455205121,OnTrack,-7290.0,-8498.0,502.0,LEC
2024-05-25 14:59:25.904,0 days 01:12:21.221000,63,1264.711944444448,0 days 00:01:07.527000,11702.0,220.0,5,99.0,False,12,car,3071.02861111111,0.9393399175557544,OnTrack,-7311.183178990122,-8436.56654621297,502.22282592657683,LEC
2024-05-25 14:59:26.115,0 days 01:12:21.432000,63,1256.5063864000033,0 days 00:01:07.738000,11279.999872,225.2750016,5,99.0,False,12,pos,3084.279979767512,0.9433931326564441,OnTrack,-7336.0,-8356.0,503.0,LEC
2024-05-25 14:59:26.184,0 days 01:12:21.501000,63,1253.8230555555588,0 days 00:01:07.807000,11142.0,227.0,6,99.0,False,12,car,3088.6841666666655,0.9447402476080219,OnTrack,-7347.838487144447,-8316.712999582596,503.0411084137372,LEC
2024-05-25 14:59:26.295,0 days 01:12:21.612000,63,1249.105552835559,0 days 00:01:07.918000,11021.749930666667,230.23750186666666,6,99.0,False,12,pos,3095.836437836068,0.9469279230293107,OnTrack,-7369.0,-8246.0,503.0,LEC
2024-05-25 14:59:26.424,0 days 01:12:21.741000,63,1243.623055555559,0 days 00:01:08.047000,10882.0,234.0,6,99.0,False,12,car,3104.284166666665,0.9495118419399182,OnTrack,-7392.748500961659,-8165.870250524202,503.0364308612045,LEC
2024-05-25 14:59:26.475,0 days 01:12:21.792000,63,1241.2430525688922,0 days 00:01:08.098000,10933.89256512,235.40250176,6,99.0,False,12,pos,3107.6748313539056,0.9505489494016488,OnTrack,-7402.0,-8134.0,503.0,LEC
2024-05-25 14:59:26.816,0 days 01:12:22.133000,63,1225.3297222222254,0 days 00:01:08.439000,11280.86,244.78,6,99.0,False,12,pos,3130.953053446297,0.9576690925165644,OnTrack,-7463.0,-7914.0,502.0,LEC
2024-05-25 14:59:26.824,0 days 01:12:22.141000,63,1224.956388888892,0 days 00:01:08.447000,11289.0,245.0,6,99.0,False,12,car,3131.5063888888876,0.957838342020507,OnTrack,-7464.4075819745285,-7908.881231558307,501.99397140022637,LEC
2024-05-25 14:59:26.915,0 days 01:12:22.232000,63,1220.456941935959,0 days 00:01:08.538000,11388.49891651952,246.45102586590966,6,99.0,False,12,pos,3137.817756454846,0.9597688090528302,OnTrack,-7481.0,-7848.0,502.0,LEC
2024-05-25 14:59:27.195,0 days 01:12:22.512000,63,1206.612499509839,0 days 00:01:08.818000,11694.64921357278,250.91571769793637,6,99.0,False,12,pos,3157.4313747902193,0.9657680545705898,OnTrack,-7546.0,-7591.0,502.0,LEC
2024-05-25 14:59:27.263,0 days 01:12:22.580000,63,1203.2502777777813,0 days 00:01:08.886000,11769.0,252.0,6,99.0,False,12,car,3162.236388888887,0.9672377711114799,OnTrack,-7556.562973968959,-7547.259037642687,501.9742462129394,LEC
2024-05-25 14:59:27.423,0 days 01:12:22.740000,63,1195.1169444444472,0 days 00:01:09.046000,11707.0,256.0,6,99.0,False,12,car,3173.614166666666,0.9707179082880201,OnTrack,-7570.898145696349,-7482.0026814579205,501.9096759627497,LEC
2024-05-25 14:59:27.515,0 days 01:12:22.832000,63,1190.312500000003,0 days 00:01:09.138000,11334.4,257.53333333333336,6,99.0,False,12,pos,3180.222892212855,0.9727393286314339,OnTrack,-7579.0,-7437.0,502.0,LEC
2024-05-25 14:59:27.663,0 days 01:12:22.980000,63,1182.5836111111144,0 days 00:01:09.286000,10735.0,260.0,6,99.0,False,12,car,3190.947499999999,0.976019679767905,OnTrack,-7594.990571870729,-7337.911438157156,502.4035920420328,LEC
2024-05-25 14:59:27.855,0 days 01:12:23.172000,63,1172.5036111111142,0 days 00:01:09.478000,10719.64,262.4,6,99.0,False,12,pos,3204.988920140271,0.98031454904695,OnTrack,-7616.0,-7193.0,503.0,LEC
2024-05-25 14:59:28.035,0 days 01:12:23.352000,63,1163.053611111114,0 days 00:01:09.658000,10705.24,264.65,6,99.0,False,12,pos,3218.3049509751468,0.9843875424607355,OnTrack,-7631.0,-7058.0,503.0,LEC
2024-05-25 14:59:28.063,0 days 01:12:23.380000,63,1161.583611111114,0 days 00:01:09.686000,10703.0,265.0,7,99.0,False,12,car,3220.3919444444437,0.9850258941407867,OnTrack,-7633.692658060263,-7025.654341670866,502.89304587830077,LEC
2024-05-25 14:59:28.216,0 days 01:12:23.533000,63,1153.4236145244474,0 days 00:01:09.839000,10785.874965333333,268.8249984,7,99.0,False,12,pos,3231.87056075144,0.9885368749426122,OnTrack,-7649.0,-6818.0,502.0,LEC
2024-05-25 14:59:28.303,0 days 01:12:23.620000,63,1148.7836111111142,0 days 00:01:09.926000,10833.0,271.0,7,99.0,False,12,car,3238.45861111111,0.9905519713371282,OnTrack,-7654.619612902516,-6738.860531348696,501.7009474836286,LEC
2024-05-25 14:59:28.615,0 days 01:12:23.932000,63,1148.7836111111142,0 days 00:01:10.238000,11061.54,276.46,7,99.0,False,12,pos,3262.4675152174855,0.9978956092056557,OnTrack,-7662.0,-6620.0,502.0,LEC
2024-05-25 14:59:28.647,0 days 01:12:23.964000,63,1148.7836111111142,0 days 00:01:10.270000,11084.980000000001,277.02,7,99.0,False,12,interpolation,3264.9638196019405,0.9986591574012682,OnTrack,-7663.063390422335,-6601.966109876188,502.0995758962636,LEC
2024-05-25 14:58:27.128,0 days 01:11:22.445000,,494.69111111111107,0 days 00:00:00,11031.218736,274.0,7,100.0,False,12,interpolation,-0.02667639182680715,-8.073326372895834e-06,OnTrack,-7666.330459328189,-6571.863332715362,501.8009285600348,PIA
2024-05-25 14:58:27.216,0 days 01:11:22.533000,,494.69111111111107,0 days 00:00:00.088000,11050.468736,274.0,7,100.0,False,12,pos,6.6931469252233615,0.0020256097578669925,OnTrack,-7670.0,-6491.0,502.0,PIA
2024-05-25 14:58:27.223,0 days 01:11:22.540000,,494.69111111111107,0 days 00:00:00.095000,11052.0,274.0,7,100.0,False,12,car,7.2305555555555605,0.002188250766308102,OnTrack,-7670.305806832309,-6483.765438912787,502.0213523825434,PIA
2024-05-25 14:58:27.423,0 days 01:11:22.740000,16,494.69111111111107,0 days 00:00:00.295000,11109.0,279.0,7,100.0,False,12,car,22.730555555555558,0.006879160976065767,OnTrack,-7678.948628697371,-6246.814572063697,502.85588094889937,PIA
2024-05-25 14:58:27.476,0 days 01:11:22.793000,16,494.42611143111105,0 days 00:00:00.348000,11125.42998016,279.39749952,7,99.73500032,False,12,pos,26.860237206936084,0.008128965222614786,OnTrack,-7680.0,-6199.0,503.0,PIA
2024-05-25 14:58:27.756,0 days 01:11:23.073000,16,493.02611143111113,0 days 00:00:00.628000,11212.22998016,281.49749952,7,98.33500032,False,12,pos,48.782613568413495,0.014763539357853787,OnTrack,-7674.0,-6072.0,503.0,PIA
2024-05-25 14:58:27.823,0 days 01:11:23.140000,16,492.6911111111111,0 days 00:00:00.695000,11233.0,282.0,7,98.0,False,12,car,54.06388888888888,0.01636186118503825,OnTrack,-7670.774760084958,-6023.485366723222,503.04197676780626,PIA
2024-05-25 14:58:27.955,0 days 01:11:23.272000,16,491.9577777777778,0 days 00:00:00.827000,11293.06,283.32,7,91.73,False,12,pos,64.51294676526351,0.01952415746082112,OnTrack,-7663.0,-5907.0,503.0,PIA
2024-05-25 14:58:28.215,0 days 01:11:23.532000,16,490.51333333333326,0 days 00:00:01.087000,11411.36,285.92,7,79.38,False,12,pos,85.20470901394914,0.025786299318255806,OnTrack,-7644.0,-5710.0,503.0,PIA
2024-05-25 14:58:28.223,0 days 01:11:23.540000,16,490.46888888888884,0 days 00:00:01.095000,11415.0,286.0,7,79.0,False,12,car,85.84166666666667,0.025979067779953607,OnTrack,-7643.392642285139,-5704.49998372612,503.16509125692926,PIA
2024-05-25 14:58:28.383,0 days 01:11:23.700000,16,489.89111111111106,0 days 00:00:01.255000,11011.0,282.0,7,0.0,True,8,car,98.375,0.0297721478635426,OnTrack,-7630.9291023179485,-5599.193327841844,509.26068946790036,PIA
2024-05-25 14:58:28.495,0 days 01:11:23.812000,16,490.9177777777777,0 days 00:00:01.367000,10619.0,266.25,7,0.0,True,8,pos,106.31078662105818,0.032173829314070354,OnTrack,-7615.0,-5502.0,514.0,PIA
2024-05-25 14:58:28.675,0 days 01:11:23.992000,16,492.56777777777774,0 days 00:00:01.547000,9989.0,240.9375,7,0.0,True,8,pos,117.7369926573622,0.035631849091779584,OnTrack,-7576.0,-5303.0,519.0,PIA
2024-05-25 14:58:28.703,0 days 01:11:24.020000,16,492.8244444444444,0 days 00:00:01.575000,9891.0,237.0,7,0.0,True,8,car,119.44166666666666,0.03614775055723474,OnTrack,-7571.762077864738,-5282.050756779097,519.4109523103002,PIA
2024-05-25 14:58:28.863,0 days 01:11:24.180000,16,495.4911111111111,0 days 00:00:01.735000,9506.0,210.0,7,0.0,True,8,car,128.775,0.03897238466203506,OnTrack,-7562.223238535502,-5237.214988040509,519.8082265592927,PIA
2024-05-25 14:58:28.995,0 days 01:11:24.312000,16,498.6077777777777,0 days 00:00:01.867000,10430.0,191.025,7,0.0,True,8,pos,135.69488044926095,0.04106661291040542,OnTrack,-7554.0,-5208.0,520.0,PIA
2024-05-25 14:58:29.023,0 days 01:11:24.340000,16,499.2688888888888,0 days 00:00:01.895000,10626.0,187.0,7,0.0,True,8,car,137.0861111111111,0.04148765407916676,OnTrack,-7550.832492233238,-5196.347220637765,520.1953851151752,PIA
2024-05-25 14:58:29.303,0 days 01:11:24.620000,16,505.9577777777776,0 days 00:00:02.175000,11173.0,166.0,7,0.0,True,8,car,149.9972222222222,0.045395064590807194,OnTrack,-7501.753740076955,-5013.033662892421,524.2938939094346,PIA
2024-05-25 14:58:29.356,0 days 01:11:24.673000,16,507.2238873599998,0 days 00:00:02.228000,10894.750336,163.6812528,7,0.0,True,8,pos,152.37789758841768,0.04611555067993009,OnTrack,-7495.0,-4988.0,525.0,PIA
2024-05-25 14:58:29.463,0 days 01:11:24.780000,16,509.77999999999986,0 days 00:00:02.335000,10333.0,159.0,6,0.0,True,8,car,157.06388888888887,0.04753371612729886,OnTrack,-7486.450034539459,-4956.8791209243855,526.1390213592327,PIA
2024-05-25 14:58:29.656,0 days 01:11:24.973000,16,514.3369429333333,0 days 00:00:02.528000,9807.6782992,145.1281296,6,0.0,True,8,pos,164.5271207132811,0.04979238389264272,OnTrack,-7477.0,-4928.0,528.0,PIA
2024-05-25 14:58:29.783,0 days 01:11:25.100000,16,517.3355555555555,0 days 00:00:02.655000,9462.0,136.0,3,0.0,True,8,car,169.15277777777774,0.051192289824944975,OnTrack,-7463.183656860513,-4887.776351841725,529.9032012873212,PIA
2024-05-25 14:58:29.916,0 days 01:11:25.233000,16,520.2911096888888,0 days 00:00:02.788000,9322.350067200001,132.6750016,3,0.0,True,8,pos,174.01332843759613,0.0526632838065699,OnTrack,-7445.0,-4838.0,532.0,PIA
2024-05-25 14:58:29.983,0 days 01:11:25.300000,16,521.7799999999999,0 days 00:00:02.855000,9252.0,131.0,3,0.0,False,8,car,176.43055555555551,0.053394831894759506,OnTrack,-7435.723852191623,-4814.890181952979,532.8900832597974,PIA
2024-05-25 14:58:30.196,0 days 01:11:25.513000,16,526.1583320177776,0 days 00:00:03.068000,8839.9782488,127.0062512,3,0.0,False,8,pos,183.87778505358852,0.055648656726161545,OnTrack,-7404.0,-4750.0,535.0,PIA
2024-05-25 14:58:30.303,0 days 01:11:25.620000,16,528.3577777777776,0 days 00:00:03.175000,8633.0,125.0,3,0.0,False,8,car,187.54166666666663,0.05675749154333131,OnTrack,-7385.0362012864125,-4722.168572884429,535.6691237240914,PIA
2024-05-25 14:58:30.375,0 days 01:11:25.692000,16,529.7977777777776,0 days 00:00:03.247000,8706.08,123.92,3,5.3999999999999995,False,8,pos,189.9924791331355,0.05749920388018036,OnTrack,-7372.0,-4706.0,536.0,PIA
2024-05-25 14:58:30.503,0 days 01:11:25.820000,16,532.3577777777775,0 days 00:00:03.375000,8836.0,122.0,3,15.0,False,8,car,194.3194444444444,0.05880871392896011,OnTrack,-7347.646234999137,-4682.697377309863,536.4796027623922,PIA
2024-05-25 14:58:30.556,0 days 01:11:25.873000,16,533.2411100444442,0 days 00:00:03.428000,8852.846408228572,121.81071451428572,3,17.839282285714287,False,8,pos,196.0992525977143,0.0593473539442881,OnTrack,-7329.0,-4672.0,537.0,PIA
2024-05-25 14:58:30.716,0 days 01:11:26.033000,16,535.907776711111,0 days 00:00:03.588000,8903.703551085715,121.23928594285714,3,26.410710857142856,False,8,pos,201.4537684405471,0.060967841236897996,OnTrack,-7239.0,-4634.0,540.0,PIA
2024-05-25 14:58:30.783,0 days 01:11:26.100000,16,537.0244444444443,0 days 00:00:03.655000,8925.0,121.0,3,30.0,False,8,car,203.7305555555555,0.06165688665130042,OnTrack,-7207.352109880246,-4622.455395429289,541.1625792864132,PIA
2024-05-25 14:58:30.943,0 days 01:11:26.260000,16,539.4244444444442,0 days 00:00:03.815000,9654.0,125.0,3,64.0,False,8,car,209.28611111111107,0.06333821647558632,OnTrack,-7160.147801205943,-4609.891881156358,543.2312695552747,PIA
2024-05-25 14:58:31.195,0 days 01:11:26.512000,16,542.1544444444443,0 days 00:00:04.067000,10039.0,129.9,3,72.4,False,8,pos,218.408247066324,0.06609893393927058,OnTrack,-7107.0,-4606.0,546.0,PIA
2024-05-25 14:58:31.303,0 days 01:11:26.620000,16,543.3244444444442,0 days 00:00:04.175000,10204.0,132.0,3,76.0,False,8,car,222.48611111111106,0.06733305613808963,OnTrack,-7074.058688374974,-4602.126147708521,547.4666381603503,PIA
2024-05-25 14:58:31.416,0 days 01:11:26.733000,16,544.2661105777776,0 days 00:00:04.288000,10514.3462528,136.4392832,3,84.4749952,False,8,pos,226.87161199569096,0.06866028135579137,OnTrack,-7027.0,-4597.0,550.0,PIA
2024-05-25 14:58:31.583,0 days 01:11:26.900000,16,545.6577777777775,0 days 00:00:04.455000,10973.0,143.0,3,97.0,False,8,car,233.6083333333333,0.07069907844631,OnTrack,-6926.934791886294,-4588.399187958789,556.8465344082574,PIA
2024-05-25 14:58:31.636,0 days 01:11:26.953000,16,545.9669440711108,0 days 00:00:04.508000,11038.5874208,146.312496,3,97.6624992,False,8,pos,235.82103657596693,0.07136872955805414,OnTrack,-6898.0,-4586.0,559.0,PIA
2024-05-25 14:58:31.743,0 days 01:11:27.060000,16,546.5911111111109,0 days 00:00:04.615000,11171.0,153.0,3,99.0,False,8,car,240.4083333333333,0.07275702615123596,OnTrack,-6852.1206832433045,-4582.112772617472,562.681107010715,PIA
2024-05-25 14:58:31.896,0 days 01:11:27.213000,16,547.0586109155554,0 days 00:00:04.768000,10789.9345344,159.2156224,3,99.0,False,8,pos,247.28369642254216,0.07483778169387859,OnTrack,-6803.0,-4578.0,567.0,PIA
2024-05-25 14:58:32.063,0 days 01:11:27.380000,16,547.5688888888888,0 days 00:00:04.935000,10374.0,166.0,4,99.0,False,8,car,255.16388888888883,0.0772226381645393,OnTrack,-6748.957347584555,-4574.066710878046,571.5225560981446,PIA
2024-05-25 14:58:32.256,0 days 01:11:27.573000,16,547.7833332622221,0 days 00:00:05.128000,10875.7998336,174.9607113142857,4,99.0,False,8,pos,264.6817220098064,0.08010310916851875,OnTrack,-6634.0,-4561.0,581.0,PIA
2024-05-25 14:58:32.343,0 days 01:11:27.660000,16,547.8799999999999,0 days 00:00:05.215000,11102.0,179.0,4,99.0,False,8,car,269.08611111111105,0.08143605070419976,OnTrack,-6543.494629717051,-4548.481600650906,588.5280282321173,PIA
2024-05-25 14:58:32.416,0 days 01:11:27.733000,16,547.8394444799999,0 days 00:00:05.288000,11229.749888,181.4333312,4,99.0,False,8,pos,272.82763648575326,0.08256838358032727,OnTrack,-6477.0,-4539.0,594.0,PIA
2024-05-25 14:58:32.583,0 days 01:11:27.900000,16,547.7466666666664,0 days 00:00:05.455000,11522.0,187.0,4,99.0,False,8,car,281.55277777777775,0.08520895482989733,OnTrack,-6436.00918042698,-4532.575734302118,596.8722970613775,PIA
2024-05-25 14:58:32.696,0 days 01:11:28.013000,16,547.2444447288888,0 days 00:00:05.568000,10968.3003136,190.95499776,4,99.56499968,False,8,pos,287.5982236813889,0.08703854475969006,OnTrack,-6410.0,-4526.0,599.0,PIA
2024-05-25 14:58:32.783,0 days 01:11:28.100000,16,546.8577777777776,0 days 00:00:05.655000,10542.0,194.0,4,100.0,False,8,car,292.3305555555555,0.08847073468901198,OnTrack,-6355.69197141652,-4513.860974054029,603.9345120202174,PIA
2024-05-25 14:58:32.943,0 days 01:11:28.260000,16,545.6133333333332,0 days 00:00:05.815000,10682.0,200.0,5,100.0,False,8,car,301.21944444444443,0.09116086240786944,OnTrack,-6208.376351533777,-4481.630678876589,617.5329117949003,PIA
2024-05-25 14:58:32.995,0 days 01:11:28.312000,16,544.9777775754117,0 days 00:00:05.867000,10754.437834010057,201.81094585025141,5,99.74129344996409,False,8,pos,304.17108594016105,0.0920541453257921,OnTrack,-6170.0,-4473.0,621.0,PIA
2024-05-25 14:58:33.144,0 days 01:11:28.461000,16,543.1566666666665,0 days 00:00:06.016000,10962.0,207.0,5,99.0,False,8,car,312.77694444444444,0.09465861690782261,OnTrack,-6096.888295961585,-4455.517073911988,627.2720039215191,PIA
2024-05-25 14:58:33.344,0 days 01:11:28.661000,16,540.4344444444444,0 days 00:00:06.216000,11190.0,212.0,5,99.0,False,8,car,324.5547222222222,0.09822303613530872,OnTrack,-6040.133311795822,-4440.0788973002755,631.8742233096781,PIA
2024-05-25 14:58:33.375,0 days 01:11:28.692000,16,539.8230544159945,0 days 00:00:06.247000,11132.470112206624,212.68025205161086,5,99.09717886451584,False,8,pos,326.4081559866586,0.09878395815909609,OnTrack,-6028.0,-4437.0,633.0,PIA
2024-05-25 14:58:33.615,0 days 01:11:28.932000,16,535.0897220322954,0 days 00:00:06.487000,10687.078352034438,217.94670867526847,5,99.84952981075264,False,8,pos,341.0040171680561,0.10320124036787177,OnTrack,-5893.0,-4404.0,646.0,PIA
2024-05-25 14:58:33.663,0 days 01:11:28.980000,16,534.1430555555555,0 days 00:00:06.535000,10598.0,219.0,5,100.0,False,8,car,343.9605555555555,0.10409600527803058,OnTrack,-5853.660184855247,-4394.300774018835,649.5635245012523,PIA
2024-05-25 14:58:33.835,0 days 01:11:29.152000,16,530.5597222222223,0 days 00:00:06.707000,10493.57142857143,222.68571428571428,5,100.0,False,8,pos,354.6422734072017,0.10732871362177496,OnTrack,-5700.0,-4356.0,663.0,PIA
2024-05-25 14:58:33.943,0 days 01:11:29.260000,16,528.3097222222223,0 days 00:00:06.815000,10428.0,225.0,6,100.0,False,8,car,361.4605555555555,0.10939219422453117,OnTrack,-5630.430680929222,-4338.255494093855,668.9342001893743,PIA
2024-05-25 14:58:34.223,0 days 01:11:29.540000,16,522.0875000000001,0 days 00:00:07.095000,10570.0,233.0,6,100.0,False,8,car,379.58277777777766,0.11487669211135176,OnTrack,-5518.519843679171,-4308.656776443611,679.1585130770177,PIA
2024-05-25 14:58:34.296,0 days 01:11:29.613000,16,520.52611248,0 days 00:00:07.168000,10646.389218742857,234.04285622857142,6,100.0,False,8,pos,384.3634671347398,0.11632351691872293,OnTrack,-5476.0,-4298.0,684.0,PIA
2024-05-25 14:58:34.395,0 days 01:11:29.712000,16,518.4086111111112,0 days 00:00:07.267000,10749.985714285714,235.45714285714286,6,100.0,False,8,pos,390.87371827452154,0.11829377521160608,OnTrack,-5407.0,-4281.0,692.0,PIA
2024-05-25 14:58:34.503,0 days 01:11:29.820000,16,516.0986111111113,0 days 00:00:07.375000,10863.0,237.0,6,100.0,False,8,car,398.016111111111,0.12045534446833238,OnTrack,-5332.0907049651605,-4262.475007473169,698.8874122985707,PIA
2024-05-25 14:58:34.615,0 days 01:11:29.932000,16,513.7963888888889,0 days 00:00:07.487000,10956.8,239.1,6,100.0,False,8,pos,405.46997029860927,0.12271117570476668,OnTrack,-5256.0,-4245.0,705.0,PIA
2024-05-25 14:58:34.663,0 days 01:11:29.980000,16,512.8097222222223,0 days 00:00:07.535000,10997.0,240.0,6,100.0,False,8,car,408.6827777777777,0.12368349773096132,OnTrack,-5223.390478490064,-4238.410696318838,707.8359322653297,PIA
2024-05-25 14:58:34.935,0 days 01:11:30.252000,16,507.6719444444443,0 days 00:00:07.807000,11103.857142857143,243.88571428571427,6,100.0,False,8,pos,427.1132283984166,0.12926127766559292,OnTrack,-5044.0,-4212.0,725.0,PIA
2024-05-25 14:58:34.943,0 days 01:11:30.260000,16,507.5208333333332,0 days 00:00:07.815000,11107.0,244.0,6,100.0,False,8,car,427.6605555555555,0.12942692041072196,OnTrack,-5039.117950572681,-4211.538896996009,725.4685866843546,PIA
2024-05-25 14:58:35.136,0 days 01:11:30.453000,16,504.46500101333316,0 days 00:00:08.008000,11282.844386133333,246.68055466666667,6,100.0,False,8,pos,440.9513914840267,0.13344925060124324,OnTrack,-4906.0,-4201.0,738.0,PIA
2024-05-25 14:58:35.303,0 days 01:11:30.620000,16,501.8208333333331,0 days 00:00:08.175000,11435.0,249.0,6,100.0,False,8,car,452.56055555555554,0.1369626406831714,OnTrack,-4710.73461220374,-4178.317847467247,756.0188768513374,PIA
2024-05-25 14:58:35.315,0 days 01:11:30.632000,16,501.63416666666643,0 days 00:00:08.187000,11443.625,249.225,6,99.925,False,8,pos,453.39783514748046,0.1372160344500219,OnTrack,-4700.0,-4177.0,757.0,PIA
2024-05-25 14:58:35.463,0 days 01:11:30.780000,16,499.3319444444442,0 days 00:00:08.335000,11550.0,252.0,6,99.0,False,8,car,463.7605555555555,0.14035220160893178,OnTrack,-4635.28573680534,-4168.453056703914,762.7404329882753,PIA
2024-05-25 14:58:35.595,0 days 01:11:30.912000,16,497.498611111111,0 days 00:00:08.467000,11572.44,253.32,6,99.66,False,8,pos,473.06603463431946,0.14316840591972274,OnTrack,-4588.0,-4150.0,767.0,PIA
2024-05-25 14:58:35.663,0 days 01:11:30.980000,16,496.5541666666666,0 days 00:00:08.535000,11584.0,254.0,6,100.0,False,8,car,477.8716666666666,0.14462277936261794,OnTrack,-4535.879217605242,-4128.921407031766,771.8872277579381,PIA
2024-05-25 14:58:35.855,0 days 01:11:31.172000,16,494.2608333333332,0 days 00:00:08.727000,11059.2,254.8,6,100.0,False,8,pos,491.4619882918762,0.1487357457152364,OnTrack,-4344.0,-4049.0,790.0,PIA
2024-05-25 14:58:35.903,0 days 01:11:31.220000,16,493.68749999999983,0 days 00:00:08.775000,10928.0,255.0,6,100.0,False,8,car,494.8716666666666,0.1497676486249328,OnTrack,-4308.244220124759,-4033.0077855616946,793.328511892081,PIA
2024-05-25 14:58:36.103,0 days 01:11:31.420000,16,491.57638888888874,0 days 00:00:08.975000,10358.0,257.0,7,100.0,False,8,car,509.1494444444443,0.15408866627334755,OnTrack,-4224.090713943177,-3988.342839221431,800.8272368032193,PIA
2024-05-25 14:58:36.263,0 days 01:11:31.580000,16,489.9319444444443,0 days 00:00:09.135000,10528.0,259.0,7,100.0,False,8,car,520.6605555555554,0.15757238166926796,OnTrack,-4155.434528696194,-3951.7510064138137,806.3572522584201,PIA
2024-05-25 14:58:36.296,0 days 01:11:31.613000,16,489.62027838222207,0 days 00:00:09.168000,10520.08001536,259.32999936,7,100.0,False,8,pos,523.0435261387752,0.15829356238142134,OnTrack,-4135.0,-3942.0,808.0,PIA
2024-05-25 14:58:36.415,0 days 01:11:31.732000,16,488.49638888888865,0 days 00:00:09.287000,10491.52,260.52,7,100.0,False,8,pos,531.6642920531445,0.1609025455326243,OnTrack,-4049.0,-3903.0,815.0,PIA
2024-05-25 14:58:36.463,0 days 01:11:31.780000,16,488.04305555555527,0 days 00:00:09.335000,10480.0,261.0,7,100.0,False,8,car,535.1605555555556,0.16196065251065417,OnTrack,-4016.6624755975104,-3889.0022144292566,817.8041314117906,PIA
2024-05-25 14:58:36.595,0 days 01:11:31.912000,16,485.659722222222,0 days 00:00:09.467000,10548.475,262.65,7,100.0,False,8,pos,544.8387748038671,0.16488966267092367,OnTrack,-3935.0,-3856.0,825.0,PIA
2024-05-25 14:58:36.783,0 days 01:11:32.100000,16,482.26527777777767,0 days 00:00:09.655000,10646.0,265.0,7,100.0,False,8,car,558.716111111111,0.16908949096562637,OnTrack,-3808.2666173643506,-3811.414542716374,833.8173483901671,PIA
2024-05-25 14:58:36.895,0 days 01:11:32.212000,16,479.46527777777777,0 days 00:00:09.767000,10621.5,265.7,7,100.0,False,8,pos,566.9871068924043,0.17159261990468003,OnTrack,-3726.0,-3788.0,839.0,PIA
2024-05-25 14:58:36.943,0 days 01:11:32.260000,16,478.2652777777778,0 days 00:00:09.815000,10611.0,266.0,7,100.0,False,8,car,570.5383333333332,0.17266736083170675,OnTrack,-3689.219569768355,-3779.037995041916,841.3213826773658,PIA
2024-05-25 14:58:37.195,0 days 01:11:32.512000,16,468.8852777777778,0 days 00:00:10.067000,10721.25,267.26,7,100.0,False,8,pos,589.2773167527196,0.1783385149376731,OnTrack,-3501.0,-3743.0,853.0,PIA
2024-05-25 14:58:37.256,0 days 01:11:32.573000,16,466.6147246044444,0 days 00:00:10.128000,10747.937472,267.56499968,7,100.0,False,8,pos,593.8266694721236,0.17971532817117258,OnTrack,-3464.0,-3737.0,855.0,PIA
2024-05-25 14:58:37.343,0 days 01:11:32.660000,16,463.37638888888887,0 days 00:00:10.215000,10786.0,268.0,7,100.0,False,8,car,600.316111111111,0.1816792886898792,OnTrack,-3391.6027788903098,-3727.065150128358,857.4804679349676,PIA
2024-05-25 14:58:37.616,0 days 01:11:32.933000,16,451.24305839999994,0 days 00:00:10.488000,10315.0751104,268.0,7,37.89251456,False,8,pos,620.6773571933538,0.18784140334346508,OnTrack,-3100.0,-3692.0,862.0,PIA
2024-05-25 14:58:37.743,0 days 01:11:33.060000,16,445.59861111111104,0 days 00:00:10.615000,10096.0,268.0,7,9.0,True,8,car,630.0938888888888,0.19069121654805166,OnTrack,-3033.2950891041455,-3682.607091644206,861.7652213535044,PIA
2024-05-25 14:58:37.876,0 days 01:11:33.193000,16,439.5397251377776,0 days 00:00:10.748000,10367.8186192,265.5062512,7,1.5187536000000004,True,8,pos,639.8921834057128,0.19365656621174082,OnTrack,-2978.0,-3672.0,861.0,PIA
2024-05-25 14:58:37.903,0 days 01:11:33.220000,16,438.30972222222204,0 days 00:00:10.775000,10423.0,265.0,7,0.0,True,8,car,641.8716666666667,0.19425563577553778,OnTrack,-2963.1484792868155,-3668.9283829393894,860.9274572562719,PIA
2024-05-25 14:58:38.063,0 days 01:11:33.380000,16,431.02083333333314,0 days 00:00:10.935000,10983.0,260.0,7,0.0,True,8,car,653.4272222222222,0.19775280181005245,OnTrack,-2857.6310270147605,-3644.447008526048,860.9759217735354,PIA
2024-05-25 14:58:38.076,0 days 01:11:33.393000,16,430.46833605333313,0 days 00:00:10.948000,10965.125088,258.9785764571429,7,0.0,True,8,pos,654.3331065599583,0.1980269580738425,OnTrack,-2849.0,-3642.0,861.0,PIA
2024-05-25 14:58:38.343,0 days 01:11:33.660000,16,419.12083333333317,0 days 00:00:11.215000,10598.0,238.0,6,0.0,True,8,car,671.9383333333333,0.20335499278457306,OnTrack,-2685.2142239330037,-3579.3413310870915,861.9378880364275,PIA
2024-05-25 14:58:38.356,0 days 01:11:33.673000,16,418.5719471466665,0 days 00:00:11.228000,10688.999552,237.593752,6,0.0,True,8,pos,672.782860515781,0.20361057995764156,OnTrack,-2678.0,-3576.0,862.0,PIA
2024-05-25 14:58:38.503,0 days 01:11:33.820000,16,412.36527777777746,0 days 00:00:11.375000,11718.0,233.0,6,0.0,True,8,car,682.2938888888889,0.206488991577042,OnTrack,-2601.673171135654,-3537.3559775991266,862.7919460285553,PIA
2024-05-25 14:58:38.656,0 days 01:11:33.973000,16,406.20278035555515,0 days 00:00:11.528000,11407.41012992,226.88000256,6,0.0,True,8,pos,691.8908690544365,0.20939341559261682,OnTrack,-2515.0,-3473.0,864.0,PIA
2024-05-25 14:58:38.703,0 days 01:11:34.020000,16,404.3097222222218,0 days 00:00:11.575000,11312.0,225.0,5,0.0,True,8,car,694.7938888888889,0.2102719836816853,OnTrack,-2483.1739793746146,-3443.508211590054,864.4941715530069,PIA
2024-05-25 14:58:38.836,0 days 01:11:34.153000,16,399.17444691555505,0 days 00:00:11.708000,11264.975022628572,221.20000182857143,5,0.0,True,8,pos,702.927689455824,0.21273359194772193,OnTrack,-2394.0,-3352.0,866.0,PIA
2024-05-25 14:58:38.983,0 days 01:11:34.300000,16,393.49861111111056,0 days 00:00:11.855000,11213.0,217.0,5,0.0,True,8,car,711.6716666666667,0.21537986368786585,OnTrack,-2340.930528926038,-3288.9950165392356,867.2081981059641,PIA
2024-05-25 14:58:39.223,0 days 01:11:34.540000,16,385.03194444444387,0 days 00:00:12.095000,11947.0,203.0,4,0.0,True,8,car,725.205,0.21947558313982632,OnTrack,-2313.2241495633934,-3219.9018524233247,868.000678930892,PIA
2024-05-25 14:58:39.236,0 days 01:11:34.553000,16,384.61666871111055,0 days 00:00:12.108000,11929.8834176,202.5666688,4,0.0,True,8,pos,725.922390083212,0.21969269362148558,OnTrack,-2311.0,-3214.0,868.0,PIA
2024-05-25 14:58:39.336,0 days 01:11:34.653000,16,381.42222426666603,0 days 00:00:12.208000,11798.216750933334,199.23333546666666,4,0.0,True,8,pos,731.4012666734908,0.2213508173721527,OnTrack,-2292.0,-3161.0,868.0,PIA
2024-05-25 14:58:39.463,0 days 01:11:34.780000,16,377.3652777777771,0 days 00:00:12.335000,11631.0,195.0,4,0.0,True,8,car,738.205,0.22340989492865532,OnTrack,-2273.594354463926,-3080.0173917384595,869.2125715794572,PIA
2024-05-25 14:58:39.595,0 days 01:11:34.912000,16,373.8452769760688,0 days 00:00:12.467000,11262.715218611296,189.83273903663806,4,0.4697509966692662,True,8,pos,745.0299645085473,0.22547539787667975,OnTrack,-2263.0,-2994.0,871.0,PIA
2024-05-25 14:58:39.744,0 days 01:11:35.061000,16,369.8719444444439,0 days 00:00:12.616000,10847.0,184.0,4,1.0,False,8,car,752.5672222222222,0.2277564687903992,OnTrack,-2261.0967686659797,-2911.49171695256,872.2071247935185,PIA
2024-05-25 14:58:39.944,0 days 01:11:35.261000,16,364.87194444444367,0 days 00:00:12.816000,10871.0,181.0,4,31.0,False,8,car,762.6227777777779,0.23079967577235672,OnTrack,-2271.822505644188,-2823.014667697197,873.1339934491108,PIA
2024-05-25 14:58:40.035,0 days 01:11:35.352000,16,363.1277769512061,0 days 00:00:12.907000,10844.254467611878,179.36917485438283,4,38.501795669838984,False,8,pos,767.1088569299683,0.23215733993344007,OnTrack,-2278.0,-2789.0,874.0,PIA
2024-05-25 14:58:40.223,0 days 01:11:35.540000,16,359.5244444444437,0 days 00:00:13.095000,10789.0,176.0,4,54.0,False,8,car,776.2627777777778,0.23492767675694348,OnTrack,-2292.387980068554,-2730.501955855089,876.8475141035299,PIA
2024-05-25 14:58:40.395,0 days 01:11:35.712000,16,357.5655555555548,0 days 00:00:13.267000,10829.023076923077,176.33076923076922,4,55.323076923076925,False,8,pos,784.6836354061929,0.23747615979075304,OnTrack,-2311.0,-2676.0,880.0,PIA
2024-05-25 14:58:40.635,0 days 01:11:35.952000,16,354.8322222222215,0 days 00:00:13.507000,10884.86923076923,176.7923076923077,4,57.16923076923077,False,8,pos,796.5044943234554,0.24105361706708156,OnTrack,-2359.0,-2568.0,884.0,PIA
2024-05-25 14:58:40.743,0 days 01:11:36.060000,16,353.6022222222215,0 days 00:00:13.615000,10910.0,177.0,4,58.0,False,8,car,801.8294444444444,0.24266515660830718,OnTrack,-2403.4632682804795,-2492.1157524048936,885.2200048522067,PIA
2024-05-25 14:58:40.855,0 days 01:11:36.172000,16,352.8555555555548,0 days 00:00:13.727000,10937.3,177.35,4,58.35,False,8,pos,807.3533352105503,0.24433690342071443,OnTrack,-2452.0,-2415.0,886.0,PIA
2024-05-25 14:58:41.063,0 days 01:11:36.380000,16,351.46888888888816,0 days 00:00:13.935000,10988.0,178.0,4,59.0,False,8,car,817.6516666666666,0.2474535839478734,OnTrack,-2506.811697393181,-2337.5589763189373,886.0429024480301,PIA
2024-05-25 14:58:41.303,0 days 01:11:36.620000,16,349.4022222222213,0 days 00:00:14.175000,10408.0,180.0,4,47.0,False,8,car,829.6516666666666,0.25108525636833096,OnTrack,-2549.5926024590817,-2292.5880186303234,885.062913246766,PIA
2024-05-25 14:58:41.356,0 days 01:11:36.673000,16,348.8575006577769,0 days 00:00:14.228000,10404.3562544,179.3375008,4,31.7625184,False,8,pos,832.2951090232498,0.2518852660934537,OnTrack,-2565.0,-2274.0,885.0,PIA
2024-05-25 14:58:41.396,0 days 01:11:36.713000,16,348.4463895466657,0 days 00:00:14.268000,10401.6062544,178.8375008,4,20.2625184,False,8,pos,834.2853927840429,0.25248760431370004,OnTrack,-2578.0,-2258.0,885.0,PIA
2024-05-25 14:58:41.463,0 days 01:11:36.780000,16,347.7577777777768,0 days 00:00:14.335000,10397.0,178.0,4,1.0,True,8,car,837.5627777777778,0.2534794700381141,OnTrack,-2600.3326365413645,-2231.0398606808394,885.2013381423728,PIA
2024-05-25 14:58:41.595,0 days 01:11:36.912000,16,345.5577777777769,0 days 00:00:14.467000,10135.64,173.38,4,1.0,True,8,pos,843.7757373015545,0.2553597561841074,OnTrack,-2643.0,-2179.0,886.0,PIA
2024-05-25 14:58:41.863,0 days 01:11:37.180000,16,341.0911111111103,0 days 00:00:14.735000,9605.0,164.0,4,1.0,False,8,car,855.785,0.25899423186177184,OnTrack,-2708.029762235701,-2077.4967981679843,887.5127113923,PIA
2024-05-25 14:58:41.896,0 days 01:11:37.213000,16,340.4494456888881,0 days 00:00:14.768000,9573.8563104,163.3812512,4,1.0,False,8,pos,857.2629587696671,0.25944152037030294,OnTrack,-2714.0,-2065.0,888.0,PIA
2024-05-25 14:58:42.023,0 days 01:11:37.340000,16,337.9799999999992,0 days 00:00:14.895000,9454.0,161.0,4,1.0,False,8,car,862.9405555555555,0.2611597846754521,OnTrack,-2732.822708492241,-2016.5376156886025,890.7953937362914,PIA
2024-05-25 14:58:42.135,0 days 01:11:37.452000,16,335.4911111111103,0 days 00:00:15.007000,9422.4,159.4,4,11.0,False,8,pos,867.8825565342203,0.2626554287301264,OnTrack,-2744.0,-1974.0,893.0,PIA
2024-05-25 14:58:42.303,0 days 01:11:37.620000,16,331.75777777777694,0 days 00:00:15.175000,9375.0,157.0,4,26.0,False,8,car,875.1516666666666,0.26485534762923246,OnTrack,-2749.7324529755774,-1907.491205252606,893.8782599108063,PIA
2024-05-25 14:58:42.335,0 days 01:11:37.652000,16,331.0466666666658,0 days 00:00:15.207000,9393.56,156.2,4,30.64,False,8,pos,876.5132249700491,0.2652674087741691,OnTrack,-2748.0,-1891.0,894.0,PIA
2024-05-25 14:58:42.503,0 days 01:11:37.820000,16,327.3133333333325,0 days 00:00:15.375000,9491.0,152.0,4,55.0,False,8,car,883.5961111111111,0.26741096896214706,OnTrack,-2722.166455092499,-1779.2605575705115,894.9960616338046,PIA
2024-05-25 14:58:42.575,0 days 01:11:37.892000,16,325.5533333333325,0 days 00:00:15.447000,9560.12,152.72,4,59.68,False,8,pos,886.6553202665268,0.2683368060886583,OnTrack,-2709.0,-1735.0,895.0,PIA
2024-05-25 14:58:42.703,0 days 01:11:38.020000,16,322.4244444444437,0 days 00:00:15.575000,9683.0,154.0,4,68.0,False,8,car,892.1516666666666,0.27000021689154735,OnTrack,-2688.4901562808723,-1676.9530217716374,893.8216292471916,PIA
2024-05-25 14:58:42.903,0 days 01:11:38.220000,16,317.03555555555477,0 days 00:00:15.775000,10347.0,158.0,4,78.0,False,8,car,900.9294444444445,0.2726567180139191,OnTrack,-2660.019666284431,-1627.3852245961496,889.1848455078244,PIA
2024-05-25 14:58:43.036,0 days 01:11:38.353000,16,313.0086130488881,0 days 00:00:15.908000,10595.04488064,162.65499776,4,87.9749952,False,8,pos,906.9567990937647,0.2744808328179402,OnTrack,-2631.0,-1584.0,885.0,PIA
2024-05-25 14:58:43.103,0 days 01:11:38.420000,16,310.9799999999992,0 days 00:00:15.975000,10720.0,165.0,4,93.0,False,8,car,910.0961111111111,0.2754309122239908,OnTrack,-2612.4735610173902,-1556.3767882592954,882.6124062483353,PIA
2024-05-25 14:58:43.236,0 days 01:11:38.553000,16,306.36194666666586,0 days 00:00:16.108000,10701.7125088,172.2041632,4,96.8791648,False,8,pos,916.5832738657987,0.27739418306259234,OnTrack,-2575.0,-1502.0,877.0,PIA
2024-05-25 14:58:43.276,0 days 01:11:38.593000,16,304.973057777777,0 days 00:00:16.148000,10696.2125088,174.37082986666667,4,98.04583146666667,False,8,pos,918.5850208798415,0.2779999905145617,OnTrack,-2566.0,-1490.0,875.0,PIA
2024-05-25 14:58:43.343,0 days 01:11:38.660000,16,302.64666666666585,0 days 00:00:16.215000,10687.0,178.0,4,100.0,False,8,car,921.9627777777778,0.2790222327286655,OnTrack,-2547.952862812288,-1466.9543548427223,871.9547289893992,PIA
2024-05-25 14:58:43.543,0 days 01:11:38.860000,16,295.2022222222214,0 days 00:00:16.415000,11504.0,185.0,4,100.0,False,8,car,932.2405555555555,0.2821326929035944,OnTrack,-2476.359258793537,-1380.3285089947065,865.0366870807927,PIA
2024-05-25 14:58:43.576,0 days 01:11:38.893000,16,293.89139143111026,0 days 00:00:16.448000,11388.9127232,185.96249813333333,4,100.0,False,8,pos,933.9690516349158,0.28265580386528455,OnTrack,-2465.0,-1367.0,864.0,PIA
2024-05-25 14:58:43.735,0 days 01:11:39.052000,16,287.5755555555547,0 days 00:00:16.607000,10834.4,190.6,4,100.0,False,8,pos,942.4361800197942,0.2852182902516042,OnTrack,-2412.0,-1307.0,859.0,PIA
2024-05-25 14:58:43.783,0 days 01:11:39.100000,16,285.668888888888,0 days 00:00:16.655000,10667.0,192.0,4,100.0,False,8,car,945.0405555555556,0.28600647681874913,OnTrack,-2393.700223421279,-1287.34005858207,857.2846906728407,PIA
2024-05-25 14:58:43.896,0 days 01:11:39.213000,16,280.866391608888,0 days 00:00:16.768000,10667.7062496,196.9437472,4,100.0,False,8,pos,951.2617932044514,0.2878892682512997,OnTrack,-2348.0,-1239.0,853.0,PIA
2024-05-25 14:58:43.943,0 days 01:11:39.260000,16,278.868888888888,0 days 00:00:16.815000,10668.0,199.0,5,100.0,False,8,car,953.885,0.2886831538990123,OnTrack,-2330.1282176455056,-1219.73046571866,851.2857034754097,PIA
2024-05-25 14:58:44.183,0 days 01:11:39.500000,16,268.46888888888805,0 days 00:00:17.055000,10994.0,206.0,5,99.0,False,8,car,967.6183333333332,0.292839401224647,OnTrack,-2244.9408015770464,-1121.2399507515204,841.712299593084,PIA
2024-05-25 14:58:44.196,0 days 01:11:39.513000,16,267.883891768888,0 days 00:00:17.068000,11013.20740544,206.38999808,5,99.0,False,8,pos,968.3810471352317,0.29307022844790176,OnTrack,-2240.0,-1115.0,841.0,PIA
2024-05-25 14:58:44.295,0 days 01:11:39.612000,16,263.428888888888,0 days 00:00:17.167000,11159.48,209.36,5,99.0,False,8,pos,974.2567794770159,0.29484845637253915,OnTrack,-2201.0,-1064.0,835.0,PIA
2024-05-25 14:58:44.583,0 days 01:11:39.900000,16,250.46888888888805,0 days 00:00:17.455000,11585.0,218.0,5,99.0,False,8,car,991.8405555555554,0.30016999925853355,OnTrack,-2087.156584924372,-900.5513369905982,819.4991709426722,PIA
2024-05-25 14:58:44.696,0 days 01:11:40.013000,16,245.3211140266657,0 days 00:00:17.568000,11725.68492032,221.38999808,5,99.0,False,8,pos,998.8193773398903,0.3022820654753216,OnTrack,-2046.0,-840.0,814.0,PIA
2024-05-25 14:58:44.783,0 days 01:11:40.100000,16,241.35777777777673,0 days 00:00:17.655000,11834.0,224.0,5,99.0,False,8,car,1004.285,0.303936178064934,OnTrack,-2016.3981617808072,-796.8373798863046,809.8757156072023,PIA
2024-05-25 14:58:45.023,0 days 01:11:40.340000,16,230.35777777777696,0 days 00:00:17.895000,11678.0,231.0,5,60.0,False,8,car,1019.6849999999998,0.30859682433785446,OnTrack,-1939.958788387899,-688.371590000338,799.1553410462365,PIA
2024-05-25 14:58:45.076,0 days 01:11:40.393000,16,228.35555797333245,0 days 00:00:17.948000,11541.5251648,226.14167253333332,5,46.750016,False,8,pos,1022.9267725420835,0.30957791233239457,OnTrack,-1922.0,-664.0,797.0,PIA
2024-05-25 14:58:45.256,0 days 01:11:40.573000,16,221.55555797333224,0 days 00:00:18.128000,11078.0251648,209.64167253333332,5,1.7500160000000027,False,8,pos,1033.2424628470717,0.3126998463306119,OnTrack,-1858.0,-580.0,790.0,PIA
2024-05-25 14:58:45.263,0 days 01:11:40.580000,16,221.29111111111,0 days 00:00:18.135000,11060.0,209.0,5,0.0,True,8,car,1033.6183333333333,0.31281359953716353,OnTrack,-1855.5375642056172,-576.8398828744236,789.7096215832065,PIA
2024-05-25 14:58:45.423,0 days 01:11:40.740000,16,216.80222222222096,0 days 00:00:18.295000,10517.0,183.0,5,0.0,True,8,car,1041.7516666666668,0.31527506639991815,OnTrack,-1801.1619578286861,-508.37366744109136,782.6483180723968,PIA
2024-05-25 14:58:45.496,0 days 01:11:40.813000,16,215.11916814222099,0 days 00:00:18.368000,10134.6628352,177.0687552,5,0.0,True,8,pos,1045.290083661997,0.3163459306844197,OnTrack,-1779.0,-481.0,780.0,PIA
2024-05-25 14:58:45.583,0 days 01:11:40.900000,16,213.1133333333321,0 days 00:00:18.455000,9679.0,170.0,5,0.0,True,8,car,1049.3072222222222,0.31756167496094695,OnTrack,-1755.4363419627794,-452.23628769939774,777.7200936776959,PIA
2024-05-25 14:58:45.656,0 days 01:11:40.973000,16,212.28194517333208,0 days 00:00:18.528000,9435.9710464,161.7875072,5,0.0,True,8,pos,1052.4247894793568,0.3185051735465017,OnTrack,-1736.0,-429.0,776.0,PIA
2024-05-25 14:58:45.823,0 days 01:11:41.140000,16,210.37999999999874,0 days 00:00:18.695000,8880.0,143.0,4,0.0,True,8,car,1058.8405555555555,0.32044683693942155,OnTrack,-1686.8926454179832,-372.32697326164447,771.1660368894909,PIA
2024-05-25 14:58:45.936,0 days 01:11:41.253000,16,209.75222257777654,0 days 00:00:18.808000,9371.5497216,133.39500544,4,0.0,True,8,pos,1062.8201858792263,0.32165122974692917,OnTrack,-1656.0,-338.0,768.0,PIA
2024-05-25 14:58:46.023,0 days 01:11:41.340000,16,209.26888888888766,0 days 00:00:18.895000,9750.0,126.0,4,0.0,True,8,car,1065.8405555555555,0.3225653125180218,OnTrack,-1635.9584669991323,-316.5666547375099,765.95377797744,PIA
2024-05-25 14:58:46.183,0 days 01:11:41.500000,16,208.1133333333321,0 days 00:00:19.055000,10027.0,126.0,3,0.0,True,8,car,1071.4405555555554,0.3242600929809019,OnTrack,-1605.0767756454952,-285.1430229726528,762.6977536837272,PIA
2024-05-25 14:58:46.215,0 days 01:11:41.532000,16,207.98888886682545,0 days 00:00:19.087000,9940.927962580026,124.22714650010353,3,0.0,True,8,pos,1072.4937280204474,0.32457882443046293,OnTrack,-1599.0,-279.0,762.0,PIA
2024-05-25 14:58:46.495,0 days 01:11:41.812000,16,206.89999978489243,0 days 00:00:19.367000,9187.797635155259,108.71467837600946,3,0.0,True,8,pos,1080.6833631813997,0.32705733044276636,OnTrack,-1536.0,-226.0,755.0,PIA
2024-05-25 14:58:46.544,0 days 01:11:41.861000,16,206.70944444444308,0 days 00:00:19.416000,9056.0,106.0,2,0.0,True,8,car,1082.07,0.3274769813337082,OnTrack,-1518.7488191046061,-217.3313052107263,753.6219954577384,PIA
2024-05-25 14:58:46.675,0 days 01:11:41.992000,16,206.0908330311098,0 days 00:00:19.547000,8575.3935152,102.7249984,2,0.0,True,8,pos,1085.7881677456332,0.3286022452717458,OnTrack,-1470.0,-198.0,750.0,PIA
2024-05-25 14:58:46.704,0 days 01:11:42.021000,16,205.9538888888876,0 days 00:00:19.576000,8469.0,102.0,2,0.0,True,8,car,1086.6033333333332,0.3288489464703255,OnTrack,-1461.6352771021864,-195.36795930085623,749.3025619490164,PIA
2024-05-25 14:58:46.863,0 days 01:11:42.180000,16,205.2913888888877,0 days 00:00:19.735000,8237.0,99.0,2,0.0,True,8,car,1090.9758333333332,0.33017223710852966,OnTrack,-1433.7502068357016,-192.26462173957836,746.2281719922887,PIA
2024-05-25 14:58:47.015,0 days 01:11:42.332000,16,204.9536111111099,0 days 00:00:19.887000,8030.763636363637,96.23636363636363,2,0.0,True,8,pos,1094.9448163777827,0.33137340763017886,OnTrack,-1410.0,-200.0,744.0,PIA
2024-05-25 14:58:47.255,0 days 01:11:42.572000,16,204.4202777777765,0 days 00:00:20.127000,7705.127272727273,91.87272727272727,2,0.0,True,8,pos,1100.9092045537134,0.3331784663004648,OnTrack,-1351.0,-223.0,740.0,PIA
2024-05-25 14:58:47.303,0 days 01:11:42.620000,16,204.31361111110982,0 days 00:00:20.175000,7640.0,91.0,2,0.0,False,8,car,1102.0980555555554,0.33353825941675,OnTrack,-1340.6372390199801,-228.76533594659273,738.3628647063609,PIA
2024-05-25 14:58:47.415,0 days 01:11:42.732000,16,204.12694444444315,0 days 00:00:20.287000,7473.4,89.6,2,0.0,False,8,pos,1104.8711890645795,0.3343775187903309,OnTrack,-1319.0,-244.0,734.0,PIA
2024-05-25 14:58:47.463,0 days 01:11:42.780000,16,204.04694444444317,0 days 00:00:20.335000,7402.0,89.0,2,0.0,False,8,car,1106.053611111111,0.3347353662516416,OnTrack,-1309.92791596861,-251.60855214567297,732.5064718674067,PIA
2024-05-25 14:58:47.663,0 days 01:11:42.980000,16,203.88027777777666,0 days 00:00:20.535000,7449.0,87.0,2,0.0,False,8,car,1110.8869444444442,0.3361981231987703,OnTrack,-1273.3466579922313,-290.58068400540037,728.7874565673025,PIA
2024-05-25 14:58:47.775,0 days 01:11:43.092000,16,204.09805555555445,0 days 00:00:20.647000,7584.1,84.2,2,16.1,False,8,pos,1113.465086886583,0.33697837059903085,OnTrack,-1256.0,-318.0,727.0,PIA
2024-05-25 14:58:47.823,0 days 01:11:43.140000,16,204.1913888888878,0 days 00:00:20.695000,7642.0,83.0,2,23.0,False,8,car,1114.575833333333,0.3373145262020961,OnTrack,-1249.4785402685368,-331.0270651874647,726.1551734205226,PIA
2024-05-25 14:58:48.183,0 days 01:11:43.500000,16,205.89138888888783,0 days 00:00:21.055000,8357.0,88.0,2,39.0,False,8,car,1123.375833333333,0.339977752643765,OnTrack,-1216.734933602622,-435.220647650255,719.2107877868458,PIA
2024-05-25 14:58:48.196,0 days 01:11:43.513000,16,205.97444403555448,0 days 00:00:21.068000,8358.0291616,88.270832,2,39.1624992,False,8,pos,1123.7038705254135,0.3400770296123786,OnTrack,-1216.0,-438.0,719.0,PIA
2024-05-25 14:58:48.423,0 days 01:11:43.740000,16,207.42472222222113,0 days 00:00:21.295000,8376.0,93.0,2,42.0,False,8,car,1129.575833333333,0.3418541167276681,OnTrack,-1207.4786111541255,-471.85343914212416,715.9532731184129,PIA
2024-05-25 14:58:48.555,0 days 01:11:43.872000,16,208.37805555555448,0 days 00:00:21.427000,8953.5,97.125,2,56.4375,False,8,pos,1133.2232365634839,0.342957964537437,OnTrack,-1202.0,-494.0,714.0,PIA
2024-05-25 14:58:48.736,0 days 01:11:44.053000,16,209.6852773155545,0 days 00:00:21.608000,9745.37472,102.781248,2,76.234368,False,8,pos,1138.5200934277188,0.3445610019531831,OnTrack,-1189.0,-543.0,710.0,PIA
2024-05-25 14:58:48.743,0 days 01:11:44.060000,16,209.73583333333227,0 days 00:00:21.615000,9776.0,103.0,2,77.0,False,8,car,1138.7313888888887,0.34462494827809126,OnTrack,-1188.2438173946075,-545.6152774794368,709.7662680704544,PIA
2024-05-25 14:58:48.956,0 days 01:11:44.273000,16,210.20916652444336,0 days 00:00:21.828000,11266.999552,110.9874976,2,77.88749973333333,False,8,pos,1145.3492290258837,0.34662776723713473,OnTrack,-1160.0,-638.0,701.0,PIA
2024-05-25 14:58:48.983,0 days 01:11:44.300000,16,210.26916666666557,0 days 00:00:21.855000,11456.0,112.0,2,78.0,False,8,car,1146.1980555555554,0.3468846555619315,OnTrack,-1157.2823916658413,-646.6617106300669,700.1847189275322,PIA
2024-05-25 14:58:49.183,0 days 01:11:44.500000,16,209.9358333333323,0 days 00:00:22.055000,11505.0,116.0,2,88.0,False,8,car,1152.6424999999997,0.3488349981581031,OnTrack,-1145.0109638465824,-683.7100681311567,697.0520560995564,PIA
2024-05-25 14:58:49.256,0 days 01:11:44.573000,16,209.28694501333229,0 days 00:00:22.128000,11086.71036672,122.20499456,2,92.01499648,False,8,pos,1155.2381114253967,0.349620532360423,OnTrack,-1139.0,-700.0,696.0,PIA
2024-05-25 14:58:49.383,0 days 01:11:44.700000,16,208.15805555555448,0 days 00:00:22.255000,10359.0,133.0,3,99.0,False,8,car,1160.0313888888886,0.35107116682440337,OnTrack,-1123.3532990076146,-740.8342002789016,693.5144778334778,PIA
2024-05-25 14:58:49.435,0 days 01:11:44.752000,16,207.50805555555448,0 days 00:00:22.307000,10414.12,135.6,3,99.0,False,8,pos,1162.0418036510728,0.35167959747819544,OnTrack,-1114.0,-763.0,692.0,PIA
2024-05-25 14:58:49.583,0 days 01:11:44.900000,16,205.65805555555448,0 days 00:00:22.455000,10571.0,143.0,3,99.0,False,8,car,1167.975833333333,0.35347546847313216,OnTrack,-1076.030812155364,-845.0484919579965,685.6241582740673,PIA
2024-05-25 14:58:49.735,0 days 01:11:45.052000,16,203.08249999999893,0 days 00:00:22.607000,10338.25,148.7,3,53.875,False,8,pos,1174.5906581722725,0.3554773748842766,OnTrack,-1036.0,-926.0,679.0,PIA
2024-05-25 14:58:49.903,0 days 01:11:45.220000,16,200.23583333333227,0 days 00:00:22.775000,10081.0,155.0,3,4.0,True,8,car,1181.7536111111108,0.3576451664373612,OnTrack,-1010.4386497664938,-972.2037656674743,675.3476123742865,PIA
2024-05-25 14:58:50.116,0 days 01:11:45.433000,16,198.10583397333218,0 days 00:00:22.988000,10249.624949333333,130.15000746666666,3,0.4500010666666666,True,8,pos,1189.3566056212796,0.3599461318936504,OnTrack,-986.0,-1005.0,673.0,PIA
2024-05-25 14:58:50.143,0 days 01:11:45.460000,16,197.83583333333218,0 days 00:00:23.015000,10271.0,127.0,3,0.0,True,8,car,1190.2202777777775,0.36020751308957294,OnTrack,-981.5765125681629,-1010.9318380534676,672.5690318347567,PIA
2024-05-25 14:58:50.275,0 days 01:11:45.592000,16,197.4324999999988,0 days 00:00:23.147000,10007.0,114.74285714285715,3,0.0,True,8,pos,1194.145588243104,0.3613954665694612,OnTrack,-957.0,-1043.0,670.0,PIA
2024-05-25 14:58:50.423,0 days 01:11:45.740000,16,196.98027777777656,0 days 00:00:23.295000,9711.0,101.0,3,0.0,True,8,car,1198.075833333333,0.3625849134611132,OnTrack,-929.5706879586166,-1073.1265124946194,666.1641349434204,PIA
2024-05-25 14:58:50.555,0 days 01:11:45.872000,16,197.53027777777655,0 days 00:00:23.427000,9468.3,94.7,3,0.0,True,8,pos,1201.2758843582128,0.36355337488203926,OnTrack,-900.0,-1096.0,663.0,PIA
2024-05-25 14:58:50.795,0 days 01:11:46.112000,16,198.5302777777765,0 days 00:00:23.667000,9027.027272727273,83.24545454545455,3,0.0,True,8,pos,1206.4668738466064,0.36512437266202963,OnTrack,-831.0,-1130.0,660.0,PIA
2024-05-25 14:58:50.863,0 days 01:11:46.180000,16,198.81361111110982,0 days 00:00:23.735000,8902.0,80.0,1,0.0,True,8,car,1207.853611111111,0.36554405395185646,OnTrack,-817.0834171080928,-1134.7581037255195,659.5238844238407,PIA
2024-05-25 14:58:51.183,0 days 01:11:46.500000,16,202.4580555555542,0 days 00:00:24.055000,7834.0,69.0,1,0.0,True,8,car,1213.9869444444444,0.3674002420778681,OnTrack,-782.6042647835329,-1130.5626668798016,658.0924591783332,PIA
2024-05-25 14:58:51.196,0 days 01:11:46.513000,16,202.63499912888756,0 days 00:00:24.068000,7782.78025216,68.74000128,1,0.0,True,8,pos,1214.2265583512876,0.36747275867928814,OnTrack,-781.0,-1130.0,658.0,PIA
2024-05-25 14:58:51.383,0 days 01:11:46.700000,16,205.1802777777766,0 days 00:00:24.255000,7046.0,65.0,1,0.0,True,8,car,1217.5980555555554,0.3684931064636539,OnTrack,-754.3708981665906,-1117.0919298641043,656.30643088067,PIA
2024-05-25 14:58:51.416,0 days 01:11:46.733000,16,205.83110984888776,0 days 00:00:24.288000,6998.7000917333335,64.45000106666667,1,0.0,True,8,pos,1218.1751256832952,0.36866775060261914,OnTrack,-750.0,-1112.0,656.0,PIA
2024-05-25 14:58:51.623,0 days 01:11:46.940000,16,209.91361111111019,0 days 00:00:24.495000,6702.0,61.0,1,0.0,False,8,car,1221.664722222222,0.3697238398950312,OnTrack,-729.6450145969321,-1063.295648887703,654.1259279938928,PIA
2024-05-25 14:58:51.635,0 days 01:11:46.952000,16,210.20361111111018,0 days 00:00:24.507000,6666.42,60.76,1,0.0,False,8,pos,1221.8601102373188,0.3697829720005074,OnTrack,-729.0,-1061.0,654.0,PIA
2024-05-25 14:58:51.823,0 days 01:11:47.140000,16,214.74694444444322,0 days 00:00:24.695000,6109.0,57.0,1,0.0,False,8,car,1224.8313888888888,0.37068219789487417,OnTrack,-727.3682606641928,-1041.467566808172,651.6487813436014,PIA
2024-05-25 14:58:51.935,0 days 01:11:47.252000,16,217.88916666666546,0 days 00:00:24.807000,5876.6,55.8,1,0.0,False,8,pos,1226.539533299818,0.37119914964048495,OnTrack,-730.0,-1032.0,650.0,PIA
2024-05-25 14:58:52.103,0 days 01:11:47.420000,16,222.60249999999883,0 days 00:00:24.975000,5528.0,54.0,1,0.0,False,8,car,1229.0313888888888,0.37195328324203436,OnTrack,-735.0544501404676,-1008.4264682238197,647.2699927564383,PIA
2024-05-25 14:58:52.256,0 days 01:11:47.573000,16,226.97999816888793,0 days 00:00:25.128000,5231.562624,52.0875008,1,0.9562495999999999,False,8,pos,1231.2426080786522,0.37262248522095526,OnTrack,-741.0,-984.0,645.0,PIA
2024-05-25 14:58:52.263,0 days 01:11:47.580000,16,227.18027777777684,0 days 00:00:25.135000,5218.0,52.0,1,1.0,False,8,car,1231.3425,0.37265271644893727,OnTrack,-741.3065383994347,-982.9577062707554,644.9112009489212,PIA
2024-05-25 14:58:52.436,0 days 01:11:47.753000,16,233.187219999999,0 days 00:00:25.308000,5556.070708266667,50.558333866666665,1,5.3249984,False,8,pos,1233.7713833706293,0.3733877921780725,OnTrack,-750.0,-959.0,643.0,PIA
2024-05-25 14:58:52.503,0 days 01:11:47.820000,16,235.5136111111101,0 days 00:00:25.375000,5687.0,50.0,1,7.0,False,8,car,1234.6758333333332,0.3736615143435088,OnTrack,-754.1239580839338,-950.3201878418175,642.252021726686,PIA
2024-05-25 14:58:52.636,0 days 01:11:47.953000,16,240.7227752711102,0 days 00:00:25.508000,5563.9750592,48.00500096,1,12.98499712,False,8,pos,1236.402301042244,0.3741840114404473,OnTrack,-763.0,-934.0,641.0,PIA
2024-05-25 14:58:52.703,0 days 01:11:48.020000,16,243.34694444444358,0 days 00:00:25.575000,5502.0,47.0,1,16.0,False,8,car,1237.2869444444443,0.3744517393609232,OnTrack,-767.3118486367781,-926.2980149521948,640.7360990576061,PIA
2024-05-25 14:58:52.895,0 days 01:11:48.212000,16,251.18694583436059,0 days 00:00:25.767000,6302.975211253223,49.6592802498447,1,22.382272599627274,False,8,pos,1239.9957924405933,0.37527154340749197,OnTrack,-780.0,-905.0,640.0,PIA
2024-05-25 14:58:53.055,0 days 01:11:48.372000,16,257.7202803259581,0 days 00:00:25.927000,6970.454553964242,51.87534712471528,1,27.70083309931667,False,8,pos,1242.367028007169,0.37598917264162035,OnTrack,-793.0,-886.0,637.0,PIA
2024-05-25 14:58:53.064,0 days 01:11:48.381000,16,258.08777777777664,0 days 00:00:25.936000,7008.0,52.0,1,28.0,False,8,car,1242.5013888888889,0.37602983553399794,OnTrack,-793.7876914263071,-884.9299728392618,636.8285036458296,PIA
2024-05-25 14:58:53.304,0 days 01:11:48.621000,16,268.3544444444433,0 days 00:00:26.176000,7623.0,55.0,1,28.0,False,8,car,1246.1680555555556,0.37713951321802663,OnTrack,-816.7571131490092,-856.4677833174219,633.1393479588274,PIA
2024-05-25 14:58:53.316,0 days 01:11:48.633000,16,268.8744443401173,0 days 00:00:26.188000,7651.514100862375,55.26332283118288,1,28.52664566236576,False,8,pos,1246.3605668257067,0.37719777470722954,OnTrack,-818.0,-855.0,633.0,PIA
2024-05-25 14:58:53.495,0 days 01:11:48.812000,16,276.6311122239207,0 days 00:00:26.367000,8076.849590801336,59.191223134049274,1,36.382446268098555,False,8,pos,1249.3617328630316,0.37810604570114353,OnTrack,-837.0,-833.0,631.0,PIA
2024-05-25 14:58:53.623,0 days 01:11:48.940000,16,282.1777777777768,0 days 00:00:26.495000,8381.0,62.0,1,42.0,False,8,car,1251.6619444444445,0.378802180281263,OnTrack,-850.067178597023,-818.4152372142387,628.3607018813843,PIA
2024-05-25 14:58:53.675,0 days 01:11:48.992000,16,284.40222222222116,0 days 00:00:26.547000,8579.12,64.08,1,44.34,False,8,pos,1252.6339763369801,0.37909635539925685,OnTrack,-858.0,-810.0,627.0,PIA
2024-05-25 14:58:53.823,0 days 01:11:49.140000,16,290.733333333332,0 days 00:00:26.695000,9143.0,70.0,1,51.0,False,8,car,1255.5508333333335,0.37997911115826316,OnTrack,-893.6567425049033,-773.3506805144592,622.3853713198299,PIA
2024-05-25 14:58:53.935,0 days 01:11:49.252000,16,295.3688888888875,0 days 00:00:26.807000,9679.977777777778,74.35555555555555,1,53.48888888888889,False,8,pos,1257.961281992809,0.38070860781805876,OnTrack,-914.0,-753.0,620.0,PIA
2024-05-25 14:58:54.183,0 days 01:11:49.500000,16,305.63333333333185,0 days 00:00:27.055000,10869.0,84.0,1,59.0,False,8,car,1263.9508333333335,0.38252128185258344,OnTrack,-904.5027463889048,-764.6458363885712,621.1001708020823,PIA
2024-05-25 14:58:54.235,0 days 01:11:49.552000,16,307.64111111110964,0 days 00:00:27.107000,10747.666666666666,87.25,1,59.65,False,8,pos,1265.3241457095803,0.38293690024270755,OnTrack,-906.0,-763.0,621.0,PIA
2024-05-25 14:58:54.423,0 days 01:11:49.740000,16,314.8999999999985,0 days 00:00:27.295000,10309.0,99.0,1,62.0,False,8,car,1270.5508333333337,0.3845187016838351,OnTrack,-938.1511749572685,-727.4211686496845,617.7512770031035,PIA
2024-05-25 14:58:54.495,0 days 01:11:49.812000,16,317.6799999999986,0 days 00:00:27.367000,9911.5,100.2,1,45.5,False,8,pos,1272.6007906897983,0.38513909948338404,OnTrack,-953.0,-711.0,616.0,PIA
2024-05-25 14:58:54.663,0 days 01:11:49.980000,16,324.1666666666654,0 days 00:00:27.535000,8984.0,103.0,2,7.0,False,8,car,1277.4175000000002,0.38659682534665246,OnTrack,-983.0515945924437,-674.9987855127569,611.7844124958262,PIA
2024-05-25 14:58:54.696,0 days 01:11:50.013000,16,325.50499740444315,0 days 00:00:27.568000,8936.837591466667,102.72500053333333,2,6.037501866666667,False,8,pos,1278.3560469721804,0.3868808666095,OnTrack,-989.0,-665.0,611.0,PIA
2024-05-25 14:58:54.895,0 days 01:11:50.212000,16,333.5755555555543,0 days 00:00:27.767000,8652.433333333332,101.06666666666666,2,0.2333333333333334,False,8,pos,1283.9312390404307,0.3885681392155849,OnTrack,-1024.0,-585.0,607.0,PIA
2024-05-25 14:58:54.903,0 days 01:11:50.220000,16,333.8999999999987,0 days 00:00:27.775000,8641.0,101.0,2,0.0,False,8,car,1284.1508333333336,0.38863459709368703,OnTrack,-1025.0087164627541,-582.2065693713325,606.8833164582547,PIA
2024-05-25 14:58:55.183,0 days 01:11:50.500000,16,346.0333333333317,0 days 00:00:28.055000,8010.0,96.0,2,0.0,False,8,car,1291.6175000000003,0.39089430437752726,OnTrack,-1033.7221873176,-527.5278642510536,605.1680208653528,PIA
2024-05-25 14:58:55.343,0 days 01:11:50.660000,16,353.1888888888875,0 days 00:00:28.215000,7844.0,93.0,2,0.0,False,8,car,1295.7508333333337,0.392145213766796,OnTrack,-1026.6646579023986,-505.59351411035277,603.5663868495368,PIA
2024-05-25 14:58:55.375,0 days 01:11:50.692000,16,354.6555555555541,0 days 00:00:28.247000,7797.6,92.6,2,0.0,False,8,pos,1296.568152834633,0.39239256682442697,OnTrack,-1025.0,-500.0,603.0,PIA
2024-05-25 14:58:55.503,0 days 01:11:50.820000,16,360.52222222222053,0 days 00:00:28.375000,7612.0,91.0,2,0.0,False,8,car,1299.7952777777782,0.39336922187887613,OnTrack,-1017.4975283258772,-473.60379661788073,599.9142524472742,PIA
2024-05-25 14:58:55.635,0 days 01:11:50.952000,16,366.86555555555395,0 days 00:00:28.507000,7279.8,88.8,2,4.4,False,8,pos,1303.0133096774396,0.39434312502038893,OnTrack,-1002.0,-441.0,596.0,PIA
2024-05-25 14:58:55.743,0 days 01:11:51.060000,16,372.05555555555406,0 days 00:00:28.615000,7008.0,87.0,2,8.0,False,8,car,1305.5952777777782,0.39512453021543065,OnTrack,-978.5196434705805,-411.3154459476227,592.7445055748985,PIA
2024-05-25 14:58:55.915,0 days 01:11:51.232000,16,380.5122222222209,0 days 00:00:28.787000,7755.585714285714,86.38571428571429,2,24.585714285714285,False,8,pos,1309.6722504857137,0.396358382660628,OnTrack,-934.0,-367.0,588.0,PIA
2024-05-25 14:58:56.023,0 days 01:11:51.340000,16,385.82222222222094,0 days 00:00:28.895000,8225.0,86.0,2,35.0,False,8,car,1312.284166666667,0.39714885132387084,OnTrack,-912.9913282232699,-348.5747140865801,585.772114109221,PIA
2024-05-25 14:58:56.343,0 days 01:11:51.660000,16,401.28888888888764,0 days 00:00:29.215000,8793.0,91.0,2,50.0,False,8,car,1320.373055555556,0.39959686754803114,OnTrack,-868.8306342717076,-323.0113217953853,581.0490356200598,PIA
2024-05-25 14:58:56.396,0 days 01:11:51.713000,16,403.8652746666653,0 days 00:00:29.268000,8988.7685136,91.3312496,2,51.3249984,False,8,pos,1321.70601019689,0.4000002720987523,OnTrack,-859.0,-318.0,580.0,PIA
2024-05-25 14:58:56.503,0 days 01:11:51.820000,16,409.066666666665,0 days 00:00:29.375000,9384.0,92.0,2,54.0,False,8,car,1324.461944444445,0.4008343262987056,OnTrack,-835.8871982165712,-306.1533588548649,577.5361009920867,PIA
2024-05-25 14:58:56.596,0 days 01:11:51.913000,16,413.2258304711095,0 days 00:00:29.468000,9574.9404936,96.9406216,2,60.9749952,False,8,pos,1327.0800522125846,0.40162666877998376,OnTrack,-814.0,-295.0,575.0,PIA
2024-05-25 14:58:56.755,0 days 01:11:52.072000,16,420.33666666666505,0 days 00:00:29.627000,9901.3875,105.3875,2,72.9,False,8,pos,1331.9809179143695,0.4031098636804453,OnTrack,-773.0,-275.0,570.0,PIA
2024-05-25 14:58:56.823,0 days 01:11:52.140000,16,423.37777777777615,0 days 00:00:29.695000,10041.0,109.0,2,78.0,False,8,car,1334.1508333333338,0.4037665655122602,OnTrack,-749.1493269527491,-264.4132610668428,567.9664571643757,PIA
2024-05-25 14:58:57.016,0 days 01:11:52.333000,16,431.5266639644429,0 days 00:00:29.888000,11027.367530057143,117.27142582857142,2,81.44642742857143,False,8,pos,1340.5126254162915,0.40569189424995705,OnTrack,-671.0,-232.0,563.0,PIA
2024-05-25 14:58:57.103,0 days 01:11:52.420000,16,435.19999999999845,0 days 00:00:29.975000,11472.0,121.0,2,83.0,False,8,car,1343.5619444444449,0.4066147382346005,OnTrack,-642.8480016868816,-221.05559041063827,561.2807067262573,PIA
2024-05-25 14:58:57.343,0 days 01:11:52.660000,16,444.6666666666654,0 days 00:00:30.215000,11100.0,133.0,2,0.0,True,8,car,1352.4286111111114,0.40929814063416076,OnTrack,-583.2685457852564,-201.12662279612917,557.921235291357,PIA
2024-05-25 14:58:57.416,0 days 01:11:52.733000,16,447.8502749866653,0 days 00:00:30.288000,10909.47016704,128.62000384,2,0.0,True,8,pos,1354.9628170002304,0.41006509110376704,OnTrack,-562.0,-195.0,557.0,PIA
2024-05-25 14:58:57.543,0 days 01:11:52.860000,16,453.3888888888873,0 days 00:00:30.415000,10578.0,121.0,2,0.0,True,8,car,1359.1508333333336,0.41133254972154665,OnTrack,-519.8135440238128,-183.65263387700415,555.4139785888375,PIA
2024-05-25 14:58:57.576,0 days 01:11:52.893000,16,454.93805255110954,0 days 00:00:30.448000,10468.4814624,119.968752,2,0.0,True,8,pos,1360.2114503522068,0.4116535341862225,OnTrack,-509.0,-181.0,555.0,PIA
2024-05-25 14:58:57.796,0 days 01:11:53.113000,16,465.26583032888726,0 days 00:00:30.668000,9738.3564624,113.093752,2,0.0,True,8,pos,1367.0175681196702,0.4137133333684294,OnTrack,-438.0,-170.0,552.0,PIA
2024-05-25 14:58:57.863,0 days 01:11:53.180000,16,468.41111111110945,0 days 00:00:30.735000,9516.0,111.0,2,0.0,True,8,car,1369.0175000000004,0.41431859148947847,OnTrack,-409.91768315081566,-170.01832055364574,550.8241197121661,PIA
2024-05-25 14:58:58.016,0 days 01:11:53.333000,16,475.9336079644428,0 days 00:00:30.888000,9203.989416228571,107.1750016,2,0.0,True,8,pos,1373.4716099353338,0.41566658050696487,OnTrack,-344.0,-175.0,548.0,PIA
2024-05-25 14:58:58.143,0 days 01:11:53.460000,16,482.1777777777761,0 days 00:00:31.015000,8945.0,104.0,2,0.0,True,8,car,1377.1063888888893,0.41676660771363877,OnTrack,-310.9149679940629,-181.61951325834397,546.2497394885294,PIA
2024-05-25 14:58:58.383,0 days 01:11:53.700000,16,494.3777777777764,0 days 00:00:31.255000,8551.0,102.0,2,0.0,False,8,car,1383.9063888888893,0.41882455541856467,OnTrack,-284.7601740101083,-205.49141729206397,544.8519788114143,PIA
2024-05-25 14:58:58.436,0 days 01:11:53.753000,16,497.145552213332,0 days 00:00:31.308000,8488.062576,101.11666773333333,2,0.0,False,8,pos,1385.3726900845854,0.4192683158862725,OnTrack,-277.0,-215.0,545.0,PIA
2024-05-25 14:58:58.596,0 days 01:11:53.913000,16,505.50110776888766,0 days 00:00:31.468000,8298.062576,98.45000106666667,2,0.0,False,8,pos,1389.7156047280312,0.42058265283085605,OnTrack,-249.0,-252.0,546.0,PIA
2024-05-25 14:58:58.623,0 days 01:11:53.940000,16,506.9111111111099,0 days 00:00:31.495000,8266.0,98.0,2,0.0,False,8,car,1390.4397222222226,0.4208017992919249,OnTrack,-244.86393170836794,-258.6347106339979,546.0191437141494,PIA
2024-05-25 14:58:58.903,0 days 01:11:54.220000,16,521.7666666666655,0 days 00:00:31.775000,8309.0,95.0,2,20.0,False,8,car,1397.8286111111115,0.4230379679582252,OnTrack,-216.5420972913936,-328.68678371761075,543.9868461082233,PIA
2024-05-25 14:58:58.936,0 days 01:11:54.253000,16,523.5449965511099,0 days 00:00:31.808000,8337.874944,94.7937504,2,21.031248,False,8,pos,1398.688701316448,0.42329826511471075,OnTrack,-214.0,-337.0,544.0,PIA
2024-05-25 14:58:59.063,0 days 01:11:54.380000,16,530.3888888888875,0 days 00:00:31.935000,8449.0,94.0,2,25.0,False,8,car,1402.0063888888892,0.42430232798608813,OnTrack,-205.03849113869194,-369.24915394069353,544.8173838284541,PIA
2024-05-25 14:58:59.096,0 days 01:11:54.413000,16,532.0205526279045,0 days 00:00:31.968000,8563.86373948136,94.52380858395408,2,27.46938332435495,False,8,pos,1402.8827006782092,0.42456753443250433,OnTrack,-203.0,-378.0,545.0,PIA
2024-05-25 14:58:59.315,0 days 01:11:54.632000,16,542.848890697142,0 days 00:00:32.187000,9326.142984437984,98.00000058049895,2,43.857145593780764,False,8,pos,1408.8732082941908,0.4263804978736294,OnTrack,-193.0,-434.0,545.0,PIA
2024-05-25 14:58:59.504,0 days 01:11:54.821000,16,552.1938888888878,0 days 00:00:32.376000,9984.0,101.0,2,58.0,False,8,car,1414.3788888888892,0.42804673357126405,OnTrack,-189.24310735238785,-454.31761710148015,544.986857237133,PIA
2024-05-25 14:58:59.576,0 days 01:11:54.893000,16,554.1938888888878,0 days 00:00:32.448000,10272.327272727272,103.45454545454545,2,60.945454545454545,False,8,pos,1416.573000080018,0.428710757996284,OnTrack,-188.0,-477.0,545.0,PIA
2024-05-25 14:58:59.735,0 days 01:11:55.052000,16,558.6105573333322,0 days 00:00:32.607000,10909.05025629091,108.87500218181819,2,67.45000261818181,False,8,pos,1421.6071878365256,0.4302343013991769,OnTrack,-185.0,-565.0,545.0,PIA
2024-05-25 14:58:59.944,0 days 01:11:55.261000,16,564.4161111111098,0 days 00:00:32.816000,11746.0,116.0,2,76.0,False,8,car,1428.556666666667,0.4323374872828417,OnTrack,-184.79760572769405,-612.5687242772203,544.9973322604176,PIA
2024-05-25 14:59:00.075,0 days 01:11:55.392000,16,566.1263893813153,0 days 00:00:32.947000,11516.03128174921,121.33855953082191,2,85.4451437853003,False,8,pos,1433.0829180403935,0.4337073091396767,OnTrack,-186.0,-636.0,545.0,PIA
2024-05-25 14:59:00.263,0 days 01:11:55.580000,16,568.5808333333323,0 days 00:00:33.135000,11186.0,129.0,3,99.0,False,8,car,1439.9875000000002,0.4357969074628011,OnTrack,-188.71863311316832,-700.5010833899179,545.0016392739566,PIA
2024-05-25 14:59:00.275,0 days 01:11:55.592000,16,568.5208333333323,0 days 00:00:33.147000,11179.1,129.73333333333332,3,99.03333333333333,False,8,pos,1440.453967053076,0.43593807875711,OnTrack,-189.0,-705.0,545.0,PIA
2024-05-25 14:59:00.475,0 days 01:11:55.792000,16,567.5208333333323,0 days 00:00:33.347000,11064.1,141.95555555555555,3,99.58888888888889,False,8,pos,1448.681652119539,0.43842810016878364,OnTrack,-196.0,-782.0,545.0,PIA
2024-05-25 14:59:00.623,0 days 01:11:55.940000,16,566.7808333333323,0 days 00:00:33.495000,10979.0,151.0,3,100.0,False,8,car,1455.0875,0.4403667619252101,OnTrack,-203.36839303142068,-846.5960883613459,545.1170386533756,PIA
2024-05-25 14:59:00.656,0 days 01:11:55.973000,16,566.4050007288879,0 days 00:00:33.528000,10863.500224,152.37499733333334,3,99.86250026666667,False,8,pos,1456.5334045536717,0.44080434956605874,OnTrack,-205.0,-861.0,545.0,PIA
2024-05-25 14:59:00.863,0 days 01:11:56.180000,16,564.0474999999988,0 days 00:00:33.735000,10139.0,161.0,4,99.0,False,8,car,1465.8208333333334,0.4436150911457305,OnTrack,-214.44443640603313,-948.7960310340702,543.0756278147177,PIA
2024-05-25 14:59:00.875,0 days 01:11:56.192000,16,563.8174999999987,0 days 00:00:33.747000,10158.371428571429,161.6,4,99.04285714285714,False,8,pos,1466.377831008642,0.4437836605703702,OnTrack,-215.0,-954.0,543.0,PIA
2024-05-25 14:59:01.135,0 days 01:11:56.452000,16,558.8341666666655,0 days 00:00:34.007000,10578.085714285715,174.6,4,99.97142857142858,False,8,pos,1479.0240960750186,0.4476109182423166,OnTrack,-229.0,-1082.0,543.0,PIA
2024-05-25 14:59:01.143,0 days 01:11:56.460000,16,558.6808333333322,0 days 00:00:34.015000,10591.0,175.0,4,100.0,False,8,car,1479.4319444444445,0.447734349215231,OnTrack,-229.5622164604179,-1086.9865400794072,543.0087787696302,PIA
2024-05-25 14:59:01.375,0 days 01:11:56.692000,16,551.9141666666658,0 days 00:00:34.247000,11143.933333333332,184.66666666666666,4,100.0,False,8,pos,1491.7602839714764,0.4514653901027609,OnTrack,-248.0,-1249.0,543.0,PIA
2024-05-25 14:59:01.623,0 days 01:11:56.940000,16,544.6808333333327,0 days 00:00:34.495000,11735.0,195.0,4,100.0,False,8,car,1505.4319444444443,0.4556029727928889,OnTrack,-261.0807054354564,-1371.4407985399348,542.4567160839841,PIA
2024-05-25 14:59:01.783,0 days 01:11:57.100000,16,539.6586111111103,0 days 00:00:34.655000,11824.0,198.0,4,100.0,False,8,car,1514.2319444444445,0.45826619923455786,OnTrack,-267.60213444222916,-1435.5986558366828,542.083384057157,PIA
2024-05-25 14:59:01.855,0 days 01:11:57.172000,16,537.1786111111104,0 days 00:00:34.727000,11502.52,200.52,4,100.0,False,8,pos,1518.275215560328,0.4594898522512234,OnTrack,-271.0,-1468.0,542.0,PIA
2024-05-25 14:59:01.983,0 days 01:11:57.300000,16,532.7697222222216,0 days 00:00:34.855000,10931.0,205.0,5,100.0,False,8,car,1525.6208333333332,0.4617129253743439,OnTrack,-277.7700019020368,-1531.0344113602944,541.9796327778103,PIA
2024-05-25 14:59:02.076,0 days 01:11:57.393000,16,529.2563913066659,0 days 00:00:34.948000,11059.262411733333,208.4874976,5,100.0,False,8,pos,1531.0818472887129,0.4633656431884677,OnTrack,-284.0,-1582.0,542.0,PIA
2024-05-25 14:59:02.223,0 days 01:11:57.540000,16,523.7030555555546,0 days 00:00:35.095000,11262.0,214.0,5,100.0,False,8,car,1539.8875,0.4660305803631101,OnTrack,-297.0624995408919,-1671.939275199661,542.0037421656805,PIA
2024-05-25 14:59:02.296,0 days 01:11:57.613000,16,520.7019470755545,0 days 00:00:35.168000,11375.51490048,216.18999808,5,100.0,False,8,pos,1544.314769713135,0.46737044647270337,OnTrack,-305.0,-1717.0,542.0,PIA
2024-05-25 14:59:02.423,0 days 01:11:57.740000,16,515.4808333333322,0 days 00:00:35.295000,11573.0,220.0,5,100.0,False,8,car,1552.1097222222224,0.4697295059765392,OnTrack,-321.09050216562355,-1792.1172652879623,541.9920417276538,PIA
2024-05-25 14:59:02.676,0 days 01:11:57.993000,16,504.4472250133322,0 days 00:00:35.548000,10704.1033448,225.5343736,5,99.2093752,False,8,pos,1568.017289048698,0.4745437619532305,OnTrack,-361.0,-1937.0,542.0,PIA
2024-05-25 14:59:02.743,0 days 01:11:58.060000,16,501.52527777777664,0 days 00:00:35.615000,10474.0,227.0,6,99.0,False,8,car,1572.2875000000001,0.4758360958983455,OnTrack,-373.4042033879959,-1977.8166697784427,542.0071217306762,PIA
2024-05-25 14:59:02.755,0 days 01:11:58.072000,16,500.99861111111,0 days 00:00:35.627000,10486.05,227.25,6,99.05,False,8,pos,1573.0542149439816,0.476068134024713,OnTrack,-376.0,-1986.0,542.0,PIA
2024-05-25 14:59:02.983,0 days 01:11:58.300000,16,490.9919444444438,0 days 00:00:35.855000,10715.0,232.0,6,100.0,False,8,car,1587.7541666666664,0.48051691812915737,OnTrack,-449.5701866135254,-2198.3461005939635,541.2608863343333,PIA
2024-05-25 14:59:03.075,0 days 01:11:58.392000,16,486.95416666666586,0 days 00:00:35.947000,10805.16,234.3,6,99.54,False,8,pos,1593.7835940006346,0.4823416602091512,OnTrack,-475.0,-2269.0,541.0,PIA
2024-05-25 14:59:03.183,0 days 01:11:58.500000,16,482.21416666666573,0 days 00:00:36.055000,10911.0,237.0,6,99.0,False,8,car,1600.9208333333331,0.484501669812715,OnTrack,-493.8401275017478,-2320.1129112799917,540.8862937248514,PIA
2024-05-25 14:59:03.396,0 days 01:11:58.713000,16,473.2800026844435,0 days 00:00:36.268000,11046.7874592,239.6624992,6,99.0,False,8,pos,1615.1220542949816,0.4887995183546518,OnTrack,-519.0,-2381.0,541.0,PIA
2024-05-25 14:59:03.503,0 days 01:11:58.820000,16,468.7919444444435,0 days 00:00:36.375000,11115.0,241.0,6,99.0,False,8,car,1622.3430555555553,0.4909848776151614,OnTrack,-543.3406083062713,-2438.7191431454116,541.0160125230002,PIA
2024-05-25 14:59:03.663,0 days 01:11:58.980000,16,461.85861111111035,0 days 00:00:36.535000,11340.0,246.0,6,100.0,False,8,car,1633.2763888888885,0.494293734709356,OnTrack,-588.5027999669749,-2548.212489576271,541.0004514876396,PIA
2024-05-25 14:59:03.696,0 days 01:11:59.013000,16,460.61194686222143,0 days 00:00:36.568000,11363.75995392,246.57749888,6,100.0,False,8,pos,1635.556231576714,0.49498370486038595,OnTrack,-597.0,-2570.0,541.0,PIA
2024-05-25 14:59:03.716,0 days 01:11:59.033000,16,459.85639130666584,0 days 00:00:36.588000,11378.15995392,246.92749888,6,100.0,False,8,pos,1636.9423410289814,0.49540319614951384,OnTrack,-602.0,-2583.0,541.0,PIA
2024-05-25 14:59:03.976,0 days 01:11:59.293000,16,450.03416908444336,0 days 00:00:36.848000,11565.35995392,251.47749888,6,100.0,False,8,pos,1655.221179932403,0.5009350924098089,OnTrack,-680.0,-2753.0,541.0,PIA
2024-05-25 14:59:04.063,0 days 01:11:59.380000,16,446.7474999999988,0 days 00:00:36.935000,11628.0,253.0,6,100.0,False,8,car,1661.3875,0.5028012636202428,OnTrack,-722.0893148697052,-2828.442453048558,541.1962196111149,PIA
2024-05-25 14:59:04.316,0 days 01:11:59.633000,16,438.52500207999896,0 days 00:00:37.188000,10835.47770048,255.52999936,6,100.0,False,8,pos,1679.3969118259809,0.5082516206399992,OnTrack,-855.0,-3047.0,542.0,PIA
2024-05-25 14:59:04.463,0 days 01:11:59.780000,16,433.74749999999904,0 days 00:00:37.335000,10375.0,257.0,7,100.0,False,8,car,1689.9430555555555,0.5114432989170723,OnTrack,-887.7460646088243,-3091.631920290035,542.0249977262175,PIA
2024-05-25 14:59:04.536,0 days 01:11:59.853000,16,431.53722415999925,0 days 00:00:37.408000,10376.8249984,258.3687488,7,100.0,False,8,pos,1695.2082029903834,0.5130367398111312,OnTrack,-908.0,-3114.0,542.0,PIA
2024-05-25 14:59:04.623,0 days 01:11:59.940000,16,428.90305555555506,0 days 00:00:37.495000,10379.0,260.0,7,100.0,False,8,car,1701.4986111111107,0.5149404649515869,OnTrack,-945.1951640062036,-3154.4837652972624,541.9929630326471,PIA
2024-05-25 14:59:04.756,0 days 01:12:00.073000,16,425.20861288888807,0 days 00:00:37.628000,10530.2874272,260.8312496,7,100.0,False,8,pos,1711.1332998003998,0.5178563010509689,OnTrack,-1017.0,-3229.0,542.0,PIA
2024-05-25 14:59:04.783,0 days 01:12:00.100000,16,424.45861111111026,0 days 00:00:37.655000,10561.0,261.0,7,100.0,False,8,car,1713.098611111111,0.5184510816246959,OnTrack,-1031.276402475183,-3242.6964097226714,541.9980332415383,PIA
2024-05-25 14:59:04.995,0 days 01:12:00.312000,16,418.8641666666659,0 days 00:00:37.867000,10597.4375,263.65,7,100.0,False,8,pos,1728.6724534455159,0.5231643394318969,OnTrack,-1145.0,-3337.0,542.0,PIA
2024-05-25 14:59:05.103,0 days 01:12:00.420000,16,416.0141666666659,0 days 00:00:37.975000,10616.0,265.0,7,100.0,False,8,car,1736.6541666666667,0.5255799200796681,OnTrack,-1213.2925983617613,-3383.5426782816794,542.0993587491471,PIA
2024-05-25 14:59:05.216,0 days 01:12:00.533000,16,413.50305697777696,0 days 00:00:38.088000,10642.052763022222,265.6277774222222,7,100.0,False,8,pos,1745.0163460919182,0.5281106447791352,OnTrack,-1288.0,-3429.0,542.0,PIA
2024-05-25 14:59:05.416,0 days 01:12:00.733000,16,409.0586125333324,0 days 00:00:38.288000,10688.163874133334,266.73888853333335,7,100.0,False,8,pos,1759.8552696217569,0.532601487223518,OnTrack,-1415.0,-3495.0,541.0,PIA
2024-05-25 14:59:05.463,0 days 01:12:00.780000,16,408.0141666666657,0 days 00:00:38.335000,10699.0,267.0,7,100.0,False,8,car,1763.3541666666667,0.5336603912151863,OnTrack,-1444.9350977943714,-3509.5708833913322,540.9372312759863,PIA
2024-05-25 14:59:05.596,0 days 01:12:00.913000,16,405.2802790933328,0 days 00:00:38.468000,10801.2437008,268.6624992,7,100.0,False,8,pos,1773.2848371667455,0.5366658030628351,OnTrack,-1538.0,-3554.0,541.0,PIA
2024-05-25 14:59:05.623,0 days 01:12:00.940000,16,404.72527777777736,0 days 00:00:38.495000,10822.0,269.0,7,100.0,False,8,car,1775.309722222222,0.5372786129970494,OnTrack,-1560.692193254211,-3564.8203863204485,540.9557089302491,PIA
2024-05-25 14:59:05.863,0 days 01:12:01.180000,16,399.79194444444374,0 days 00:00:38.735000,10916.0,272.0,7,100.0,False,8,car,1793.4430555555555,0.5427664735435186,OnTrack,-1788.0104019516023,-3673.642439327786,540.0195825764634,PIA
2024-05-25 14:59:05.875,0 days 01:12:01.192000,16,399.5819443966146,0 days 00:00:38.747000,10916.51245563273,272.0854092721217,7,100.0,False,8,pos,1794.353303008629,0.5430419502577785,OnTrack,-1797.0,-3678.0,540.0,PIA
2024-05-25 14:59:06.144,0 days 01:12:01.461000,16,394.8744444444442,0 days 00:00:39.016000,10928.0,274.0,7,100.0,False,8,car,1814.8302777777776,0.549239088968072,OnTrack,-1917.290874562244,-3738.4792861652654,540.6426193497634,PIA
2024-05-25 14:59:06.275,0 days 01:12:01.592000,16,392.90944348444424,0 days 00:00:39.147000,11004.780593066667,275.0916672,7,100.0,False,8,pos,1824.8731920224423,0.5522784701916861,OnTrack,-2001.0,-3781.0,541.0,PIA
2024-05-25 14:59:06.504,0 days 01:12:01.821000,16,389.4744444444443,0 days 00:00:39.376000,11139.0,277.0,7,100.0,False,8,car,1842.5302777777777,0.5576221994719616,OnTrack,-2243.7543955931533,-3902.4725504839917,541.0284040078599,PIA
2024-05-25 14:59:06.555,0 days 01:12:01.872000,16,388.76611022222204,0 days 00:00:39.427000,11134.324994133332,277.42500053333333,7,100.0,False,8,pos,1846.4754375224616,0.5588161601252172,OnTrack,-2285.0,-3923.0,541.0,PIA
2024-05-25 14:59:06.744,0 days 01:12:02.061000,16,386.1411111111106,0 days 00:00:39.616000,11117.0,279.0,7,100.0,False,8,car,1861.1302777777778,0.5632512917236708,OnTrack,-2353.761483166159,-3956.7117453949495,540.9068470980359,PIA
2024-05-25 14:59:06.855,0 days 01:12:02.172000,16,384.59944355555507,0 days 00:00:39.727000,11187.7625408,279.6937504,7,100.0,False,8,pos,1869.7566051365598,0.5658619579868981,OnTrack,-2389.0,-3973.0,541.0,PIA
2024-05-25 14:59:06.904,0 days 01:12:02.221000,16,383.91888888888843,0 days 00:00:39.776000,11219.0,280.0,7,100.0,False,8,car,1873.5747222222226,0.5670174705300713,OnTrack,-2412.6251465968994,-3983.888298671345,541.098725992812,PIA
2024-05-25 14:59:07.135,0 days 01:12:02.452000,16,380.90305515966566,0 days 00:00:40.007000,11258.464697663461,281.5785879065384,7,100.0,False,8,pos,1891.6856011100565,0.5724985354773374,OnTrack,-2596.0,-4064.0,542.0,PIA
2024-05-25 14:59:07.295,0 days 01:12:02.612000,16,378.8141665753073,0 days 00:00:40.167000,11285.799545614645,282.67198182458577,7,100.0,False,8,pos,1904.2977840220578,0.5763154785476109,OnTrack,-2779.0,-4136.0,543.0,PIA
2024-05-25 14:59:07.343,0 days 01:12:02.660000,16,378.1874999999998,0 days 00:00:40.215000,11294.0,283.0,7,100.0,False,8,car,1908.0850000000003,0.5774616391990617,OnTrack,-2816.530160433143,-4151.363375709613,543.3914362545795,PIA
2024-05-25 14:59:07.663,0 days 01:12:02.980000,16,370.8097222222227,0 days 00:00:40.535000,11204.0,284.0,7,100.0,False,8,car,1933.329444444444,0.5851016019206167,OnTrack,-2895.146236599135,-4184.88078766252,544.6516661862142,PIA
2024-05-25 14:59:07.776,0 days 01:12:03.093000,16,367.79639059555603,0 days 00:00:40.648000,11240.7249792,283.52916693333333,7,100.0,False,8,pos,1942.190182612086,0.5877832101229766,OnTrack,-3064.0,-4227.0,540.0,PIA
2024-05-25 14:59:07.855,0 days 01:12:03.172000,16,365.68972222222266,0 days 00:00:40.727000,11266.4,283.2,7,100.0,False,8,pos,1948.395939584995,0.5896613164935247,OnTrack,-3239.0,-4270.0,535.0,PIA
2024-05-25 14:59:07.903,0 days 01:12:03.220000,16,364.4097222222226,0 days 00:00:40.775000,11282.0,283.0,7,100.0,False,8,car,1952.196111111111,0.5908113980038916,OnTrack,-3320.6844211780776,-4289.839768369567,532.6057006099346,PIA
2024-05-25 14:59:08.183,0 days 01:12:03.500000,16,356.476388888889,0 days 00:00:41.055000,11203.0,281.0,7,0.0,True,8,car,1974.0516666666665,0.5974257495326324,OnTrack,-3403.4123536918773,-4303.15897783932,528.7246947273834,PIA
2024-05-25 14:59:08.255,0 days 01:12:03.572000,16,355.636388888889,0 days 00:00:41.127000,10950.8,269.6,7,0.0,True,8,pos,1979.0074314267706,0.5989255590494279,OnTrack,-3432.0,-4305.0,527.0,PIA
2024-05-25 14:59:08.515,0 days 01:12:03.832000,16,352.6030555555556,0 days 00:00:41.387000,10040.077777777778,228.43333333333334,7,0.0,True,8,pos,1994.786681528031,0.6037009813334486,OnTrack,-3658.0,-4333.0,516.0,PIA
2024-05-25 14:59:08.543,0 days 01:12:03.860000,16,352.27638888888896,0 days 00:00:41.415000,9942.0,224.0,7,0.0,True,8,car,1996.4516666666664,0.604204871384153,OnTrack,-3677.2880617870264,-4335.380067295266,515.0530185165827,PIA
2024-05-25 14:59:08.703,0 days 01:12:04.020000,16,351.1208333333336,0 days 00:00:41.575000,9798.0,211.0,7,0.0,True,8,car,2005.8294444444443,0.6070429561275477,OnTrack,-3745.167540558185,-4342.857174411026,511.50008300267615,PIA
2024-05-25 14:59:08.856,0 days 01:12:04.173000,16,352.01333296000035,0 days 00:00:41.728000,10270.3873024,193.3093824,7,0.0,True,8,pos,2013.7256823259586,0.6094326685725199,OnTrack,-3792.0,-4347.0,509.0,PIA
2024-05-25 14:59:09.023,0 days 01:12:04.340000,16,352.9875000000004,0 days 00:00:41.895000,10786.0,174.0,6,0.0,True,8,car,2021.296111111111,0.6117237783583597,OnTrack,-3861.4057286584093,-4353.572043877118,505.6720844510099,PIA
2024-05-25 14:59:09.096,0 days 01:12:04.413000,16,354.1838878400005,0 days 00:00:41.968000,10661.5959424,164.875008,6,0.0,True,8,pos,2024.3796555898978,0.612656980311765,OnTrack,-3899.0,-4358.0,504.0,PIA
2024-05-25 14:59:09.263,0 days 01:12:04.580000,16,356.92083333333403,0 days 00:00:42.135000,10377.0,144.0,4,0.0,True,8,car,2030.8961111111107,0.6146291162947256,OnTrack,-4001.257584482852,-4372.567832504521,499.7377616438584,PIA
2024-05-25 14:59:09.355,0 days 01:12:04.672000,16,359.22083333333387,0 days 00:00:42.227000,10380.614285714286,136.44285714285715,4,0.0,True,8,pos,2034.144846188617,0.6156123114265883,OnTrack,-4047.0,-4380.0,498.0,PIA
2024-05-25 14:59:09.543,0 days 01:12:04.860000,16,363.9208333333336,0 days 00:00:42.415000,10388.0,121.0,2,0.0,True,8,car,2040.3072222222218,0.6174772890170659,OnTrack,-4087.4231750610966,-4389.171455756542,497.05723121070963,PIA
2024-05-25 14:59:09.696,0 days 01:12:05.013000,16,368.1708315555557,0 days 00:00:42.568000,9834.14023168,117.1750016,2,0.0,True,8,pos,2045.2729683943132,0.6189801193020806,OnTrack,-4105.0,-4399.0,496.0,PIA
2024-05-25 14:59:09.743,0 days 01:12:05.060000,16,369.476388888889,0 days 00:00:42.615000,9664.0,116.0,2,0.0,True,8,car,2046.7516666666663,0.6194276316132376,OnTrack,-4113.268633732305,-4403.7034240210405,495.18857157301926,PIA
2024-05-25 14:59:09.895,0 days 01:12:05.212000,16,374.2897222222225,0 days 00:00:42.767000,8944.85,108.4,2,0.0,True,8,pos,2051.3192052719974,0.6208099486117672,OnTrack,-4146.0,-4427.0,492.0,PIA
2024-05-25 14:59:09.903,0 days 01:12:05.220000,16,374.54305555555584,0 days 00:00:42.775000,8907.0,108.0,2,0.0,True,8,car,2051.5516666666663,0.6208803005814206,OnTrack,-4147.741699910086,-4428.761095401828,491.8807347381079,PIA
2024-05-25 14:59:10.063,0 days 01:12:05.380000,16,379.9652777777778,0 days 00:00:42.935000,8549.0,101.0,2,0.0,True,8,car,2056.0405555555553,0.6222388150794437,OnTrack,-4181.976900398878,-4476.037510208774,490.8232748073429,PIA
2024-05-25 14:59:10.256,0 days 01:12:05.573000,16,387.57805303111104,0 days 00:00:43.128000,8438.0250368,95.10277973333334,2,0.0,True,8,pos,2061.015614069969,0.6237444636458569,OnTrack,-4215.0,-4535.0,491.0,PIA
2024-05-25 14:59:10.423,0 days 01:12:05.740000,16,394.16527777777765,0 days 00:00:43.295000,8342.0,90.0,2,0.0,True,8,car,2065.0405555555553,0.6249625693947868,OnTrack,-4229.7974744726325,-4560.291675442846,490.6002835973474,PIA
2024-05-25 14:59:10.623,0 days 01:12:05.940000,16,402.4986111111116,0 days 00:00:43.495000,7142.0,83.0,2,2.0,True,8,car,2069.651666666666,0.6263580731489441,OnTrack,-4248.21825113604,-4584.66278781705,490.01390878505384,PIA
2024-05-25 14:59:10.655,0 days 01:12:05.972000,16,403.903055555556,0 days 00:00:43.527000,7087.7,82.6,2,2.0,True,8,pos,2070.3736440844123,0.6265765719386294,OnTrack,-4254.0,-4592.0,490.0,PIA
2024-05-25 14:59:10.675,0 days 01:12:05.992000,16,404.78083333333376,0 days 00:00:43.547000,7053.7625,82.35,2,2.0,True,8,pos,2070.822916036104,0.6267125393183163,OnTrack,-4258.0,-4597.0,490.0,PIA
2024-05-25 14:59:10.943,0 days 01:12:06.260000,16,416.54305555555584,0 days 00:00:43.815000,6599.0,79.0,2,2.0,False,8,car,2076.6738888888885,0.6284832740468415,OnTrack,-4320.405810687573,-4637.3476449947275,489.06198072967595,PIA
2024-05-25 14:59:10.975,0 days 01:12:06.292000,16,418.04527777777804,0 days 00:00:43.847000,6588.9,78.4,2,2.7,False,8,pos,2077.346844358812,0.6286869368652013,OnTrack,-4328.0,-4640.0,489.0,PIA
2024-05-25 14:59:11.263,0 days 01:12:06.580000,16,431.56527777777774,0 days 00:00:44.135000,6498.0,73.0,2,9.0,False,8,car,2083.1627777777776,0.6304470672816075,OnTrack,-4392.46002876611,-4650.324734116931,489.6485577165628,PIA
2024-05-25 14:59:11.396,0 days 01:12:06.713000,16,438.178330151111,0 days 00:00:44.268000,6533.7437328,71.3375008,2,12.3249984,False,8,pos,2085.7255407225534,0.6312226602405002,OnTrack,-4416.0,-4651.0,490.0,PIA
2024-05-25 14:59:11.583,0 days 01:12:06.900000,16,447.4763888888888,0 days 00:00:44.455000,6584.0,69.0,2,17.0,False,8,car,2089.296111111111,0.632303255407619,OnTrack,-4439.868170316188,-4650.407642317625,490.08457399729684,PIA
2024-05-25 14:59:11.736,0 days 01:12:07.053000,16,454.9988857422217,0 days 00:00:44.608000,6620.064270628572,71.18571337142858,2,22.464283428571427,False,8,pos,2092.296297888189,0.6332112300388304,OnTrack,-4459.0,-4648.0,490.0,PIA
2024-05-25 14:59:11.863,0 days 01:12:07.180000,16,461.24305555555475,0 days 00:00:44.735000,6650.0,73.0,2,27.0,False,8,car,2094.9738888888887,0.6340215744880393,OnTrack,-4478.992888598517,-4644.352084231595,489.94093399075865,PIA
2024-05-25 14:59:12.755,0 days 01:12:08.072000,16,479.08305679525046,0 days 00:00:45.627000,10135.676680872213,103.9924017193417,2,78.3311653476597,False,8,pos,2120.8340078104566,0.6418478645444734,OnTrack,-4697.0,-4601.0,490.0,PIA
2024-05-25 14:59:12.784,0 days 01:12:08.101000,16,479.66305555555437,0 days 00:00:45.656000,10249.0,105.0,2,80.0,False,8,car,2121.836388888889,0.6421512245209178,OnTrack,-4704.84846669275,-4600.417646673412,490.02629071447444,PIA
2024-05-25 14:59:13.015,0 days 01:12:08.332000,16,481.5880560888877,0 days 00:00:45.887000,11101.133569422222,120.40000426666667,2,87.70000213333333,False,8,pos,2130.1129002464504,0.6446560226904893,OnTrack,-4780.0,-4601.0,490.0,PIA
2024-05-25 14:59:13.144,0 days 01:12:08.461000,16,482.66305555555437,0 days 00:00:46.016000,11577.0,129.0,2,92.0,False,8,car,2134.736388888889,0.6460552723729096,OnTrack,-4850.381639343404,-4609.016725959919,489.3396504766931,PIA
2024-05-25 14:59:13.215,0 days 01:12:08.532000,16,483.0772225955542,0 days 00:00:46.087000,11284.124736,129.0,2,95.1062528,False,8,pos,2137.234466781185,0.6468112890883766,OnTrack,-4888.0,-4614.0,489.0,PIA
2024-05-25 14:59:13.304,0 days 01:12:08.621000,16,483.5963888888873,0 days 00:00:46.176000,10917.0,129.0,2,99.0,False,8,car,2140.4697222222226,0.6477904047515728,OnTrack,-4926.806344856708,-4619.495707220676,488.76290500483316,PIA
2024-05-25 14:59:13.544,0 days 01:12:08.861000,16,483.1963888888872,0 days 00:00:46.416000,11261.0,150.0,3,100.0,False,8,car,2150.4697222222226,0.6508167984352874,OnTrack,-4996.839119927958,-4631.242328378487,488.9375192537864,PIA
2024-05-25 14:59:13.635,0 days 01:12:08.952000,16,482.8172221081745,0 days 00:00:46.507000,11514.540956763389,152.28930886468072,3,99.42767278382982,False,8,pos,2154.3280760503153,0.6519844882007749,OnTrack,-5026.0,-4636.0,489.0,PIA
2024-05-25 14:59:13.703,0 days 01:12:09.020000,16,482.5338888888873,0 days 00:00:46.575000,11704.0,154.0,3,99.0,False,8,car,2157.2713888888893,0.6528752505391606,OnTrack,-5050.369948250948,-4639.817666564219,489.0126829359177,PIA
2024-05-25 14:59:13.815,0 days 01:12:09.132000,16,481.6005555555541,0 days 00:00:46.687000,11292.4,160.0,3,99.4,False,8,pos,2162.3472749456773,0.6544114134893125,OnTrack,-5106.0,-4648.0,489.0,PIA
2024-05-25 14:59:13.983,0 days 01:12:09.300000,16,480.2005555555543,0 days 00:00:46.855000,10675.0,169.0,3,100.0,False,8,car,2170.4158333333335,0.656853276903421,OnTrack,-5247.473123219409,-4667.56135799829,488.9998301779662,PIA
2024-05-25 14:59:13.996,0 days 01:12:09.313000,16,480.0019454222209,0 days 00:00:46.868000,10703.66485888,169.58499712,3,99.96750016,False,8,pos,2171.057744978797,0.6570475446383542,OnTrack,-5258.0,-4669.0,489.0,PIA
2024-05-25 14:59:14.383,0 days 01:12:09.700000,16,474.0894444444425,0 days 00:00:47.255000,11557.0,187.0,3,99.0,False,8,car,2191.1936111111117,0.6631414504462504,OnTrack,-5465.392699849945,-4696.439164709524,488.9995693462385,PIA
2024-05-25 14:59:14.395,0 days 01:12:09.712000,16,473.85611111110916,0 days 00:00:47.267000,11535.46,187.42,3,99.03,False,8,pos,2191.842759185867,0.6633379082095741,OnTrack,-5470.0,-4697.0,489.0,PIA
2024-05-25 14:59:14.783,0 days 01:12:10.100000,16,466.31166666666513,0 days 00:00:47.655000,10839.0,201.0,5,100.0,False,8,car,2213.526944444445,0.6699003963398796,OnTrack,-5604.418703828507,-4712.216007771194,489.0145754067542,PIA
2024-05-25 14:59:14.856,0 days 01:12:10.173000,16,464.79083466666515,0 days 00:00:47.728000,10914.1291008,204.041664,5,99.6958336,False,8,pos,2217.753365687334,0.6711794777952993,OnTrack,-5642.0,-4717.0,489.0,PIA
2024-05-25 14:59:14.896,0 days 01:12:10.213000,16,463.9575013333318,0 days 00:00:47.768000,10955.295767466667,205.70833066666665,5,99.52916693333333,False,8,pos,2220.088717108555,0.6718862470743432,OnTrack,-5665.0,-4720.0,489.0,PIA
2024-05-25 14:59:15.023,0 days 01:12:10.340000,16,461.31166666666513,0 days 00:00:47.895000,11086.0,211.0,5,99.0,False,8,car,2227.5936111111114,0.6741575234549715,OnTrack,-5732.689363334053,-4728.325792847802,489.5479439274565,PIA
2024-05-25 14:59:15.116,0 days 01:12:10.433000,16,459.42583463110975,0 days 00:00:47.988000,11222.24490624,213.78999808,5,99.0,False,8,pos,2233.175663245395,0.6758468721871077,OnTrack,-5793.0,-4735.0,490.0,PIA
2024-05-25 14:59:15.223,0 days 01:12:10.540000,16,457.25611111110993,0 days 00:00:48.095000,11379.0,217.0,5,99.0,False,8,car,2239.6491666666666,0.6778060091736718,OnTrack,-5887.582660965588,-4744.870591577015,490.1530282226465,PIA
2024-05-25 14:59:15.383,0 days 01:12:10.700000,16,454.32277777777654,0 days 00:00:48.255000,11643.0,219.0,5,100.0,False,8,car,2249.3825,0.6807516990258208,OnTrack,-6038.546486927667,-4760.06332478872,490.0032941393794,PIA
2024-05-25 14:59:15.396,0 days 01:12:10.713000,16,454.0916678044432,0 days 00:00:48.268000,11658.9249216,219.4333312,5,100.0,False,8,pos,2250.184850777203,0.6809945219582458,OnTrack,-6048.0,-4761.0,490.0,PIA
2024-05-25 14:59:15.623,0 days 01:12:10.940000,16,450.0561111111101,0 days 00:00:48.495000,11937.0,227.0,5,100.0,False,8,car,2264.5158333333334,0.6853316414671755,OnTrack,-6142.545864770899,-4769.885612910639,490.1802454897147,PIA
2024-05-25 14:59:15.775,0 days 01:12:11.092000,16,447.60722222222114,0 days 00:00:48.647000,12127.0,229.53333333333333,5,100.0,False,8,pos,2274.3444266419824,0.6883061607380851,OnTrack,-6200.0,-4774.0,490.0,PIA
2024-05-25 14:59:15.863,0 days 01:12:11.180000,16,446.1894444444433,0 days 00:00:48.735000,12237.0,231.0,5,100.0,False,8,car,2279.9158333333335,0.6899922877400961,OnTrack,-6250.00443484716,-4777.3756483108755,489.63351022740596,PIA
2024-05-25 14:59:16.036,0 days 01:12:11.353000,16,445.08416707555455,0 days 00:00:48.908000,11759.808509866667,221.38889244444445,5,51.94446222222223,False,8,pos,2290.33200176336,0.6931446303746103,OnTrack,-6368.0,-4785.0,489.0,PIA
2024-05-25 14:59:16.223,0 days 01:12:11.540000,16,443.8894444444436,0 days 00:00:49.095000,11244.0,211.0,5,0.0,True,8,car,2301.0158333333334,0.696377978412734,OnTrack,-6486.119223076971,-4792.464808564343,489.8074611476705,PIA
2024-05-25 14:59:16.256,0 days 01:12:11.573000,16,443.6049182105387,0 days 00:00:49.128000,11277.235649828572,209.4678601142857,5,0.0,True,8,pos,2302.8652548471705,0.6969376861715342,OnTrack,-6505.0,-4794.0,490.0,PIA
2024-05-25 14:59:16.456,0 days 01:12:11.773000,16,441.8805134486331,0 days 00:00:49.328000,11478.664221257142,200.18214582857144,5,0.0,True,8,pos,2313.8654863185175,0.7002667892759626,OnTrack,-6607.0,-4807.0,491.0,PIA
2024-05-25 14:59:16.503,0 days 01:12:11.820000,10,441.4752777777758,0 days 00:00:49.375000,11526.0,198.0,5,0.0,True,8,car,2316.4158333333335,0.7010386246856545,OnTrack,-6629.539912265326,-4811.877655704013,491.1089213210792,PIA
2024-05-25 14:59:16.663,0 days 01:12:11.980000,10,436.9419444444429,0 days 00:00:49.535000,11288.0,193.0,4,1.0,False,8,car,2324.993611111111,0.7036345979343518,OnTrack,-6703.633280821015,-4835.639872238828,491.03374795684476,PIA
2024-05-25 14:59:16.675,0 days 01:12:11.992000,10,436.6419444444429,0 days 00:00:49.547000,11284.35,192.65,4,1.45,False,8,pos,2325.6258664609154,0.703825943294066,OnTrack,-6709.0,-4838.0,491.0,PIA
2024-05-25 14:59:16.856,0 days 01:12:12.173000,10,432.11694604444256,0 days 00:00:49.728000,11229.2958528,187.3708352,4,8.2374976,False,8,pos,2334.979668161938,0.7066567719327356,OnTrack,-6786.0,-4883.0,490.0,PIA
2024-05-25 14:59:16.903,0 days 01:12:12.220000,10,430.94194444444247,0 days 00:00:49.775000,11215.0,186.0,4,10.0,False,8,car,2337.393611111111,0.707387326102158,OnTrack,-6804.32445958613,-4896.874977657289,489.57942799526535,PIA
2024-05-25 14:59:17.056,0 days 01:12:12.373000,10,427.58444584888673,0 days 00:00:49.928000,11437.545361454546,186.34772712727272,4,40.5999872,False,8,pos,2345.267794680601,0.7097703640440695,OnTrack,-6863.0,-4952.0,488.0,PIA
2024-05-25 14:59:17.336,0 days 01:12:12.653000,10,421.440001404442,0 days 00:00:50.208000,11844.818088727272,186.98409076363637,4,96.5999872,False,8,pos,2359.8772067241484,0.7141917472772069,OnTrack,-6982.0,-5101.0,486.0,PIA
2024-05-25 14:59:17.343,0 days 01:12:12.660000,10,421.28638888888645,0 days 00:00:50.215000,11855.0,187.0,4,98.0,False,8,car,2360.249166666667,0.7143043169992703,OnTrack,-6984.166467870695,-5104.03836280785,485.9511128808305,PIA
2024-05-25 14:59:17.616,0 days 01:12:12.933000,10,415.0680570133314,0 days 00:00:50.488000,11880.593744,193.8249984,4,98.8531248,False,8,pos,2375.0050383707717,0.7187700246915709,OnTrack,-7038.0,-5194.0,484.0,PIA
2024-05-25 14:59:17.663,0 days 01:12:12.980000,10,413.9974999999981,0 days 00:00:50.535000,11885.0,195.0,4,99.0,False,8,car,2377.5825,0.7195500660510422,OnTrack,-7048.004275544054,-5212.73702702566,483.722006922563,PIA
2024-05-25 14:59:17.836,0 days 01:12:13.153000,10,410.1530569777756,0 days 00:00:50.708000,10921.39035648,199.3249984,4,99.86499968,False,8,pos,2387.169875707055,0.7224515833793653,OnTrack,-7091.0,-5303.0,483.0,PIA
2024-05-25 14:59:17.863,0 days 01:12:13.180000,10,409.5530555555533,0 days 00:00:50.735000,10771.0,200.0,5,100.0,False,8,car,2388.6936111111113,0.7229127256996141,OnTrack,-7098.05401825207,-5321.293619327072,482.95323833931036,PIA
2024-05-25 14:59:18.136,0 days 01:12:13.453000,10,402.803890471109,0 days 00:00:51.008000,11095.86992384,207.50749824,5,100.0,False,8,pos,2404.5900535601013,0.7277236150017298,OnTrack,-7163.0,-5530.0,483.0,PIA
2024-05-25 14:59:18.263,0 days 01:12:13.580000,10,399.66416666666464,0 days 00:00:51.135000,11247.0,211.0,5,100.0,False,8,car,2412.1380555555556,0.7300079375581006,OnTrack,-7176.064057745337,-5583.937127788918,482.6136903750494,PIA
2024-05-25 14:59:18.436,0 days 01:12:13.753000,10,394.6663907377757,0 days 00:00:51.308000,11459.78992128,215.3249984,5,100.0,False,8,pos,2422.4991075230073,0.733143599781194,OnTrack,-7185.0,-5642.0,482.0,PIA
2024-05-25 14:59:18.463,0 days 01:12:13.780000,10,393.8863888888868,0 days 00:00:51.335000,11493.0,216.0,5,100.0,False,8,car,2424.1380555555556,0.733639609978558,OnTrack,-7187.039430465841,-5655.099058360923,481.96200882210945,PIA
2024-05-25 14:59:18.656,0 days 01:12:13.973000,10,387.07778003555353,0 days 00:00:51.528000,11498.4281232,220.8249984,5,99.3968752,False,8,pos,2436.0725911066647,0.7372514702795525,OnTrack,-7204.0,-5770.0,482.0,PIA
2024-05-25 14:59:18.783,0 days 01:12:14.100000,10,382.59749999999804,0 days 00:00:51.655000,11502.0,224.0,5,99.0,False,8,car,2444.0491666666667,0.7396654960687987,OnTrack,-7211.456556652169,-5843.271429600396,482.00285240900513,PIA
2024-05-25 14:59:18.816,0 days 01:12:14.133000,10,381.31416915555366,0 days 00:00:51.688000,11342.61030912,224.65999872,5,99.16499968,False,8,pos,2446.1295142435874,0.7402950911454711,OnTrack,-7213.0,-5863.0,482.0,PIA
2024-05-25 14:59:18.983,0 days 01:12:14.300000,10,374.81972222222066,0 days 00:00:51.855000,10536.0,228.0,6,100.0,False,8,car,2456.715833333333,0.7434989280681705,OnTrack,-7219.111457854342,-5969.918328196142,481.99330528316005,PIA
2024-05-25 14:59:19.015,0 days 01:12:14.332000,10,373.4774994664441,0 days 00:00:51.887000,10550.708080380851,228.59627352895345,6,100.0,False,8,pos,2458.7590167142876,0.7441172757960496,OnTrack,-7220.0,-5990.0,482.0,PIA
2024-05-25 14:59:19.144,0 days 01:12:14.461000,10,368.06666666666524,0 days 00:00:52.016000,10610.0,231.0,6,100.0,False,8,car,2467.0466666666666,0.7466254449429214,OnTrack,-7222.527713160529,-6067.019339452479,482.0598392610618,PIA
2024-05-25 14:59:19.235,0 days 01:12:14.552000,10,363.9211081955541,0 days 00:00:52.107000,10683.052829155555,232.01111182222223,6,100.0,False,8,pos,2472.9431470936747,0.748409952054966,OnTrack,-7217.0,-6130.0,482.0,PIA
2024-05-25 14:59:19.504,0 days 01:12:14.821000,10,351.66666666666515,0 days 00:00:52.376000,10899.0,235.0,6,100.0,False,8,car,2490.5466666666666,0.7537374700996508,OnTrack,-7152.127458964012,-6364.109914286994,481.04210473736555,PIA
2024-05-25 14:59:19.515,0 days 01:12:14.832000,10,351.15333034666514,0 days 00:00:52.387000,10904.500032,235.11000064,6,99.94499968,False,8,pos,2491.2683061983553,0.753955866631713,OnTrack,-7149.0,-6371.0,481.0,PIA
2024-05-25 14:59:19.704,0 days 01:12:15.021000,10,342.33333333333167,0 days 00:00:52.576000,10999.0,237.0,6,99.0,False,8,car,2503.7133333333336,0.7577222217832085,OnTrack,-7095.45030250628,-6432.7912608200695,480.3637422358117,PIA
2024-05-25 14:59:19.915,0 days 01:12:15.232000,10,331.8419412622206,0 days 00:00:52.787000,11056.545472,240.3568192,6,99.4795456,False,8,pos,2517.883543688746,0.7620106852948613,OnTrack,-7023.0,-6511.0,480.0,PIA
2024-05-25 14:59:20.144,0 days 01:12:15.461000,10,320.45555555555393,0 days 00:00:53.016000,11119.0,244.0,6,100.0,False,8,car,2533.5355555555557,0.7667476002799751,OnTrack,-6926.170465454465,-6739.6424971943015,480.0164453395682,PIA
2024-05-25 14:59:20.155,0 days 01:12:15.472000,10,319.8749967257185,0 days 00:00:53.027000,11126.90533706423,244.15320420667112,6,100.0,False,8,pos,2534.291965591679,0.7669765197355373,OnTrack,-6923.0,-6748.0,480.0,PIA
2024-05-25 14:59:20.455,0 days 01:12:15.772000,10,304.04166621504,0 days 00:00:53.327000,11342.504184422653,248.33147644229948,6,100.0,False,8,pos,2555.04405031403,0.7732569175483007,OnTrack,-6891.0,-6855.0,479.0,PIA
2024-05-25 14:59:20.503,0 days 01:12:15.820000,10,301.5083333333314,0 days 00:00:53.375000,11377.0,249.0,6,100.0,False,8,car,2558.366388888889,0.7742623879961122,OnTrack,-6884.694731048321,-6877.688025513375,478.93329480330107,PIA
2024-05-25 14:59:20.715,0 days 01:12:16.032000,10,290.14277777777573,0 days 00:00:53.587000,11550.133333333333,249.0,6,100.0,False,8,pos,2573.026227488025,0.7786990322901823,OnTrack,-6844.0,-7028.0,479.0,PIA
2024-05-25 14:59:20.743,0 days 01:12:16.060000,10,288.6416666666646,0 days 00:00:53.615000,11573.0,249.0,6,100.0,False,8,car,2574.9663888888895,0.7792862015110786,OnTrack,-6838.259663278948,-7053.092294050471,479.0086985833101,PIA
2024-05-25 14:59:21.023,0 days 01:12:16.340000,10,273.7083333333312,0 days 00:00:53.895000,10536.0,247.0,6,0.0,True,8,car,2594.1775000000007,0.7851002400434592,OnTrack,-6786.429156664143,-7320.9048266732025,479.0007863617836,PIA
2024-05-25 14:59:21.035,0 days 01:12:16.352000,10,273.1383333333312,0 days 00:00:53.907000,10570.32,245.74,6,0.0,True,8,pos,2594.966637068285,0.7853390639873633,OnTrack,-6785.0,-7329.0,479.0,PIA
2024-05-25 14:59:21.223,0 days 01:12:16.540000,10,264.20833333333167,0 days 00:00:54.095000,11108.0,226.0,6,0.0,True,8,car,2606.733055555556,0.7889000454463453,OnTrack,-6773.417972731252,-7402.785012143303,478.99741171172326,PIA
2024-05-25 14:59:21.376,0 days 01:12:16.693000,10,258.38583576888703,0 days 00:00:54.248000,11540.2248192,205.60000853333332,6,0.0,True,8,pos,2615.170233293456,0.7914534675877811,OnTrack,-6768.0,-7455.0,479.0,PIA
2024-05-25 14:59:21.463,0 days 01:12:16.780000,10,255.074999999998,0 days 00:00:54.335000,11786.0,194.0,5,0.0,True,8,car,2619.6663888888893,0.7928141812772829,OnTrack,-6762.8190213250045,-7503.722473502713,479.00038162277275,PIA
2024-05-25 14:59:21.616,0 days 01:12:16.933000,10,250.2300020266646,0 days 00:00:54.488000,10953.789633828572,184.16428982857144,5,0.0,True,8,pos,2627.2556967531436,0.7951110046156975,OnTrack,-6753.0,-7600.0,479.0,PIA
2024-05-25 14:59:21.743,0 days 01:12:17.060000,10,246.2083333333312,0 days 00:00:54.615000,10263.0,176.0,4,0.0,True,8,car,2633.355277777778,0.7969569779643234,OnTrack,-6748.458533864389,-7657.27369510126,478.9999069764948,PIA
2024-05-25 14:59:21.903,0 days 01:12:17.220000,10,241.45277777777574,0 days 00:00:54.775000,9864.0,169.0,4,0.0,True,8,car,2640.866388888889,0.7992301358867578,OnTrack,-6746.1270812458615,-7717.3973938991185,478.99999361586833,PIA
2024-05-25 14:59:21.916,0 days 01:12:17.233000,10,241.14944593777574,0 days 00:00:54.788000,9907.6310352,168.5125024,4,0.0,True,8,pos,2641.4608077633134,0.7994100304394619,OnTrack,-6746.0,-7723.0,479.0,PIA
2024-05-25 14:59:22.115,0 days 01:12:17.432000,10,236.50611111110905,0 days 00:00:54.987000,10575.525,161.05,4,0.0,True,8,pos,2650.226055949662,0.8020627396141974,OnTrack,-6746.0,-7817.0,479.0,PIA
2024-05-25 14:59:22.223,0 days 01:12:17.540000,10,233.98611111110904,0 days 00:00:55.095000,10938.0,157.0,3,0.0,True,8,car,2654.821944444445,0.8034536364053642,OnTrack,-6749.227443419607,-7862.278876109802,478.99976405245127,PIA
2024-05-25 14:59:22.415,0 days 01:12:17.732000,10,230.30611111110875,0 days 00:00:55.287000,10716.4,150.6,3,0.0,True,8,pos,2662.809031127974,0.8058708432743954,OnTrack,-6768.0,-7929.0,479.0,PIA
2024-05-25 14:59:22.463,0 days 01:12:17.780000,10,229.38611111110868,0 days 00:00:55.335000,10661.0,149.0,3,0.0,False,8,car,2664.7552777777782,0.8064598541311873,OnTrack,-6777.2402932030545,-7943.477422637902,479.0005232791663,PIA
2024-05-25 14:59:22.675,0 days 01:12:17.992000,10,226.50055555555292,0 days 00:00:55.547000,10161.475,143.7,3,0.0,False,8,pos,2673.0905211743284,0.8089824269279416,OnTrack,-6834.0,-8003.0,479.0,PIA
2024-05-25 14:59:22.783,0 days 01:12:18.100000,10,225.03055555555284,0 days 00:00:55.655000,9907.0,141.0,3,0.0,False,8,car,2677.2886111111115,0.8102529342147763,OnTrack,-6865.06096669822,-8037.772463662252,478.99181155955245,PIA
2024-05-25 14:59:22.875,0 days 01:12:18.192000,10,224.0338888888862,0 days 00:00:55.747000,9803.5,140.61666666666667,3,1.9166666666666667,False,8,pos,2680.879496220198,0.8113396774160846,OnTrack,-6886.0,-8070.0,479.0,PIA
2024-05-25 14:59:23.023,0 days 01:12:18.340000,10,222.43055555555293,0 days 00:00:55.895000,9637.0,140.0,3,5.0,False,8,car,2686.621944444445,0.8130775683195767,OnTrack,-6899.505707282483,-8126.673635907816,479.059442734155,PIA
2024-05-25 14:59:23.096,0 days 01:12:18.413000,10,221.78166723555304,0 days 00:00:55.968000,9958.1997184,138.1750016,3,7.281248,False,8,pos,2689.398791877315,0.8139179516727245,OnTrack,-6900.0,-8160.0,479.0,PIA
2024-05-25 14:59:23.183,0 days 01:12:18.500000,10,221.00833333333094,0 days 00:00:56.055000,10341.0,136.0,3,10.0,False,8,car,2692.6663888888893,0.8149068551683997,OnTrack,-6896.912471052481,-8206.097479451215,478.7923419883655,PIA
2024-05-25 14:59:23.396,0 days 01:12:18.713000,10,218.99666727110858,0 days 00:00:56.268000,10295.357156571428,133.71785782857143,3,38.907134171428574,False,8,pos,2700.5345963906525,0.8172880845169489,OnTrack,-6881.0,-8320.0,478.0,PIA
2024-05-25 14:59:23.463,0 days 01:12:18.780000,10,218.36388888888632,0 days 00:00:56.335000,10281.0,133.0,3,48.0,False,8,car,2703.0108333333337,0.81803749130122,OnTrack,-6877.674003696048,-8342.44532455563,477.8342001746734,PIA
2024-05-25 14:59:23.663,0 days 01:12:18.980000,10,215.97499999999764,0 days 00:00:56.535000,10306.0,134.0,3,48.0,False,8,car,2710.455277777778,0.8202904732657631,OnTrack,-6872.777442319196,-8371.152747933307,477.5942385975176,PIA
2024-05-25 14:59:23.836,0 days 01:12:19.153000,10,213.42805649777512,0 days 00:00:56.708000,10664.10986752,135.72999936,3,76.54498944,False,8,pos,2716.954751630407,0.8222574699272694,OnTrack,-6854.0,-8430.0,477.0,PIA
2024-05-25 14:59:23.863,0 days 01:12:19.180000,10,213.03055555555284,0 days 00:00:56.735000,10720.0,136.0,3,81.0,False,8,car,2718.0108333333337,0.8225770818267919,OnTrack,-6849.0126996754925,-8445.30037360053,476.8466065686052,PIA
2024-05-25 14:59:24.015,0 days 01:12:19.332000,10,209.90611111110843,0 days 00:00:56.887000,10877.42857142857,144.14285714285714,3,90.77142857142857,False,8,pos,2724.2526645372814,0.8244661056798359,OnTrack,-6816.0,-8545.0,476.0,PIA
2024-05-25 14:59:24.143,0 days 01:12:19.460000,10,207.27499999999736,0 days 00:00:57.015000,11010.0,151.0,3,99.0,False,8,car,2729.7552777777782,0.8261314130753323,OnTrack,-6796.601056521796,-8599.446674585442,476.1951550931483,PIA
2024-05-25 14:59:24.383,0 days 01:12:19.700000,10,201.60833333333085,0 days 00:00:57.255000,12151.0,161.0,3,100.0,False,8,car,2740.488611111112,0.8293797422958528,OnTrack,-6771.281379541427,-8653.373402578714,477.8761994949208,PIA
2024-05-25 14:59:24.416,0 days 01:12:19.733000,10,200.63666855110864,0 days 00:00:57.288000,12024.04191288889,162.7416632888889,3,100.0,False,8,pos,2742.051391363227,0.8298527011242564,OnTrack,-6766.0,-8664.0,478.0,PIA
2024-05-25 14:59:24.736,0 days 01:12:20.053000,10,191.21444632888648,0 days 00:00:57.608000,10792.930801777778,179.6305521777778,3,100.0,False,8,pos,2758.1326779721435,0.8347195315461793,OnTrack,-6694.0,-8802.0,478.0,PIA
2024-05-25 14:59:24.743,0 days 01:12:20.060000,10,191.00833333333094,0 days 00:00:57.615000,10766.0,180.0,4,100.0,False,8,car,2758.488611111112,0.8348272509265391,OnTrack,-6692.319221393217,-8804.834117943796,478.0016214745497,PIA
2024-05-25 14:59:24.903,0 days 01:12:20.220000,10,186.25277777777546,0 days 00:00:57.775000,11443.0,183.0,4,99.0,False,8,car,2766.621944444445,0.8372887177892936,OnTrack,-6653.399515774407,-8865.018302060962,478.03153961505666,PIA
2024-05-25 14:59:24.916,0 days 01:12:20.233000,10,185.85555751110877,0 days 00:00:57.788000,11463.3936496,183.2437488,4,99.0,False,8,pos,2767.285577564874,0.8374895592976906,OnTrack,-6650.0,-8870.0,478.0,PIA
2024-05-25 14:59:25.063,0 days 01:12:20.380000,10,181.36388888888632,0 days 00:00:57.935000,11694.0,186.0,4,99.0,False,8,car,2774.888611111112,0.8397905365678311,OnTrack,-6607.848692419948,-8929.752747061486,477.2005993780433,PIA
2024-05-25 14:59:25.135,0 days 01:12:20.452000,10,179.00388888888648,0 days 00:00:58.007000,11847.9,190.5,4,99.0,False,8,pos,2778.759796474236,0.8409621096609758,OnTrack,-6583.0,-8962.0,477.0,PIA
2024-05-25 14:59:25.223,0 days 01:12:20.540000,10,176.11944444444225,0 days 00:00:58.095000,12036.0,196.0,4,99.0,False,8,car,2783.5997222222227,0.8424268617323113,OnTrack,-6547.871184561372,-9004.477377038525,477.21104871311786,PIA
2024-05-25 14:59:25.376,0 days 01:12:20.693000,10,171.0194465777755,0 days 00:00:58.248000,12298.832032914286,198.73214171428572,4,99.0,False,8,pos,2792.1713952662435,0.8450209874482404,OnTrack,-6476.0,-9080.0,478.0,PIA
2024-05-25 14:59:25.503,0 days 01:12:20.820000,10,166.78611111110877,0 days 00:00:58.375000,12517.0,201.0,4,99.0,False,8,car,2799.233055555556,0.8471581238578518,OnTrack,-6408.304140257036,-9135.249317473688,477.9612899049896,PIA
2024-05-25 14:59:25.744,0 days 01:12:21.061000,10,160.49333333333107,0 days 00:00:58.616000,11930.0,192.0,4,0.0,True,8,car,2812.0863888888894,0.8510480485393197,OnTrack,-6284.30383926206,-9215.376275079658,477.0209087528198,PIA
2024-05-25 14:59:25.755,0 days 01:12:21.072000,10,160.25805418666442,0 days 00:00:58.627000,11852.999552,191.312496,4,0.0,True,8,pos,2812.6580868868127,0.8512210668603105,OnTrack,-6280.0,-9218.0,477.0,PIA
2024-05-25 14:59:25.904,0 days 01:12:21.221000,10,157.07111111110908,0 days 00:00:58.776000,10810.0,182.0,4,0.0,True,8,car,2820.1752777777783,0.8534960647634801,OnTrack,-6234.531895727208,-9244.400111992763,476.95323253209637,PIA
2024-05-25 14:59:26.115,0 days 01:12:21.432000,10,154.9611104711093,0 days 00:00:58.987000,10370.667723885714,159.39285028571427,4,0.0,True,8,pos,2829.3303005345883,0.8562667350680273,OnTrack,-6183.0,-9271.0,478.0,PIA
2024-05-25 14:59:26.184,0 days 01:12:21.501000,10,154.27111111110935,0 days 00:00:59.056000,10227.0,152.0,3,0.0,True,8,car,2831.9975000000004,0.8570739346295604,OnTrack,-6160.108324004991,-9283.046882635323,478.7448724222565,PIA
2024-05-25 14:59:26.295,0 days 01:12:21.612000,10,154.7644447288869,0 days 00:00:59.167000,10416.625109333334,138.58749226666666,3,0.0,True,8,pos,2835.9963755915583,0.8582841518127854,OnTrack,-6121.0,-9304.0,480.0,PIA
2024-05-25 14:59:26.424,0 days 01:12:21.741000,10,155.3377777777755,0 days 00:00:59.296000,10637.0,123.0,3,0.0,True,8,car,2840.1975000000007,0.8595555774502064,OnTrack,-6081.289477237051,-9326.336885531791,480.77830496932955,PIA
2024-05-25 14:59:26.475,0 days 01:12:21.792000,10,156.2869456355533,0 days 00:00:59.347000,10316.20959744,119.30249536,3,0.0,True,8,pos,2841.728141872659,0.8600188099397504,OnTrack,-6067.0,-9335.0,481.0,PIA
2024-05-25 14:59:26.816,0 days 01:12:22.133000,10,162.6333333333314,0 days 00:00:59.688000,8171.32,94.58,3,0.0,True,8,pos,2850.453010874272,0.8626592987835225,OnTrack,-5989.0,-9394.0,482.0,PIA
2024-05-25 14:59:26.824,0 days 01:12:22.141000,10,162.7822222222203,0 days 00:00:59.696000,8121.0,94.0,2,0.0,True,8,car,2850.641944444445,0.8627164775198639,OnTrack,-5987.544014053197,-9395.384293318271,481.9997483533221,PIA
2024-05-25 14:59:26.915,0 days 01:12:22.232000,10,165.33527920113167,0 days 00:00:59.787000,7840.537429060602,91.09794826818066,2,0.0,True,8,pos,2852.7578834089354,0.8633568439515897,OnTrack,-5972.0,-9412.0,482.0,PIA
2024-05-25 14:59:27.195,0 days 01:12:22.512000,10,173.19083361145806,0 days 00:01:00.067000,6977.576279241727,82.16856460412725,2,0.0,True,8,pos,2858.938532662813,0.8652273517379088,OnTrack,-5934.0,-9485.0,484.0,PIA
2024-05-25 14:59:27.263,0 days 01:12:22.580000,10,175.09861111110877,0 days 00:01:00.135000,6768.0,80.0,2,0.0,True,8,car,2860.3975000000005,0.8656688926913099,OnTrack,-5929.7284252345735,-9497.820478703183,484.33060863681624,PIA
2024-05-25 14:59:27.423,0 days 01:12:22.740000,10,180.12083333333067,0 days 00:01:00.295000,6282.0,76.0,2,0.0,True,8,car,2863.7752777777782,0.8666911412244758,OnTrack,-5927.855754159541,-9517.697168879715,484.6631133819997,PIA
2024-05-25 14:59:27.515,0 days 01:12:22.832000,10,183.1874999999975,0 days 00:01:00.387000,6152.433333333333,74.85,2,0.0,True,8,pos,2865.6717426722753,0.867265086162285,OnTrack,-5929.0,-9531.0,485.0,PIA
2024-05-25 14:59:27.663,0 days 01:12:22.980000,10,188.12083333333112,0 days 00:01:00.535000,5944.0,73.0,2,0.0,False,8,car,2868.641944444445,0.8681639861505502,OnTrack,-5932.800457435527,-9559.349918405363,485.97305459201056,PIA
2024-05-25 14:59:27.855,0 days 01:12:23.172000,10,195.85416666666433,0 days 00:01:00.727000,5568.16,70.12,2,0.48000000000000004,False,8,pos,2872.329656939154,0.8692800331306844,OnTrack,-5940.0,-9599.0,487.0,PIA
2024-05-25 14:59:28.035,0 days 01:12:23.352000,10,203.1041666666642,0 days 00:01:00.907000,5215.81,67.42,2,0.93,False,8,pos,2875.5968532235447,0.870268815350538,OnTrack,-5951.0,-9631.0,487.0,PIA
2024-05-25 14:59:28.063,0 days 01:12:23.380000,10,204.23194444444198,0 days 00:01:00.935000,5161.0,67.0,2,1.0,False,8,car,2876.0863888888894,0.8704169681150933,OnTrack,-5954.804948155366,-9637.663719299988,487.19576413193676,PIA
2024-05-25 14:59:28.216,0 days 01:12:23.533000,10,210.94694163555337,0 days 00:01:01.088000,5503.974856533333,63.1750016,2,10.562496,False,8,pos,2878.6782623576187,0.8712013710645681,OnTrack,-5982.0,-9678.0,489.0,PIA
2024-05-25 14:59:28.303,0 days 01:12:23.620000,10,214.76527777777574,0 days 00:01:01.175000,5699.0,61.0,2,16.0,False,8,car,2880.153055555556,0.8716477015464705,OnTrack,-5992.7938903184095,-9692.571278723886,489.6158747748187,PIA
2024-05-25 14:59:28.615,0 days 01:12:23.932000,10,228.8052777777754,0 days 00:01:01.487000,6666.98,64.12,2,35.5,False,8,pos,2885.716684349879,0.8733314746506377,OnTrack,-6015.0,-9708.0,490.0,PIA
2024-05-25 14:59:28.703,0 days 01:12:24.020000,10,232.76527777777528,0 days 00:01:01.575000,6940.0,65.0,2,41.0,False,8,car,2887.375277777778,0.8738334303180422,OnTrack,-6027.561113345735,-9714.767780297614,490.4335141532936,PIA
2024-05-25 14:59:28.855,0 days 01:12:24.172000,10,239.90083333333104,0 days 00:01:01.727000,7160.02,68.04,2,44.8,False,8,pos,2890.339442616629,0.8747305032926208,OnTrack,-6055.0,-9728.0,492.0,PIA
2024-05-25 14:59:29.016,0 days 01:12:24.333000,10,247.45888588444234,0 days 00:01:01.888000,7393.06740736,71.25999872,2,48.8249984,False,8,pos,2893.629275534736,0.8757261362490042,OnTrack,-6086.0,-9738.0,495.0,PIA
2024-05-25 14:59:29.103,0 days 01:12:24.420000,10,251.54305555555356,0 days 00:01:01.975000,7519.0,73.0,2,51.0,False,8,car,2895.486388888889,0.8762881718614995,OnTrack,-6102.718961059893,-9742.9382800008,496.12253586805605,PIA
2024-05-25 14:59:29.316,0 days 01:12:24.633000,10,261.4238859199975,0 days 00:01:02.188000,8179.2998016,80.9874976,2,68.74999466666667,False,8,pos,2900.302134507838,0.8777456060738558,OnTrack,-6150.0,-9754.0,498.0,PIA
2024-05-25 14:59:29.343,0 days 01:12:24.660000,10,262.6763888888863,0 days 00:01:02.215000,8263.0,82.0,2,71.0,False,8,car,2900.9530555555557,0.8779426004085968,OnTrack,-6157.7816210836945,-9755.20396223784,498.369761752718,PIA
2024-05-25 14:59:29.543,0 days 01:12:24.860000,10,271.6208333333311,0 days 00:01:02.415000,8963.0,92.0,2,77.0,False,8,car,2906.0641666666666,0.8794894238469398,OnTrack,-6222.280455159366,-9762.614201657347,501.79451220333084,PIA
2024-05-25 14:59:29.556,0 days 01:12:24.873000,10,272.1877749866644,0 days 00:01:02.428000,9012.2372576,92.4874976,2,77.0812496,False,8,pos,2906.4081982142593,0.879593541337203,OnTrack,-6226.0,-9763.0,502.0,PIA
2024-05-25 14:59:29.703,0 days 01:12:25.020000,10,278.5986111111083,0 days 00:01:02.575000,9569.0,98.0,2,78.0,False,8,car,2910.4197222222224,0.8808075864291801,OnTrack,-6261.222432126384,-9766.535907718935,503.99159290670826,PIA
2024-05-25 14:59:29.863,0 days 01:12:25.180000,10,285.2652777777748,0 days 00:01:02.735000,10628.0,109.0,2,91.0,False,8,car,2915.264166666667,0.8822737060359573,OnTrack,-6296.716622290954,-9769.39072101258,505.6736833866931,PIA
2024-05-25 14:59:29.896,0 days 01:12:25.213000,10,286.5302753244415,0 days 00:01:02.768000,10586.0282064,110.546872,2,81.6156432,False,8,pos,2916.343051169153,0.8826002189603356,OnTrack,-6306.0,-9770.0,506.0,PIA
2024-05-25 14:59:30.076,0 days 01:12:25.393000,10,293.43027532444165,0 days 00:01:02.948000,10357.0907064,118.984372,2,30.428143200000004,False,8,pos,2922.661906912079,0.884512553471205,OnTrack,-6366.0,-9773.0,508.0,PIA
2024-05-25 14:59:30.183,0 days 01:12:25.500000,10,297.5319444444417,0 days 00:01:03.055000,10221.0,124.0,2,0.0,True,8,car,2926.286388888889,0.8856094644073407,OnTrack,-6402.333625871919,-9773.394464131155,510.1681073167043,PIA
2024-05-25 14:59:30.275,0 days 01:12:25.592000,10,301.74861111110835,0 days 00:01:03.147000,9893.888888888889,119.14444444444445,2,0.0,True,8,pos,2929.179033236979,0.8864848924657699,OnTrack,-6433.0,-9773.0,512.0,PIA
2024-05-25 14:59:30.436,0 days 01:12:25.753000,10,309.1277748444417,0 days 00:01:03.308000,9321.444672,110.6472256,2,0.0,True,8,pos,2933.802593964028,0.8878841639638307,OnTrack,-6485.0,-9771.0,514.0,PIA
2024-05-25 14:59:30.543,0 days 01:12:25.860000,10,314.0319444444417,0 days 00:01:03.415000,8941.0,105.0,2,0.0,True,8,car,2936.786388888889,0.888787177775241,OnTrack,-6516.961508724835,-9768.182584885086,515.3753034343015,PIA
2024-05-25 14:59:30.676,0 days 01:12:25.993000,10,320.3494414044413,0 days 00:01:03.548000,8515.4002048,100.0125024,2,0.0,True,8,pos,2940.453495671461,0.8898969886556694,OnTrack,-6553.0,-9764.0,517.0,PIA
2024-05-25 14:59:30.703,0 days 01:12:26.020000,10,321.63194444444116,0 days 00:01:03.575000,8429.0,99.0,2,0.0,True,8,car,2941.1863888888893,0.8901187909960755,OnTrack,-6559.743259685081,-9763.239418721527,517.2611094902397,PIA
2024-05-25 14:59:30.863,0 days 01:12:26.180000,10,329.58749999999645,0 days 00:01:03.735000,8117.0,95.0,2,0.0,True,8,car,2945.4086111111114,0.8913966016625328,OnTrack,-6595.850496819141,-9759.287028984234,518.3409269426979,PIA
2024-05-25 14:59:31.016,0 days 01:12:26.333000,10,337.7474965866633,0 days 00:01:03.888000,7805.7407552,90.6968768,2,0.0,True,8,pos,2949.151076997666,0.8925292191745914,OnTrack,-6636.0,-9749.0,520.0,PIA
2024-05-25 14:59:31.183,0 days 01:12:26.500000,10,346.6541666666635,0 days 00:01:04.055000,7466.0,86.0,2,0.0,False,8,car,2953.053055555556,0.8937101115007502,OnTrack,-6691.21014383224,-9725.9947487189,522.8958902446209,PIA
2024-05-25 14:59:31.196,0 days 01:12:26.513000,10,347.3583298666635,0 days 00:01:04.068000,7465.9187504,85.8375008,2,0.6499967999999999,False,8,pos,2953.356779898653,0.893802030444104,OnTrack,-6695.0,-9724.0,523.0,PIA
2024-05-25 14:59:31.343,0 days 01:12:26.660000,10,355.32083333333003,0 days 00:01:04.215000,7465.0,84.0,2,8.0,False,8,car,2956.786388888889,0.8948399651426703,OnTrack,-6728.349730983064,-9700.756851371152,522.2198469318828,PIA
2024-05-25 14:59:31.616,0 days 01:12:26.933000,10,370.33582981333035,0 days 00:01:04.488000,7999.0561248,84.0,2,28.4749952,False,8,pos,2963.1282444624576,0.8967592603077578,OnTrack,-6759.0,-9656.0,516.0,PIA
2024-05-25 14:59:31.663,0 days 01:12:26.980000,10,372.9208333333304,0 days 00:01:04.535000,8091.0,84.0,2,32.0,False,8,car,2964.253055555556,0.8970996724265105,OnTrack,-6763.098936258453,-9648.427656081316,515.2308130462006,PIA
2024-05-25 14:59:31.903,0 days 01:12:27.220000,10,385.85416666666333,0 days 00:01:04.775000,8291.0,90.0,2,39.0,False,8,car,2970.253055555556,0.8989155086367393,OnTrack,-6780.135102328182,-9609.28428818716,512.8834413087329,PIA
2024-05-25 14:59:32.036,0 days 01:12:27.353000,10,392.467219039997,0 days 00:01:04.908000,8615.187344,94.156248,2,52.715618400000004,False,8,pos,2973.8080132447994,0.8999913787863992,OnTrack,-6789.0,-9581.0,512.0,PIA
2024-05-25 14:59:32.195,0 days 01:12:27.512000,10,400.373055555553,0 days 00:01:05.067000,9002.75,99.125,2,69.1125,False,8,pos,2978.314098704158,0.9013550976436473,OnTrack,-6800.0,-9538.0,511.0,PIA
2024-05-25 14:59:32.223,0 days 01:12:27.540000,10,401.7652777777753,0 days 00:01:05.095000,9071.0,100.0,2,72.0,False,8,car,2979.1419444444446,0.9016056363555967,OnTrack,-6801.948954534623,-9529.281598969532,510.82481182632483,PIA
2024-05-25 14:59:32.424,0 days 01:12:27.741000,10,409.47027777777475,0 days 00:01:05.296000,9631.0,112.0,2,82.0,False,8,car,2985.395277777778,0.903498141205813,OnTrack,-6815.957057512982,-9458.827954762266,509.5315826103596,PIA
2024-05-25 14:59:32.496,0 days 01:12:27.813000,10,411.4502777777747,0 days 00:01:05.368000,10135.0,115.0,2,85.0,False,8,pos,2987.775940909128,0.9042186235921901,OnTrack,-6821.0,-9435.0,509.0,PIA
2024-05-25 14:59:32.664,0 days 01:12:27.981000,10,416.07027777777466,0 days 00:01:05.536000,11311.0,122.0,2,92.0,False,8,car,2993.5286111111113,0.9059596080685675,OnTrack,-6832.8982504774385,-9386.450062433365,507.59721567512815,PIA
2024-05-25 14:59:32.755,0 days 01:12:28.072000,10,417.89027905777493,0 days 00:01:05.627000,11325.7875104,124.2750016,2,94.65416853333333,False,8,pos,2996.667732327392,0.9069096297307041,OnTrack,-6840.0,-9361.0,507.0,PIA
2024-05-25 14:59:32.904,0 days 01:12:28.221000,10,420.8702777777753,0 days 00:01:05.776000,11350.0,128.0,2,99.0,False,14,car,3002.0619444444446,0.9085421306786706,OnTrack,-6853.418289851465,-9317.044824907167,506.5169844634277,PIA
2024-05-25 14:59:33.015,0 days 01:12:28.332000,10,420.96277783110867,0 days 00:01:05.887000,11374.66668088889,136.63333831111112,2,99.0,False,14,pos,3006.5532497568197,0.9099013764815714,OnTrack,-6874.0,-9271.0,506.0,PIA
2024-05-25 14:59:33.235,0 days 01:12:28.552000,10,421.1461111644421,0 days 00:01:06.107000,11423.555569777778,153.74444942222223,2,99.0,False,14,pos,3016.3452429154777,0.9128648191062052,OnTrack,-6947.0,-9143.0,504.0,PIA
2024-05-25 14:59:33.264,0 days 01:12:28.581000,10,421.1702777777755,0 days 00:01:06.136000,11430.0,156.0,3,99.0,False,12,car,3017.6619444444445,0.9132633048252654,OnTrack,-6955.180053475377,-9129.651437257351,503.8326374710461,PIA
2024-05-25 14:59:33.424,0 days 01:12:28.741000,10,420.1924999999974,0 days 00:01:06.296000,10310.0,166.0,3,99.0,False,12,car,3025.0397222222227,0.9154961108319172,OnTrack,-6987.273072610914,-9081.57870586222,503.60367375939387,PIA
2024-05-25 14:59:33.636,0 days 01:12:28.953000,10,417.248055555553,0 days 00:01:06.508000,10983.7625,175.275,3,99.0,False,12,pos,3035.4610384996636,0.9186500114077211,OnTrack,-7024.0,-9033.0,504.0,PIA
2024-05-25 14:59:33.744,0 days 01:12:29.061000,10,415.74805555555304,0 days 00:01:06.616000,11327.0,180.0,4,99.0,False,12,car,3041.0397222222223,0.9203383407258604,OnTrack,-7052.011112059837,-8993.224311277027,504.0420087992451,PIA
2024-05-25 14:59:33.955,0 days 01:12:29.272000,10,411.2349993550075,0 days 00:01:06.827000,10934.613979009288,188.9899762221592,4,99.52882213071524,False,12,pos,3052.4160796190995,0.9237812743428191,OnTrack,-7115.0,-8897.0,504.0,PIA
2024-05-25 14:59:34.136,0 days 01:12:29.453000,10,407.363612455982,0 days 00:01:07.008000,10598.017660789148,196.70175170698718,4,99.98245598276395,False,12,pos,3062.482265441923,0.9268276984621483,OnTrack,-7162.0,-8812.0,504.0,PIA
2024-05-25 14:59:34.143,0 days 01:12:29.460000,10,407.2138888888867,0 days 00:01:07.015000,10585.0,197.0,4,100.0,False,12,car,3062.873888888889,0.9269462191347776,OnTrack,-7163.734633898446,-8808.590802338404,503.98573916201417,PIA
2024-05-25 14:59:34.383,0 days 01:12:29.700000,10,401.34722222222035,0 days 00:01:07.255000,11020.0,204.0,5,100.0,False,12,car,3076.4738888888887,0.9310621145446295,OnTrack,-7220.339078991512,-8685.3943362619,503.0237911034292,PIA
2024-05-25 14:59:34.395,0 days 01:12:29.712000,10,401.00388888888705,0 days 00:01:07.267000,11040.614285714286,204.47142857142856,5,100.0,False,12,pos,3077.170185680561,0.9312728413658605,OnTrack,-7223.0,-8679.0,503.0,PIA
2024-05-25 14:59:34.555,0 days 01:12:29.872000,10,396.4261111111093,0 days 00:01:07.427000,11315.471428571429,210.75714285714287,5,100.0,False,12,pos,3086.6329007349455,0.9341366314729984,OnTrack,-7257.0,-8592.0,503.0,PIA
2024-05-25 14:59:34.663,0 days 01:12:29.980000,10,393.3361111111094,0 days 00:01:07.535000,11501.0,215.0,5,100.0,False,12,car,3093.196111111111,0.93612291731573,OnTrack,-7278.846904175188,-8531.475351321333,503.0128944389765,PIA
2024-05-25 14:59:34.776,0 days 01:12:30.093000,10,389.9775019022206,0 days 00:01:07.648000,11624.986040888889,218.76666453333334,5,100.0,False,12,pos,3100.2080316314677,0.9382450005130819,OnTrack,-7301.0,-8466.0,503.0,PIA
2024-05-25 14:59:34.935,0 days 01:12:30.252000,10,385.2516666666651,0 days 00:01:07.807000,11799.444444444445,224.06666666666666,5,100.0,False,12,pos,3110.284835467045,0.9412946380610842,OnTrack,-7331.0,-8371.0,503.0,PIA
2024-05-25 14:59:35.023,0 days 01:12:30.340000,10,382.6361111111096,0 days 00:01:07.895000,11896.0,227.0,5,100.0,False,12,car,3115.8961111111107,0.9429928309777622,OnTrack,-7346.59659147612,-8321.151065082007,503.0303317593714,PIA
2024-05-25 14:59:35.075,0 days 01:12:30.392000,10,381.090555555554,0 days 00:01:07.947000,11682.614285714286,227.92857142857142,5,100.0,False,12,pos,3119.2193398606687,0.9439985708274823,OnTrack,-7357.0,-8287.0,503.0,PIA
2024-05-25 14:59:35.303,0 days 01:12:30.620000,10,374.31388888888705,0 days 00:01:08.175000,10747.0,232.0,6,100.0,False,12,car,3133.9405555555554,0.9484537902470429,OnTrack,-7419.183421638244,-8071.937557092704,502.21173478634364,PIA
2024-05-25 14:59:35.375,0 days 01:12:30.692000,10,372.3538888888868,0 days 00:01:08.247000,10833.1,234.4,6,100.0,False,12,pos,3138.69420261404,0.9498924309902833,OnTrack,-7438.0,-8005.0,502.0,PIA
2024-05-25 14:59:35.543,0 days 01:12:30.860000,10,367.78055555555284,0 days 00:01:08.415000,11034.0,240.0,6,100.0,False,12,car,3149.940555555556,0.9532960201409864,OnTrack,-7473.520693752394,-7875.249139673935,501.8514894862104,PIA
2024-05-25 14:59:35.703,0 days 01:12:31.020000,10,363.5138888888864,0 days 00:01:08.575000,11180.0,243.0,6,100.0,False,12,car,3160.7405555555556,0.9565645253193981,OnTrack,-7497.910595325705,-7783.030072958407,501.9793511348047,PIA
2024-05-25 14:59:35.776,0 days 01:12:31.093000,10,361.7497237688864,0 days 00:01:08.648000,11266.81778102857,244.56428434285715,6,100.0,False,12,pos,3165.734256178271,0.9580758157216928,OnTrack,-7507.0,-7749.0,502.0,PIA
2024-05-25 14:59:35.983,0 days 01:12:31.300000,10,356.74722222221953,0 days 00:01:08.855000,11513.0,249.0,6,100.0,False,12,car,3180.1072222222224,0.9624256410868588,OnTrack,-7526.211934427218,-7678.39183147977,501.91848127543426,PIA
2024-05-25 14:59:36.136,0 days 01:12:31.453000,10,353.5172235733307,0 days 00:01:09.008000,11104.575170844444,251.54999893333334,6,100.0,False,12,pos,3190.854676866338,0.965678243971955,OnTrack,-7544.0,-7600.0,502.0,PIA
2024-05-25 14:59:36.343,0 days 01:12:31.660000,10,349.1472222222196,0 days 00:01:09.215000,10552.0,255.0,6,100.0,False,12,car,3205.6072222222224,0.970142944980331,OnTrack,-7582.762982670722,-7407.281454136331,502.581862617337,PIA
2024-05-25 14:59:36.476,0 days 01:12:31.793000,10,346.3394457955534,0 days 00:01:09.348000,10556.9874976,258.3249984,6,100.0,False,12,pos,3215.256851356363,0.9730633026465063,OnTrack,-7605.0,-7285.0,503.0,PIA
2024-05-25 14:59:36.663,0 days 01:12:31.980000,10,342.39166666666506,0 days 00:01:09.535000,10564.0,263.0,7,100.0,False,12,car,3228.9849999999997,0.977217980880926,OnTrack,-7621.707640868611,-7166.62217445889,503.4163326976235,PIA
2024-05-25 14:59:36.823,0 days 01:12:32.140000,10,339.28055555555375,0 days 00:01:09.695000,10643.0,266.0,7,100.0,False,12,car,3240.8072222222218,0.9807958507470064,OnTrack,-7627.751216015457,-7089.333664246083,503.39328127676924,PIA
2024-05-25 14:59:36.916,0 days 01:12:32.233000,10,337.5755567288867,0 days 00:01:09.788000,10717.3999488,267.1624992,7,100.0,False,12,pos,3247.732624409012,0.9828917500905349,OnTrack,-7633.0,-7029.0,503.0,PIA
2024-05-25 14:59:37.063,0 days 01:12:32.380000,10,334.88055555555275,0 days 00:01:09.935000,10835.0,269.0,7,100.0,False,12,car,3258.7405555555556,0.9862231834198014,OnTrack,-7643.285084530352,-6911.978931879132,502.036585997765,PIA
2024-05-25 14:59:37.075,0 days 01:12:32.392000,10,334.68055555555276,0 days 00:01:09.947000,10838.514285714286,269.0857142857143,7,100.0,False,12,pos,3259.6405104609767,0.9864955452039409,OnTrack,-7644.0,-6902.0,502.0,PIA
2024-05-25 14:59:37.176,0 days 01:12:32.493000,10,332.99722328888595,0 days 00:01:10.048000,10868.0928384,269.8071424,7,100.0,False,12,pos,3267.222538714592,0.9887901654455894,OnTrack,-7649.0,-6818.0,502.0,PIA
2024-05-25 14:59:37.343,0 days 01:12:32.660000,10,330.2138888888858,0 days 00:01:10.215000,10917.0,271.0,7,100.0,False,12,car,3279.8183333333336,0.9926021487731422,OnTrack,-7657.394769872722,-6684.948406020689,501.98424749225137,PIA
2024-05-25 14:59:37.375,0 days 01:12:32.692000,10,329.6805555555525,0 days 00:01:10.247000,10932.2,271.6,7,100.0,False,12,pos,3282.2455962780414,0.9933367340975999,OnTrack,-7659.0,-6660.0,502.0,PIA
2024-05-25 14:59:37.503,0 days 01:12:32.820000,10,327.54722222221926,0 days 00:01:10.375000,10993.0,274.0,7,100.0,False,12,car,3291.996111111111,0.9962876237479769,OnTrack,-7665.242881109445,-6561.310360873309,502.19699680288346,PIA
2024-05-25 14:59:37.552,0 days 01:12:32.869000,10,327.54722222221926,0 days 00:01:10.424000,10960.2312928,274.6124992,7,100.0,False,12,interpolation,3295.743743142921,0.9974218047389725,OnTrack,-7667.557242166019,-6523.997942855529,502.3291914431809,PIA
